Filename_Current,Filename_Compared,ROI_ID,Value_Current,Value_Compared,Reason
2025-12-16 17.16.01.png,2025-12-16 17.15.58.png,ROI_52,17:05:41,17:05:36,Redundant Row Value Mismatch
2025-12-16 17.20.27.png,2025-12-16 17.20.21.png,ROI_52,17:10:06,17:10:01,Redundant Row Value Mismatch
2025-12-16 17.22.18.png,2025-12-16 17.22.15.png,ROI_52,17:11:59,17:11:54,Redundant Row Value Mismatch
2025-12-16 17.22.30.png,2025-12-16 17.22.24.png,ROI_52,17:12:09,17:12:04,Redundant Row Value Mismatch
2025-12-16 17.24.01.png,2025-12-16 17.23.58.png,ROI_52,17:13:41,17:13:36,Redundant Row Value Mismatch
2025-12-16 17.24.07.png,2025-12-16 17.24.01.png,ROI_52,17:13:47,17:13:41,Redundant Row Value Mismatch
2025-12-16 17.33.47.png,2025-12-16 17.33.40.png,ROI_52,17:23:25,17:23:21,Redundant Row Value Mismatch
2025-12-16 17.34.59.png,2025-12-16 17.34.56.png,ROI_52,17:24:41,17:24:36,Redundant Row Value Mismatch
2025-12-16 17.45.23.png,2025-12-16 17.45.17.png,ROI_52,17:35:02,17:34:57,Redundant Row Value Mismatch
2025-12-16 17.59.32.png,2025-12-16 17.59.25.png,ROI_52,17:49:10,17:49:05,Redundant Row Value Mismatch
2025-12-16 18.03.53.png,2025-12-16 18.03.38.png,ROI_52,17:53:22,17:53:17,Redundant Row Value Mismatch
2025-12-16 18.07.38.png,2025-12-16 18.07.32.png,ROI_52,17:57:18,17:57:13,Redundant Row Value Mismatch
2025-12-16 18.08.24.png,2025-12-16 18.08.17.png,ROI_52,17:58:03,17:57:58,Redundant Row Value Mismatch
2025-12-16 18.08.50.png,2025-12-16 18.08.43.png,ROI_52,17:58:28,17:58:23,Redundant Row Value Mismatch
2025-12-16 18.11.51.png,2025-12-16 18.11.48.png,ROI_52,18:01:31,18:01:26,Redundant Row Value Mismatch
2025-12-16 18.20.48.png,2025-12-16 18.20.44.png,ROI_52,18:10:29,18:10:23,Redundant Row Value Mismatch
2025-12-16 18.20.54.png,2025-12-16 18.20.48.png,ROI_52,18:10:34,18:10:29,Redundant Row Value Mismatch
2025-12-16 18.21.11.png,2025-12-16 18.21.06.png,ROI_52,18:10:49,18:10:43,Redundant Row Value Mismatch
2025-12-16 18.21.17.png,2025-12-16 18.21.11.png,ROI_52,18:10:55,18:10:49,Redundant Row Value Mismatch
2025-12-16 18.21.20.png,2025-12-16 18.21.17.png,ROI_52,18:11:00,18:10:55,Redundant Row Value Mismatch
2025-12-16 18.21.26.png,2025-12-16 18.21.20.png,ROI_52,18:11:05,18:11:00,Redundant Row Value Mismatch
2025-12-16 18.21.31.png,2025-12-16 18.21.26.png,ROI_52,18:11:10,18:11:05,Redundant Row Value Mismatch
2025-12-16 18.21.37.png,2025-12-16 18.21.31.png,ROI_52,18:11:16,18:11:10,Redundant Row Value Mismatch
2025-12-16 18.21.40.png,2025-12-16 18.21.37.png,ROI_52,18:11:21,18:11:16,Redundant Row Value Mismatch
2025-12-16 18.23.26.png,2025-12-16 18.21.40.png,ROI_52,18:11:26,18:11:21,Redundant Row Value Mismatch
