Filename,File_UTC,Machine_Text,Machine_UTC,ROI_20,ROI_21,ROI_22,ROI_23,ROI_24,ROI_25,ROI_26,ROI_27,ROI_28,ROI_29,ROI_30,ROI_51,ROI_52,Time_Status,Data_Redundancy,Matched_File,Duration_Since_Change
2025-12-16 17.15.52.png,2025-12-16T17:15:52Z,16/25,16/25,OK,100,OK,5.717,OK,OK,OK,OK,OK,OK,OK,16/25,16:37:02,New Time State (Start),Unique,,0.0
2025-12-16 17.15.58.png,2025-12-16T17:15:58Z,16/25,16/25,OK,100,OK,5.723,OK,OK,OK,OK,OK,OK,OK,16/25,17:05:36,New Time State,Redundant (Next),Next: 2025-12-16 17.16.01.png,0.0
2025-12-16 17.16.01.png,2025-12-16T17:16:01Z,16/25,16/25,OK,100,OK,5.723,OK,OK,OK,OK,OK,OK,OK,16/25,17:05:41,New Time State,Redundant (Previous),Prev: 2025-12-16 17.15.58.png,0.0
2025-12-16 17.16.07.png,2025-12-16T17:16:07Z,12/16/25,12/16/25,OK,100,OK,5.719,OK,OK,OK,OK,OK,OK,OK,12/16/25,17:05:47,New Time State,Unique,,0.0
2025-12-16 17.16.13.png,2025-12-16T17:16:13Z,16/25,16/25,OK,100,OK,5.718,OK,OK,OK,OK,OK,OK,OK,16/25,17:05:52,New Time State,Unique,,0.0
2025-12-16 17.16.18.png,2025-12-16T17:16:18Z,16/25,16/25,OK,100,OK,5.726,OK,OK,OK,OK,OK,OK,OK,16/25,17:05:57,New Time State,Unique,,0.0
2025-12-16 17.16.21.png,2025-12-16T17:16:21Z,12/16/25,12/16/25,OK,100,OK,5.721,OK,OK,OK,OK,OK,OK,OK,12/16/25,17:06:02,New Time State,Unique,,0.0
2025-12-16 17.16.26.png,2025-12-16T17:16:26Z,16/25,16/25,OK,100,OK,5.725,OK,OK,OK,OK,OK,OK,OK,16/25,17:06:07,New Time State,Unique,,0.0
2025-12-16 17.16.32.png,2025-12-16T17:16:32Z,16/25,16/25,OK,100,OK,5.721,OK,OK,OK,OK,OK,OK,OK,16/25,17:06:12,New Time State,Unique,,0.0
2025-12-16 17.16.37.png,2025-12-16T17:16:37Z,16/25,16/25,OK,100,OK,5.727,OK,OK,OK,OK,OK,OK,OK,16/25,17:06:17,New Time State,Unique,,0.0
2025-12-16 17.16.43.png,2025-12-16T17:16:43Z,16/25,16/25,OK,100,OK,5.72,OK,OK,OK,OK,OK,OK,OK,16/25,17:06:22,New Time State,Unique,,0.0
2025-12-16 17.16.46.png,2025-12-16T17:16:46Z,1625,,OK,100,OK,5.724,OK,OK,OK,OK,OK,OK,OK,1625,17:06:27,New Time State,Unique,,0.0
2025-12-16 17.16.52.png,2025-12-16T17:16:52Z,16/25,16/25,OK,100,OK,5.719,OK,OK,OK,OK,OK,OK,OK,16/25,17:06:32,New Time State,Unique,,0.0
2025-12-16 17.16.57.png,2025-12-16T17:16:57Z,16/25,16/25,OK,100,OK,5.723,OK,OK,OK,OK,OK,OK,OK,16/25,17:06:37,New Time State,Unique,,0.0
2025-12-16 17.17.03.png,2025-12-16T17:17:03Z,16/25,16/25,OK,100,OK,5.719,OK,OK,OK,OK,OK,OK,OK,16/25,17:06:42,New Time State,Unique,,0.0
2025-12-16 17.17.08.png,2025-12-16T17:17:08Z,16/25,16/25,OK,100,OK,5.724,OK,OK,OK,OK,OK,OK,OK,16/25,17:06:47,New Time State,Unique,,0.0
2025-12-16 17.17.11.png,2025-12-16T17:17:11Z,16/25,16/25,OK,100,OK,5.723,OK,OK,OK,OK,OK,OK,OK,16/25,17:06:52,New Time State,Unique,,0.0
2025-12-16 17.17.17.png,2025-12-16T17:17:17Z,16/25,16/25,OK,100,OK,5.726,OK,OK,OK,OK,OK,OK,OK,16/25,17:06:57,New Time State,Unique,,0.0
2025-12-16 17.17.22.png,2025-12-16T17:17:22Z,16/25,16/25,OK,100,OK,5.722,OK,OK,OK,OK,OK,OK,OK,16/25,17:07:02,New Time State,Unique,,0.0
2025-12-16 17.17.28.png,2025-12-16T17:17:28Z,16/25,16/25,OK,100,OK,5.724,OK,OK,OK,OK,OK,OK,OK,16/25,17:07:07,New Time State,Unique,,0.0
2025-12-16 17.17.33.png,2025-12-16T17:17:33Z,16/25,16/25,OK,100,OK,5.717,OK,OK,OK,OK,OK,OK,OK,16/25,17:07:12,New Time State,Unique,,0.0
2025-12-16 17.17.40.png,2025-12-16T17:17:40Z,16/25,16/25,OK,100,OK,5.718,OK,OK,OK,OK,OK,OK,OK,16/25,17:07:18,New Time State,Unique,,0.0
2025-12-16 17.17.43.png,2025-12-16T17:17:43Z,16/25,16/25,OK,100,OK,5.723,OK,OK,OK,OK,OK,OK,OK,16/25,17:07:23,New Time State,Unique,,0.0
2025-12-16 17.17.49.png,2025-12-16T17:17:49Z,16/25,16/25,OK,100,OK,5.726,OK,OK,OK,OK,OK,OK,OK,16/25,17:07:28,New Time State,Unique,,0.0
2025-12-16 17.17.52.png,2025-12-16T17:17:52Z,16/25,16/25,OK,100,OK,5.718,OK,OK,OK,OK,OK,OK,OK,16/25,17:07:33,New Time State,Unique,,0.0
2025-12-16 17.17.58.png,2025-12-16T17:17:58Z,16/25,16/25,OK,100,OK,5.723,OK,OK,OK,OK,OK,OK,OK,16/25,17:07:38,New Time State,Unique,,0.0
2025-12-16 17.18.01.png,2025-12-16T17:18:01Z,16/25,16/25,OK,100,OK,5.72,OK,OK,OK,OK,OK,OK,OK,16/25,17:07:43,New Time State,Redundant (Next),Next: 2025-12-16 17.18.05.png,0.0
2025-12-16 17.18.05.png,2025-12-16T17:18:05Z,16/25,16/25,OK,100,OK,5.72,OK,OK,OK,OK,OK,OK,OK,16/25,17:07:43,Time Static,Redundant (Previous),Prev: 2025-12-16 17.18.01.png,4.0
2025-12-16 17.18.08.png,2025-12-16T17:18:08Z,16/25,16/25,OK,100,OK,5.721,OK,OK,OK,OK,OK,OK,OK,16/25,17:07:48,New Time State,Unique,,0.0
2025-12-16 17.18.14.png,2025-12-16T17:18:14Z,16/25,16/25,OK,100,OK,5.719,OK,OK,OK,OK,OK,OK,OK,16/25,17:07:53,New Time State,Unique,,0.0
2025-12-16 17.18.20.png,2025-12-16T17:18:20Z,16/25,16/25,OK,100,OK,5.725,OK,OK,OK,OK,OK,OK,OK,16/25,17:07:58,New Time State,Unique,,0.0
2025-12-16 17.18.23.png,2025-12-16T17:18:23Z,16/25,16/25,OK,100,OK,5.72,OK,OK,OK,OK,OK,OK,OK,16/25,17:08:04,New Time State,Unique,,0.0
2025-12-16 17.18.28.png,2025-12-16T17:18:28Z,16/25,16/25,OK,100,OK,5.727,OK,OK,OK,OK,OK,OK,OK,16/25,17:08:09,New Time State,Unique,,0.0
2025-12-16 17.18.34.png,2025-12-16T17:18:34Z,16/25,16/25,OK,100,OK,5.716,OK,OK,OK,OK,OK,OK,OK,16/25,17:08:14,New Time State,Unique,,0.0
2025-12-16 17.18.39.png,2025-12-16T17:18:39Z,16/25,16/25,OK,100,OK,5.724,OK,OK,OK,OK,OK,OK,OK,16/25,17:08:19,New Time State,Unique,,0.0
2025-12-16 17.18.45.png,2025-12-16T17:18:45Z,16/25,16/25,OK,100,OK,5.728,OK,OK,OK,OK,OK,OK,OK,16/25,17:08:24,New Time State,Unique,,0.0
2025-12-16 17.18.50.png,2025-12-16T17:18:50Z,16/25,16/25,OK,100,OK,5.716,OK,OK,OK,OK,OK,OK,OK,16/25,17:08:29,New Time State,Unique,,0.0
2025-12-16 17.18.56.png,2025-12-16T17:18:56Z,12/16/25,12/16/25,OK,100,OK,5.726,OK,OK,OK,OK,OK,OK,OK,12/16/25,17:08:34,New Time State,Unique,,0.0
2025-12-16 17.18.59.png,2025-12-16T17:18:59Z,16/25,16/25,OK,100,OK,5.72,OK,OK,OK,OK,OK,OK,OK,16/25,17:08:39,New Time State,Unique,,0.0
2025-12-16 17.19.04.png,2025-12-16T17:19:04Z,16/25,16/25,OK,100,OK,5.722,OK,OK,OK,OK,OK,OK,OK,16/25,17:08:44,New Time State,Unique,,0.0
2025-12-16 17.19.10.png,2025-12-16T17:19:10Z,16/25,16/25,OK,100,OK,5.719,OK,OK,OK,OK,OK,OK,OK,16/25,17:08:49,New Time State,Unique,,0.0
2025-12-16 17.19.16.png,2025-12-16T17:19:16Z,16/25,16/25,OK,100,OK,5.718,OK,OK,OK,OK,OK,OK,OK,16/25,17:08:54,New Time State,Unique,,0.0
2025-12-16 17.19.18.png,2025-12-16T17:19:18Z,16/25,16/25,OK,100,OK,5.72,OK,OK,OK,OK,OK,OK,OK,16/25,17:08:59,New Time State,Unique,,0.0
2025-12-16 17.19.24.png,2025-12-16T17:19:24Z,16/25,16/25,OK,100,OK,5.724,OK,OK,OK,OK,OK,OK,OK,16/25,17:09:04,New Time State,Unique,,0.0
2025-12-16 17.19.29.png,2025-12-16T17:19:29Z,1626,,OK,100,OK,5.725,OK,OK,OK,OK,OK,OK,OK,1626,17:09:10,New Time State,Unique,,0.0
2025-12-16 17.19.35.png,2025-12-16T17:19:35Z,12/16/25,12/16/25,OK,100,OK,5.719,OK,OK,OK,OK,OK,OK,OK,12/16/25,17:09:15,New Time State,Unique,,0.0
2025-12-16 17.19.41.png,2025-12-16T17:19:41Z,16/25,16/25,OK,100,OK,5.726,OK,OK,OK,OK,OK,OK,OK,16/25,17:09:20,New Time State,Unique,,0.0
2025-12-16 17.19.46.png,2025-12-16T17:19:46Z,16/25,16/25,OK,100,OK,5.725,OK,OK,OK,OK,OK,OK,OK,16/25,17:09:25,New Time State,Unique,,0.0
2025-12-16 17.19.52.png,2025-12-16T17:19:52Z,16/25,16/25,OK,100,OK,5.728,OK,OK,OK,OK,OK,OK,OK,16/25,17:09:30,New Time State,Unique,,0.0
2025-12-16 17.19.57.png,2025-12-16T17:19:57Z,16/25,16/25,OK,100,OK,5.72,OK,OK,OK,OK,OK,OK,OK,16/25,17:09:36,New Time State,Unique,,0.0
2025-12-16 17.20.00.png,2025-12-16T17:20:00Z,16/25,16/25,OK,100,OK,5.725,OK,OK,OK,OK,OK,OK,OK,16/25,17:09:41,New Time State,Unique,,0.0
2025-12-16 17.20.06.png,2025-12-16T17:20:06Z,16/25,16/25,OK,100,OK,5.72,OK,OK,OK,OK,OK,OK,OK,16/25,17:09:46,New Time State,Unique,,0.0
2025-12-16 17.20.12.png,2025-12-16T17:20:12Z,16/25,16/25,OK,100,OK,5.721,OK,OK,OK,OK,OK,OK,OK,16/25,17:09:51,New Time State,Unique,,0.0
2025-12-16 17.20.17.png,2025-12-16T17:20:17Z,16/25,16/25,OK,100,OK,5.724,OK,OK,OK,OK,OK,OK,OK,16/25,17:09:56,New Time State,Unique,,0.0
2025-12-16 17.20.21.png,2025-12-16T17:20:21Z,16/25,16/25,OK,100,OK,5.726,OK,OK,OK,OK,OK,OK,OK,16/25,17:10:01,New Time State,Redundant (Next),Next: 2025-12-16 17.20.27.png,0.0
2025-12-16 17.20.27.png,2025-12-16T17:20:27Z,16/25,16/25,OK,100,OK,5.726,OK,OK,OK,OK,OK,OK,OK,16/25,17:10:06,New Time State,Redundant (Previous),Prev: 2025-12-16 17.20.21.png,0.0
2025-12-16 17.20.32.png,2025-12-16T17:20:32Z,16/25,16/25,OK,100,OK,5.725,OK,OK,OK,OK,OK,OK,OK,16/25,17:10:11,New Time State,Unique,,0.0
2025-12-16 17.20.35.png,2025-12-16T17:20:35Z,16/25,16/25,OK,100,OK,5.726,OK,OK,OK,OK,OK,OK,OK,16/25,17:10:16,New Time State,Redundant (Next),Next: 2025-12-16 17.20.37.png,0.0
2025-12-16 17.20.37.png,2025-12-16T17:20:37Z,16/25,16/25,OK,100,OK,5.726,OK,OK,OK,OK,OK,OK,OK,16/25,17:10:16,Time Static,Redundant (Previous),Prev: 2025-12-16 17.20.35.png,2.0
2025-12-16 17.20.40.png,2025-12-16T17:20:40Z,16/25,16/25,OK,100,OK,5.718,OK,OK,OK,OK,OK,OK,OK,16/25,17:10:21,New Time State,Redundant (Next),Next: 2025-12-16 17.20.43.png,0.0
2025-12-16 17.20.43.png,2025-12-16T17:20:43Z,16/25,16/25,OK,100,OK,5.718,OK,OK,OK,OK,OK,OK,OK,16/25,17:10:21,Time Static,Redundant (Previous),Prev: 2025-12-16 17.20.40.png,3.0
2025-12-16 17.20.46.png,2025-12-16T17:20:46Z,16/25,16/25,OK,100,OK,5.722,OK,OK,OK,OK,OK,OK,OK,16/25,17:10:26,New Time State,Unique,,0.0
2025-12-16 17.20.51.png,2025-12-16T17:20:51Z,16/25,16/25,OK,100,OK,5.72,OK,OK,OK,OK,OK,OK,OK,16/25,17:10:31,New Time State,Unique,,0.0
2025-12-16 17.20.57.png,2025-12-16T17:20:57Z,16/25,16/25,OK,100,OK,5.728,OK,OK,OK,OK,OK,OK,OK,16/25,17:10:36,New Time State,Unique,,0.0
2025-12-16 17.21.03.png,2025-12-16T17:21:03Z,16/25,16/25,OK,100,OK,5.726,OK,OK,OK,OK,OK,OK,OK,16/25,17:10:41,New Time State,Unique,,0.0
2025-12-16 17.21.06.png,2025-12-16T17:21:06Z,16/25,16/25,OK,100,OK,5.721,OK,OK,OK,OK,OK,OK,OK,16/25,17:10:46,New Time State,Unique,,0.0
2025-12-16 17.21.11.png,2025-12-16T17:21:11Z,16/25,16/25,OK,100,OK,5.719,OK,OK,OK,OK,OK,OK,OK,16/25,17:10:51,New Time State,Unique,,0.0
2025-12-16 17.21.17.png,2025-12-16T17:21:17Z,16/25,16/25,OK,100,OK,5.72,OK,OK,OK,OK,OK,OK,OK,16/25,17:10:56,New Time State,Unique,,0.0
2025-12-16 17.21.20.png,2025-12-16T17:21:20Z,16/25,16/25,OK,100,OK,5.724,OK,OK,OK,OK,OK,OK,OK,16/25,17:11:02,New Time State,Unique,,0.0
2025-12-16 17.21.26.png,2025-12-16T17:21:26Z,16/25,16/25,OK,100,OK,5.725,OK,OK,OK,OK,OK,OK,OK,16/25,17:11:07,New Time State,Unique,,0.0
2025-12-16 17.21.32.png,2025-12-16T17:21:32Z,16/25,16/25,OK,100,OK,5.721,OK,OK,OK,OK,OK,OK,OK,16/25,17:11:12,New Time State,Unique,,0.0
2025-12-16 17.21.37.png,2025-12-16T17:21:37Z,16/25,16/25,OK,100,OK,5.725,OK,OK,OK,OK,OK,OK,OK,16/25,17:11:17,New Time State,Unique,,0.0
2025-12-16 17.21.43.png,2025-12-16T17:21:43Z,16/25,16/25,OK,100,OK,5.72,OK,OK,OK,OK,OK,OK,OK,16/25,17:11:22,New Time State,Unique,,0.0
2025-12-16 17.21.49.png,2025-12-16T17:21:49Z,12/16/25,12/16/25,OK,100,OK,5.724,OK,OK,OK,OK,OK,OK,OK,12/16/25,17:11:28,New Time State,Unique,,0.0
2025-12-16 17.21.52.png,2025-12-16T17:21:52Z,16/25,16/25,OK,100,OK,5.719,OK,OK,OK,OK,OK,OK,OK,16/25,17:11:33,New Time State,Unique,,0.0
2025-12-16 17.21.58.png,2025-12-16T17:21:58Z,16/25,16/25,OK,100,OK,5.72,OK,OK,OK,OK,OK,OK,OK,16/25,17:11:38,New Time State,Unique,,0.0
2025-12-16 17.22.04.png,2025-12-16T17:22:04Z,16/25,16/25,OK,100,OK,5.725,OK,OK,OK,OK,OK,OK,OK,16/25,17:11:43,New Time State,Unique,,0.0
2025-12-16 17.22.10.png,2025-12-16T17:22:10Z,16/25,16/25,OK,100,OK,5.72,OK,OK,OK,OK,OK,OK,OK,16/25,17:11:48,New Time State,Unique,,0.0
2025-12-16 17.22.15.png,2025-12-16T17:22:15Z,16/25,16/25,OK,100,OK,5.722,OK,OK,OK,OK,OK,OK,OK,16/25,17:11:54,New Time State,Redundant (Next),Next: 2025-12-16 17.22.18.png,0.0
2025-12-16 17.22.18.png,2025-12-16T17:22:18Z,12/16/25,12/16/25,OK,100,OK,5.722,OK,OK,OK,OK,OK,OK,OK,12/16/25,17:11:59,New Time State,Redundant (Previous),Prev: 2025-12-16 17.22.15.png,0.0
2025-12-16 17.22.24.png,2025-12-16T17:22:24Z,16/25,16/25,OK,100,OK,5.721,OK,OK,OK,OK,OK,OK,OK,16/25,17:12:04,New Time State,Redundant (Next),Next: 2025-12-16 17.22.30.png,0.0
2025-12-16 17.22.30.png,2025-12-16T17:22:30Z,16/25,16/25,OK,100,OK,5.721,OK,OK,OK,OK,OK,OK,OK,16/25,17:12:09,New Time State,Redundant (Previous),Prev: 2025-12-16 17.22.24.png,0.0
2025-12-16 17.22.35.png,2025-12-16T17:22:35Z,16/25,16/25,OK,100,OK,5.725,OK,OK,OK,OK,OK,OK,OK,16/25,17:12:14,New Time State,Unique,,0.0
2025-12-16 17.22.38.png,2025-12-16T17:22:38Z,16/25,16/25,OK,100,OK,5.722,OK,OK,OK,OK,OK,OK,OK,16/25,17:12:19,New Time State,Unique,,0.0
2025-12-16 17.22.41.png,2025-12-16T17:22:41Z,16/25,16/25,OK,100,OK,5.72,OK,OK,OK,OK,OK,OK,OK,16/25,17:12:19,Time Static,Unique,,3.0
2025-12-16 17.22.46.png,2025-12-16T17:22:46Z,16/25,16/25,OK,100,OK,5.726,OK,OK,OK,OK,OK,OK,OK,16/25,17:12:24,New Time State,Unique,,0.0
2025-12-16 17.22.49.png,2025-12-16T17:22:49Z,16/25,16/25,OK,100,OK,5.723,OK,OK,OK,OK,OK,OK,OK,16/25,17:12:30,New Time State,Unique,,0.0
2025-12-16 17.22.55.png,2025-12-16T17:22:55Z,16/25,16/25,OK,100,OK,5.726,OK,OK,OK,OK,OK,OK,OK,16/25,17:12:35,New Time State,Unique,,0.0
2025-12-16 17.23.00.png,2025-12-16T17:23:00Z,12/16/25,12/16/25,OK,100,OK,5.727,OK,OK,OK,OK,OK,OK,OK,12/16/25,17:12:40,New Time State,Unique,,0.0
2025-12-16 17.23.04.png,2025-12-16T17:23:04Z,16/25,16/25,OK,100,OK,5.723,OK,OK,OK,OK,OK,OK,OK,16/25,17:12:45,New Time State,Unique,,0.0
2025-12-16 17.23.10.png,2025-12-16T17:23:10Z,16/25,16/25,OK,100,OK,5.727,OK,OK,OK,OK,OK,OK,OK,16/25,17:12:50,New Time State,Unique,,0.0
2025-12-16 17.23.17.png,2025-12-16T17:23:17Z,12/16/25,12/16/25,OK,100,OK,5.729,OK,OK,OK,OK,OK,OK,OK,12/16/25,17:12:56,New Time State,Unique,,0.0
2025-12-16 17.23.20.png,2025-12-16T17:23:20Z,16/25,16/25,OK,100,OK,5.728,OK,OK,OK,OK,OK,OK,OK,16/25,17:13:01,New Time State,Unique,,0.0
2025-12-16 17.23.26.png,2025-12-16T17:23:26Z,16/25,16/25,OK,100,OK,5.72,OK,OK,OK,OK,OK,OK,OK,16/25,17:13:06,New Time State,Unique,,0.0
2025-12-16 17.23.32.png,2025-12-16T17:23:32Z,16/25,16/25,OK,100,OK,5.721,OK,OK,OK,OK,OK,OK,OK,16/25,17:13:11,New Time State,Unique,,0.0
2025-12-16 17.23.38.png,2025-12-16T17:23:38Z,16/25,16/25,OK,100,OK,5.719,OK,OK,OK,OK,OK,OK,OK,16/25,17:13:16,New Time State,Unique,,0.0
2025-12-16 17.23.41.png,2025-12-16T17:23:41Z,12/16/25,12/16/25,OK,100,OK,5.72,OK,OK,OK,OK,OK,OK,OK,12/16/25,17:13:21,New Time State,Unique,,0.0
2025-12-16 17.23.46.png,2025-12-16T17:23:46Z,16/25,16/25,OK,100,OK,5.728,OK,OK,OK,OK,OK,OK,OK,16/25,17:13:26,New Time State,Unique,,0.0
2025-12-16 17.23.52.png,2025-12-16T17:23:52Z,16/25,16/25,OK,100,OK,5.726,OK,OK,OK,OK,OK,OK,OK,16/25,17:13:31,New Time State,Unique,,0.0
2025-12-16 17.23.58.png,2025-12-16T17:23:58Z,16/25,16/25,OK,100,OK,5.727,OK,OK,OK,OK,OK,OK,OK,16/25,17:13:36,New Time State,Redundant (Next),Next: 2025-12-16 17.24.01.png,0.0
2025-12-16 17.24.01.png,2025-12-16T17:24:01Z,16/25,16/25,OK,100,OK,5.727,OK,OK,OK,OK,OK,OK,OK,16/25,17:13:41,New Time State,Redundant (Previous) & Redundant (Next),Prev: 2025-12-16 17.23.58.png | Next: 2025-12-16 17.24.07.png,0.0
2025-12-16 17.24.07.png,2025-12-16T17:24:07Z,16/25,16/25,OK,100,OK,5.727,OK,OK,OK,OK,OK,OK,OK,16/25,17:13:47,New Time State,Redundant (Previous),Prev: 2025-12-16 17.24.01.png,0.0
2025-12-16 17.24.54.png,2025-12-16T17:24:54Z,16/25,16/25,OK,100,OK,5.722,OK,OK,OK,OK,OK,OK,OK,16/25,17:13:52,New Time State,Redundant (Next),Next: 2025-12-16 17.24.56.png,0.0
2025-12-16 17.24.56.png,2025-12-16T17:24:56Z,16/25,16/25,OK,100,OK,5.722,OK,OK,OK,OK,OK,OK,OK,16/25,17:13:52,Time Static,Redundant (Previous) & Redundant (Next),Prev: 2025-12-16 17.24.54.png | Next: 2025-12-16 17.24.59.png,2.0
2025-12-16 17.24.59.png,2025-12-16T17:24:59Z,16/25,16/25,OK,100,OK,5.722,OK,OK,OK,OK,OK,OK,OK,16/25,17:13:52,Time Static,Redundant (Previous) & Redundant (Next),Prev: 2025-12-16 17.24.56.png | Next: 2025-12-16 17.25.02.png,5.0
2025-12-16 17.25.02.png,2025-12-16T17:25:02Z,16/25,16/25,OK,100,OK,5.722,OK,OK,OK,OK,OK,OK,OK,16/25,17:13:52,Time Static,Redundant (Previous) & Redundant (Next),Prev: 2025-12-16 17.24.59.png | Next: 2025-12-16 17.25.19.png,8.0
2025-12-16 17.25.19.png,2025-12-16T17:25:19Z,16/25,16/25,OK,100,OK,5.722,OK,OK,OK,OK,OK,OK,OK,16/25,17:13:52,Time Frozen (>10s),Redundant (Previous) & Redundant (Next),Prev: 2025-12-16 17.25.02.png | Next: 2025-12-16 17.25.22.png,25.0
2025-12-16 17.25.22.png,2025-12-16T17:25:22Z,16/25,16/25,OK,100,OK,5.722,OK,OK,OK,OK,OK,OK,OK,16/25,17:13:52,Time Frozen (>10s),Redundant (Previous) & Redundant (Next),Prev: 2025-12-16 17.25.19.png | Next: 2025-12-16 17.25.35.png,28.0
2025-12-16 17.25.35.png,2025-12-16T17:25:35Z,16/25,16/25,OK,100,OK,5.722,OK,OK,OK,OK,OK,OK,OK,16/25,17:13:52,Time Frozen (>10s),Redundant (Previous) & Redundant (Next),Prev: 2025-12-16 17.25.22.png | Next: 2025-12-16 17.25.38.png,41.0
2025-12-16 17.25.38.png,2025-12-16T17:25:38Z,16/25,16/25,OK,100,OK,5.722,OK,OK,OK,OK,OK,OK,OK,16/25,17:13:52,Time Frozen (>10s),Redundant (Previous) & Redundant (Next),Prev: 2025-12-16 17.25.35.png | Next: 2025-12-16 17.26.21.png,44.0
2025-12-16 17.26.21.png,2025-12-16T17:26:21Z,16/25,16/25,OK,100,OK,5.722,OK,OK,OK,OK,OK,OK,OK,16/25,17:13:52,Time Frozen (>10s),Redundant (Previous),Prev: 2025-12-16 17.25.38.png,87.0
2025-12-16 17.26.27.png,2025-12-16T17:26:27Z,16/25,16/25,OK,100,OK,5.727,OK,OK,OK,OK,OK,OK,OK,16/25,17:16:07,New Time State,Unique,,0.0
2025-12-16 17.26.32.png,2025-12-16T17:26:32Z,12/16/25,12/16/25,OK,100,OK,5.72,OK,OK,OK,OK,OK,OK,OK,12/16/25,17:16:12,New Time State,Unique,,0.0
2025-12-16 17.26.38.png,2025-12-16T17:26:38Z,16/25,16/25,OK,100,OK,5.727,OK,OK,OK,OK,OK,OK,OK,16/25,17:16:18,New Time State,Unique,,0.0
2025-12-16 17.26.44.png,2025-12-16T17:26:44Z,16/25,16/25,OK,100,OK,5.72,OK,OK,OK,OK,OK,OK,OK,16/25,17:16:23,New Time State,Unique,,0.0
2025-12-16 17.26.47.png,2025-12-16T17:26:47Z,16/25,16/25,OK,100,OK,5.723,OK,OK,OK,OK,OK,OK,OK,16/25,17:16:28,New Time State,Unique,,0.0
2025-12-16 17.26.52.png,2025-12-16T17:26:52Z,16/25,16/25,OK,100,OK,5.72,OK,OK,OK,OK,OK,OK,OK,16/25,17:16:33,New Time State,Unique,,0.0
2025-12-16 17.26.59.png,2025-12-16T17:26:59Z,16/25,16/25,OK,100,OK,5.728,OK,OK,OK,OK,OK,OK,OK,16/25,17:16:38,New Time State,Unique,,0.0
2025-12-16 17.27.04.png,2025-12-16T17:27:04Z,16/25,16/25,OK,100,OK,5.722,OK,OK,OK,OK,OK,OK,OK,16/25,17:16:43,New Time State,Unique,,0.0
2025-12-16 17.27.07.png,2025-12-16T17:27:07Z,16/25,16/25,OK,100,OK,5.724,OK,OK,OK,OK,OK,OK,OK,16/25,17:16:48,New Time State,Unique,,0.0
2025-12-16 17.27.10.png,2025-12-16T17:27:10Z,16/25,16/25,OK,100,OK,5.72,OK,OK,OK,OK,OK,OK,OK,16/25,17:16:53,New Time State,Unique,,0.0
2025-12-16 17.27.12.png,2025-12-16T17:27:12Z,16/25,16/25,OK,100,OK,5.722,OK,OK,OK,OK,OK,OK,OK,16/25,17:16:53,Time Static,Unique,,2.0
2025-12-16 17.27.18.png,2025-12-16T17:27:18Z,16/25,16/25,OK,100,OK,5.724,OK,OK,OK,OK,OK,OK,OK,16/25,17:16:58,New Time State,Unique,,0.0
2025-12-16 17.27.35.png,2025-12-16T17:27:35Z,16/25,16/25,OK,100,OK,5.721,OK,OK,OK,OK,OK,OK,OK,16/25,17:17:03,New Time State,Unique,,0.0
2025-12-16 17.27.42.png,2025-12-16T17:27:42Z,16/25,16/25,OK,100,OK,5.726,OK,OK,OK,OK,OK,OK,OK,16/25,17:17:21,New Time State,Unique,,0.0
2025-12-16 17.27.47.png,2025-12-16T17:27:47Z,16/25,16/25,OK,100,OK,5.721,OK,OK,OK,OK,OK,OK,OK,16/25,17:17:26,New Time State,Unique,,0.0
2025-12-16 17.27.51.png,2025-12-16T17:27:51Z,16/25,16/25,OK,100,OK,5.726,OK,OK,OK,OK,OK,OK,OK,16/25,17:17:31,New Time State,Unique,,0.0
2025-12-16 17.27.57.png,2025-12-16T17:27:57Z,16/25,16/25,OK,100,OK,5.724,OK,OK,OK,OK,OK,OK,OK,16/25,17:17:36,New Time State,Unique,,0.0
2025-12-16 17.28.00.png,2025-12-16T17:28:00Z,1625,,OK,100,OK,5.73,OK,OK,OK,OK,OK,OK,OK,1625,17:17:41,New Time State,Redundant (Next),Next: 2025-12-16 17.28.02.png,0.0
2025-12-16 17.28.02.png,2025-12-16T17:28:02Z,16/25,16/25,OK,100,OK,5.73,OK,OK,OK,OK,OK,OK,OK,16/25,17:17:41,Time Static,Redundant (Previous),Prev: 2025-12-16 17.28.00.png,2.0
2025-12-16 17.28.08.png,2025-12-16T17:28:08Z,16/25,16/25,OK,100,OK,5.718,OK,OK,OK,OK,OK,OK,OK,16/25,17:17:46,New Time State,Unique,,0.0
2025-12-16 17.28.11.png,2025-12-16T17:28:11Z,16/25,16/25,OK,100,OK,5.728,OK,OK,OK,OK,OK,OK,OK,16/25,17:17:51,New Time State,Unique,,0.0
2025-12-16 17.28.17.png,2025-12-16T17:28:17Z,16/25,16/25,OK,100,OK,5.721,OK,OK,OK,OK,OK,OK,OK,16/25,17:17:56,New Time State,Unique,,0.0
2025-12-16 17.28.23.png,2025-12-16T17:28:23Z,16/25,16/25,OK,100,OK,5.727,OK,OK,OK,OK,OK,OK,OK,16/25,17:18:01,New Time State,Unique,,0.0
2025-12-16 17.28.26.png,2025-12-16T17:28:26Z,16/25,16/25,OK,100,OK,5.718,OK,OK,OK,OK,OK,OK,OK,16/25,17:18:06,New Time State,Unique,,0.0
2025-12-16 17.28.31.png,2025-12-16T17:28:31Z,16/25,16/25,OK,100,OK,5.729,OK,OK,OK,OK,OK,OK,OK,16/25,17:18:11,New Time State,Unique,,0.0
2025-12-16 17.28.34.png,2025-12-16T17:28:34Z,16/25,16/25,OK,100,OK,5.718,OK,OK,OK,OK,OK,OK,OK,16/25,17:18:16,New Time State,Redundant (Next),Next: 2025-12-16 17.28.37.png,0.0
2025-12-16 17.28.37.png,2025-12-16T17:28:37Z,16/25,16/25,OK,100,OK,5.718,OK,OK,OK,OK,OK,OK,OK,16/25,17:18:16,Time Static,Redundant (Previous),Prev: 2025-12-16 17.28.34.png,3.0
2025-12-16 17.28.40.png,2025-12-16T17:28:40Z,16/25,16/25,OK,100,OK,5.725,OK,OK,OK,OK,OK,OK,OK,16/25,17:18:21,New Time State,Unique,,0.0
2025-12-16 17.28.46.png,2025-12-16T17:28:46Z,16/25,16/25,OK,100,OK,5.718,OK,OK,OK,OK,OK,OK,OK,16/25,17:18:26,New Time State,Unique,,0.0
2025-12-16 17.28.52.png,2025-12-16T17:28:52Z,16/25,16/25,OK,100,OK,5.725,OK,OK,OK,OK,OK,OK,OK,16/25,17:18:32,New Time State,Unique,,0.0
2025-12-16 17.28.58.png,2025-12-16T17:28:58Z,12/16/25,12/16/25,OK,100,OK,5.723,OK,OK,OK,OK,OK,OK,OK,12/16/25,17:18:37,New Time State,Unique,,0.0
2025-12-16 17.29.00.png,2025-12-16T17:29:00Z,16/25,16/25,OK,100,OK,5.724,OK,OK,OK,OK,OK,OK,OK,16/25,17:18:42,New Time State,Unique,,0.0
2025-12-16 17.29.06.png,2025-12-16T17:29:06Z,16/25,16/25,OK,100,OK,5.716,OK,OK,OK,OK,OK,OK,OK,16/25,17:18:47,New Time State,Unique,,0.0
2025-12-16 17.29.12.png,2025-12-16T17:29:12Z,16/25,16/25,OK,100,OK,5.726,OK,OK,OK,OK,OK,OK,OK,16/25,17:18:52,New Time State,Unique,,0.0
2025-12-16 17.29.16.png,2025-12-16T17:29:16Z,16/25,16/25,OK,100,OK,5.721,OK,OK,OK,OK,OK,OK,OK,16/25,17:18:57,New Time State,Unique,,0.0
2025-12-16 17.29.22.png,2025-12-16T17:29:22Z,16/25,16/25,OK,100,OK,5.727,OK,OK,OK,OK,OK,OK,OK,16/25,17:19:02,New Time State,Unique,,0.0
2025-12-16 17.29.28.png,2025-12-16T17:29:28Z,16/25,16/25,OK,100,OK,5.722,OK,OK,OK,OK,OK,OK,OK,16/25,17:19:07,New Time State,Unique,,0.0
2025-12-16 17.29.31.png,2025-12-16T17:29:31Z,16,,OK,100,OK,5.726,OK,OK,OK,OK,OK,OK,OK,16,17:19:12,New Time State,Unique,,0.0
2025-12-16 17.29.37.png,2025-12-16T17:29:37Z,12/16/25,12/16/25,OK,100,OK,5.72,OK,OK,OK,OK,OK,OK,OK,12/16/25,17:19:17,New Time State,Unique,,0.0
2025-12-16 17.29.40.png,2025-12-16T17:29:40Z,16/25,16/25,OK,100,OK,5.725,OK,OK,OK,OK,OK,OK,OK,16/25,17:19:22,New Time State,Unique,,0.0
2025-12-16 17.29.46.png,2025-12-16T17:29:46Z,16/25,16/25,OK,100,OK,5.719,OK,OK,OK,OK,OK,OK,OK,16/25,17:19:27,New Time State,Unique,,0.0
2025-12-16 17.29.52.png,2025-12-16T17:29:52Z,16/25,16/25,OK,100,OK,5.723,OK,OK,OK,OK,OK,OK,OK,16/25,17:19:32,New Time State,Unique,,0.0
2025-12-16 17.29.58.png,2025-12-16T17:29:58Z,16/25,16/25,OK,100,OK,5.718,OK,OK,OK,OK,OK,OK,OK,16/25,17:19:37,New Time State,Unique,,0.0
2025-12-16 17.30.01.png,2025-12-16T17:30:01Z,16/25,16/25,OK,100,OK,5.723,OK,OK,OK,OK,OK,OK,OK,16/25,17:19:42,New Time State,Unique,,0.0
2025-12-16 17.30.04.png,2025-12-16T17:30:04Z,16/25,16/25,OK,100,OK,5.72,OK,OK,OK,OK,OK,OK,OK,16/25,17:19:47,New Time State,Unique,,0.0
2025-12-16 17.30.07.png,2025-12-16T17:30:07Z,12/16/25,12/16/25,OK,100,OK,5.722,OK,OK,OK,OK,OK,OK,OK,12/16/25,17:19:47,Time Static,Unique,,3.0
2025-12-16 17.30.12.png,2025-12-16T17:30:12Z,16/25,16/25,OK,100,OK,5.725,OK,OK,OK,OK,OK,OK,OK,16/25,17:19:52,New Time State,Unique,,0.0
2025-12-16 17.30.15.png,2025-12-16T17:30:15Z,16/25,16/25,OK,100,OK,5.719,OK,OK,OK,OK,OK,OK,OK,16/25,17:19:57,New Time State,Redundant (Next),Next: 2025-12-16 17.30.18.png,0.0
2025-12-16 17.30.18.png,2025-12-16T17:30:18Z,16/25,16/25,OK,100,OK,5.719,OK,OK,OK,OK,OK,OK,OK,16/25,17:19:57,Time Static,Redundant (Previous) & Redundant (Next),Prev: 2025-12-16 17.30.15.png | Next: 2025-12-16 17.30.31.png,3.0
2025-12-16 17.30.31.png,2025-12-16T17:30:31Z,16/25,16/25,OK,100,OK,5.719,OK,OK,OK,OK,OK,OK,OK,16/25,17:19:57,Time Frozen (>10s),Redundant (Previous),Prev: 2025-12-16 17.30.18.png,16.0
2025-12-16 17.30.38.png,2025-12-16T17:30:38Z,16/25,16/25,OK,100,OK,5.723,OK,OK,OK,OK,OK,OK,OK,16/25,17:20:16,New Time State,Unique,,0.0
2025-12-16 17.30.40.png,2025-12-16T17:30:40Z,12/16/25,12/16/25,OK,100,OK,5.72,OK,OK,OK,OK,OK,OK,OK,12/16/25,17:20:21,New Time State,Unique,,0.0
2025-12-16 17.30.47.png,2025-12-16T17:30:47Z,16/25,16/25,OK,100,OK,5.726,OK,OK,OK,OK,OK,OK,OK,16/25,17:20:26,New Time State,Unique,,0.0
2025-12-16 17.30.53.png,2025-12-16T17:30:53Z,16/25,16/25,OK,100,OK,5.723,OK,OK,OK,OK,OK,OK,OK,16/25,17:20:31,New Time State,Unique,,0.0
2025-12-16 17.30.55.png,2025-12-16T17:30:55Z,16/25,16/25,OK,100,OK,5.725,OK,OK,OK,OK,OK,OK,OK,16/25,17:20:36,New Time State,Unique,,0.0
2025-12-16 17.31.02.png,2025-12-16T17:31:02Z,16/25,16/25,OK,100,OK,5.717,OK,OK,OK,OK,OK,OK,OK,16/25,17:20:41,New Time State,Unique,,0.0
2025-12-16 17.31.07.png,2025-12-16T17:31:07Z,16/25,16/25,OK,100,OK,5.725,OK,OK,OK,OK,OK,OK,OK,16/25,17:20:47,New Time State,Unique,,0.0
2025-12-16 17.31.13.png,2025-12-16T17:31:13Z,12/16/25,12/16/25,OK,100,OK,5.721,OK,OK,OK,OK,OK,OK,OK,12/16/25,17:20:51,New Time State,Unique,,0.0
2025-12-16 17.31.18.png,2025-12-16T17:31:18Z,16/25,16/25,OK,100,OK,5.727,OK,OK,OK,OK,OK,OK,OK,16/25,17:20:56,New Time State,Unique,,0.0
2025-12-16 17.31.21.png,2025-12-16T17:31:21Z,16/25,16/25,OK,100,OK,5.719,OK,OK,OK,OK,OK,OK,OK,16/25,17:21:02,New Time State,Unique,,0.0
2025-12-16 17.31.27.png,2025-12-16T17:31:27Z,16/25,16/25,OK,100,OK,5.728,OK,OK,OK,OK,OK,OK,OK,16/25,17:21:07,New Time State,Unique,,0.0
2025-12-16 17.31.32.png,2025-12-16T17:31:32Z,16/25,16/25,OK,100,OK,5.723,OK,OK,OK,OK,OK,OK,OK,16/25,17:21:12,New Time State,Unique,,0.0
2025-12-16 17.31.38.png,2025-12-16T17:31:38Z,16/25,16/25,OK,100,OK,5.726,OK,OK,OK,OK,OK,OK,OK,16/25,17:21:17,New Time State,Unique,,0.0
2025-12-16 17.31.41.png,2025-12-16T17:31:41Z,16/25,16/25,OK,100,OK,5.719,OK,OK,OK,OK,OK,OK,OK,16/25,17:21:22,New Time State,Unique,,0.0
2025-12-16 17.31.47.png,2025-12-16T17:31:47Z,16/25,16/25,OK,100,OK,5.727,OK,OK,OK,OK,OK,OK,OK,16/25,17:21:27,New Time State,Unique,,0.0
2025-12-16 17.31.52.png,2025-12-16T17:31:52Z,16/25,16/25,OK,100,OK,5.722,OK,OK,OK,OK,OK,OK,OK,16/25,17:21:32,New Time State,Unique,,0.0
2025-12-16 17.31.59.png,2025-12-16T17:31:59Z,16/25,16/25,OK,100,OK,5.725,OK,OK,OK,OK,OK,OK,OK,16/25,17:21:37,New Time State,Unique,,0.0
2025-12-16 17.32.01.png,2025-12-16T17:32:01Z,1625,,OK,100,OK,5.718,OK,OK,OK,OK,OK,OK,OK,1625,17:21:42,New Time State,Unique,,0.0
2025-12-16 17.32.04.png,2025-12-16T17:32:04Z,16/25,16/25,OK,100,OK,5.723,OK,OK,OK,OK,OK,OK,OK,16/25,17:21:47,New Time State,Redundant (Next),Next: 2025-12-16 17.32.07.png,0.0
2025-12-16 17.32.07.png,2025-12-16T17:32:07Z,16/25,16/25,OK,100,OK,5.723,OK,OK,OK,OK,OK,OK,OK,16/25,17:21:47,Time Static,Redundant (Previous),Prev: 2025-12-16 17.32.04.png,3.0
2025-12-16 17.32.13.png,2025-12-16T17:32:13Z,16/25,16/25,OK,100,OK,5.722,OK,OK,OK,OK,OK,OK,OK,16/25,17:21:52,New Time State,Unique,,0.0
2025-12-16 17.32.16.png,2025-12-16T17:32:16Z,16/25,16/25,OK,100,OK,5.725,OK,OK,OK,OK,OK,OK,OK,16/25,17:21:57,New Time State,Unique,,0.0
2025-12-16 17.32.23.png,2025-12-16T17:32:23Z,16/25,16/25,OK,100,OK,5.722,OK,OK,OK,OK,OK,OK,OK,16/25,17:22:02,New Time State,Unique,,0.0
2025-12-16 17.32.26.png,2025-12-16T17:32:26Z,16/25,16/25,OK,100,OK,5.727,OK,OK,OK,OK,OK,OK,OK,16/25,17:22:07,New Time State,Unique,,0.0
2025-12-16 17.32.32.png,2025-12-16T17:32:32Z,16/25,16/25,OK,100,OK,5.721,OK,OK,OK,OK,OK,OK,OK,16/25,17:22:12,New Time State,Unique,,0.0
2025-12-16 17.32.36.png,2025-12-16T17:32:36Z,16/25,16/25,OK,100,OK,5.722,OK,OK,OK,OK,OK,OK,OK,16/25,17:22:17,New Time State,Unique,,0.0
2025-12-16 17.32.42.png,2025-12-16T17:32:42Z,16/25,16/25,OK,100,OK,5.721,OK,OK,OK,OK,OK,OK,OK,16/25,17:22:22,New Time State,Unique,,0.0
2025-12-16 17.32.48.png,2025-12-16T17:32:48Z,12/16/25,12/16/25,OK,100,OK,5.725,OK,OK,OK,OK,OK,OK,OK,12/16/25,17:22:27,New Time State,Unique,,0.0
2025-12-16 17.32.51.png,2025-12-16T17:32:51Z,16/25,16/25,OK,100,OK,5.72,OK,OK,OK,OK,OK,OK,OK,16/25,17:22:32,New Time State,Unique,,0.0
2025-12-16 17.32.57.png,2025-12-16T17:32:57Z,16/25,16/25,OK,100,OK,5.728,OK,OK,OK,OK,OK,OK,OK,16/25,17:22:37,New Time State,Unique,,0.0
2025-12-16 17.33.03.png,2025-12-16T17:33:03Z,16/25,16/25,OK,100,OK,5.722,OK,OK,OK,OK,OK,OK,OK,16/25,17:22:42,New Time State,Unique,,0.0
2025-12-16 17.33.09.png,2025-12-16T17:33:09Z,16/25,16/25,OK,100,OK,5.727,OK,OK,OK,OK,OK,OK,OK,16/25,17:22:47,New Time State,Unique,,0.0
2025-12-16 17.33.21.png,2025-12-16T17:33:21Z,1625,,OK,100,OK,5.721,OK,OK,OK,OK,OK,OK,OK,1625,17:22:52,New Time State,Redundant (Next),Next: 2025-12-16 17.33.26.png,0.0
2025-12-16 17.33.26.png,2025-12-16T17:33:26Z,16/25,16/25,OK,100,OK,5.721,OK,OK,OK,OK,OK,OK,OK,16/25,17:22:52,Time Static,Redundant (Previous),Prev: 2025-12-16 17.33.21.png,5.0
2025-12-16 17.33.32.png,2025-12-16T17:33:32Z,16/25,16/25,OK,100,OK,5.725,OK,OK,OK,OK,OK,OK,OK,16/25,17:23:11,New Time State,Unique,,0.0
2025-12-16 17.33.35.png,2025-12-16T17:33:35Z,16/25,16/25,OK,100,OK,5.723,OK,OK,OK,OK,OK,OK,OK,16/25,17:23:15,New Time State,Unique,,0.0
2025-12-16 17.33.40.png,2025-12-16T17:33:40Z,16/25,16/25,OK,100,OK,5.726,OK,OK,OK,OK,OK,OK,OK,16/25,17:23:21,New Time State,Redundant (Next),Next: 2025-12-16 17.33.47.png,0.0
2025-12-16 17.33.47.png,2025-12-16T17:33:47Z,16/25,16/25,OK,100,OK,5.726,OK,OK,OK,OK,OK,OK,OK,16/25,17:23:25,New Time State,Redundant (Previous),Prev: 2025-12-16 17.33.40.png,0.0
2025-12-16 17.33.50.png,2025-12-16T17:33:50Z,12/16/25,12/16/25,OK,100,OK,5.724,OK,OK,OK,OK,OK,OK,OK,12/16/25,17:23:30,New Time State,Unique,,0.0
2025-12-16 17.33.56.png,2025-12-16T17:33:56Z,12/16/25,12/16/25,OK,100,OK,5.716,OK,OK,OK,OK,OK,OK,OK,12/16/25,17:23:36,New Time State,Unique,,0.0
2025-12-16 17.33.59.png,2025-12-16T17:33:59Z,16/25,16/25,OK,100,OK,5.726,OK,OK,OK,OK,OK,OK,OK,16/25,17:23:41,New Time State,Redundant (Next),Next: 2025-12-16 17.34.02.png,0.0
2025-12-16 17.34.02.png,2025-12-16T17:34:02Z,16/25,16/25,OK,100,OK,5.726,OK,OK,OK,OK,OK,OK,OK,16/25,17:23:41,Time Static,Redundant (Previous),Prev: 2025-12-16 17.33.59.png,3.0
2025-12-16 17.34.07.png,2025-12-16T17:34:07Z,16/25,16/25,OK,100,OK,5.722,OK,OK,OK,OK,OK,OK,OK,16/25,17:23:46,New Time State,Unique,,0.0
2025-12-16 17.34.10.png,2025-12-16T17:34:10Z,16/25,16/25,OK,100,OK,5.724,OK,OK,OK,OK,OK,OK,OK,16/25,17:23:51,New Time State,Unique,,0.0
2025-12-16 17.34.13.png,2025-12-16T17:34:13Z,16/25,16/25,OK,100,OK,5.719,OK,OK,OK,OK,OK,OK,OK,16/25,17:23:56,New Time State,Redundant (Next),Next: 2025-12-16 17.34.15.png,0.0
2025-12-16 17.34.15.png,2025-12-16T17:34:15Z,16/25,16/25,OK,100,OK,5.719,OK,OK,OK,OK,OK,OK,OK,16/25,17:23:56,Time Static,Redundant (Previous),Prev: 2025-12-16 17.34.13.png,2.0
2025-12-16 17.34.21.png,2025-12-16T17:34:21Z,16/25,16/25,OK,100,OK,5.727,OK,OK,OK,OK,OK,OK,OK,16/25,17:24:01,New Time State,Unique,,0.0
2025-12-16 17.34.27.png,2025-12-16T17:34:27Z,16/25,16/25,OK,100,OK,5.725,OK,OK,OK,OK,OK,OK,OK,16/25,17:24:06,New Time State,Unique,,0.0
2025-12-16 17.34.30.png,2025-12-16T17:34:30Z,16/25,16/25,OK,100,OK,5.728,OK,OK,OK,OK,OK,OK,OK,16/25,17:24:11,New Time State,Unique,,0.0
2025-12-16 17.34.35.png,2025-12-16T17:34:35Z,16/25,16/25,OK,100,OK,5.721,OK,OK,OK,OK,OK,OK,OK,16/25,17:24:16,New Time State,Unique,,0.0
2025-12-16 17.34.41.png,2025-12-16T17:34:41Z,16/25,16/25,OK,100,OK,5.73,OK,OK,OK,OK,OK,OK,OK,16/25,17:24:21,New Time State,Unique,,0.0
2025-12-16 17.34.44.png,2025-12-16T17:34:44Z,1625,,OK,100,OK,5.724,OK,OK,OK,OK,OK,OK,OK,1625,17:24:26,New Time State,Redundant (Next),Next: 2025-12-16 17.34.47.png,0.0
2025-12-16 17.34.47.png,2025-12-16T17:34:47Z,16/25,16/25,OK,100,OK,5.724,OK,OK,OK,OK,OK,OK,OK,16/25,17:24:26,Time Static,Redundant (Previous),Prev: 2025-12-16 17.34.44.png,3.0
2025-12-16 17.34.50.png,2025-12-16T17:34:50Z,16/25,16/25,OK,100,OK,5.73,OK,OK,OK,OK,OK,OK,OK,16/25,17:24:31,New Time State,Unique,,0.0
2025-12-16 17.34.56.png,2025-12-16T17:34:56Z,16/25,16/25,OK,100,OK,5.725,OK,OK,OK,OK,OK,OK,OK,16/25,17:24:36,New Time State,Redundant (Next),Next: 2025-12-16 17.34.59.png,0.0
2025-12-16 17.34.59.png,2025-12-16T17:34:59Z,16/25,16/25,OK,100,OK,5.725,OK,OK,OK,OK,OK,OK,OK,16/25,17:24:41,New Time State,Redundant (Previous) & Redundant (Next),Prev: 2025-12-16 17.34.56.png | Next: 2025-12-16 17.35.02.png,0.0
2025-12-16 17.35.02.png,2025-12-16T17:35:02Z,16/25,16/25,OK,100,OK,5.725,OK,OK,OK,OK,OK,OK,OK,16/25,17:24:41,Time Static,Redundant (Previous),Prev: 2025-12-16 17.34.59.png,3.0
2025-12-16 17.35.07.png,2025-12-16T17:35:07Z,16/25,16/25,OK,100,OK,5.72,OK,OK,OK,OK,OK,OK,OK,16/25,17:24:46,New Time State,Unique,,0.0
2025-12-16 17.35.10.png,2025-12-16T17:35:10Z,16/25,16/25,OK,100,OK,5.724,OK,OK,OK,OK,OK,OK,OK,16/25,17:24:51,New Time State,Unique,,0.0
2025-12-16 17.35.17.png,2025-12-16T17:35:17Z,16/25,16/25,OK,100,OK,5.719,OK,OK,OK,OK,OK,OK,OK,16/25,17:24:56,New Time State,Unique,,0.0
2025-12-16 17.35.20.png,2025-12-16T17:35:20Z,16/25,16/25,OK,100,OK,5.727,OK,OK,OK,OK,OK,OK,OK,16/25,17:25:01,New Time State,Unique,,0.0
2025-12-16 17.35.26.png,2025-12-16T17:35:26Z,16/25,16/25,OK,100,OK,5.719,OK,OK,OK,OK,OK,OK,OK,16/25,17:25:06,New Time State,Unique,,0.0
2025-12-16 17.35.32.png,2025-12-16T17:35:32Z,12/16/25,12/16/25,OK,100,OK,5.727,OK,OK,OK,OK,OK,OK,OK,12/16/25,17:25:11,New Time State,Unique,,0.0
2025-12-16 17.35.35.png,2025-12-16T17:35:35Z,16/25,16/25,OK,100,OK,5.719,OK,OK,OK,OK,OK,OK,OK,16/25,17:25:16,New Time State,Unique,,0.0
2025-12-16 17.35.41.png,2025-12-16T17:35:41Z,Dec-25,Dec-25,OK,100,OK,5.725,OK,OK,OK,OK,OK,OK,OK,Dec-25,17:25:21,New Time State,Unique,,0.0
2025-12-16 17.35.47.png,2025-12-16T17:35:47Z,12/16/25,12/16/25,OK,100,OK,5.72,OK,OK,OK,OK,OK,OK,OK,12/16/25,17:25:26,New Time State,Unique,,0.0
2025-12-16 17.35.50.png,2025-12-16T17:35:50Z,16/25,16/25,OK,100,OK,5.723,OK,OK,OK,OK,OK,OK,OK,16/25,17:25:31,New Time State,Unique,,0.0
2025-12-16 17.35.57.png,2025-12-16T17:35:57Z,16/25,16/25,OK,100,OK,5.719,OK,OK,OK,OK,OK,OK,OK,16/25,17:25:36,New Time State,Unique,,0.0
2025-12-16 17.36.00.png,2025-12-16T17:36:00Z,16/25,16/25,OK,100,OK,5.725,OK,OK,OK,OK,OK,OK,OK,16/25,17:25:41,New Time State,Unique,,0.0
2025-12-16 17.36.19.png,2025-12-16T17:36:19Z,16/25,16/25,OK,100,OK,5.722,OK,OK,OK,OK,OK,OK,OK,16/25,17:25:46,New Time State,Unique,,0.0
2025-12-16 17.36.24.png,2025-12-16T17:36:24Z,16/25,16/25,OK,100,OK,5.726,OK,OK,OK,OK,OK,OK,OK,16/25,17:26:04,New Time State,Unique,,0.0
2025-12-16 17.36.30.png,2025-12-16T17:36:30Z,12/16/25,12/16/25,OK,100,OK,5.722,OK,OK,OK,OK,OK,OK,OK,12/16/25,17:26:09,New Time State,Unique,,0.0
2025-12-16 17.36.35.png,2025-12-16T17:36:35Z,16/25,16/25,OK,100,OK,5.726,OK,OK,OK,OK,OK,OK,OK,16/25,17:26:14,New Time State,Unique,,0.0
2025-12-16 17.36.41.png,2025-12-16T17:36:41Z,16/25,16/25,OK,100,OK,5.72,OK,OK,OK,OK,OK,OK,OK,16/25,17:26:19,New Time State,Unique,,0.0
2025-12-16 17.36.44.png,2025-12-16T17:36:44Z,16/25,16/25,OK,100,OK,5.727,OK,OK,OK,OK,OK,OK,OK,16/25,17:26:24,New Time State,Unique,,0.0
2025-12-16 17.36.50.png,2025-12-16T17:36:50Z,16/25,16/25,OK,100,OK,5.718,OK,OK,OK,OK,OK,OK,OK,16/25,17:26:29,New Time State,Unique,,0.0
2025-12-16 17.36.53.png,2025-12-16T17:36:53Z,16/25,16/25,OK,100,OK,5.726,OK,OK,OK,OK,OK,OK,OK,16/25,17:26:34,New Time State,Unique,,0.0
2025-12-16 17.36.59.png,2025-12-16T17:36:59Z,16/25,16/25,OK,100,OK,5.722,OK,OK,OK,OK,OK,OK,OK,16/25,17:26:39,New Time State,Unique,,0.0
2025-12-16 17.37.05.png,2025-12-16T17:37:05Z,16/25,16/25,OK,100,OK,5.723,OK,OK,OK,OK,OK,OK,OK,16/25,17:26:45,New Time State,Unique,,0.0
2025-12-16 17.37.08.png,2025-12-16T17:37:08Z,16/25,16/25,OK,100,OK,5.718,OK,OK,OK,OK,OK,OK,OK,16/25,17:26:50,New Time State,Redundant (Next),Next: 2025-12-16 17.37.11.png,0.0
2025-12-16 17.37.11.png,2025-12-16T17:37:11Z,16/25,16/25,OK,100,OK,5.718,OK,OK,OK,OK,OK,OK,OK,16/25,17:26:50,Time Static,Redundant (Previous),Prev: 2025-12-16 17.37.08.png,3.0
2025-12-16 17.37.14.png,2025-12-16T17:37:14Z,16/25,16/25,OK,100,OK,5.726,OK,OK,OK,OK,OK,OK,OK,16/25,17:26:55,New Time State,Unique,,0.0
2025-12-16 17.37.19.png,2025-12-16T17:37:19Z,16/25,16/25,OK,100,OK,5.724,OK,OK,OK,OK,OK,OK,OK,16/25,17:27:00,New Time State,Unique,,0.0
2025-12-16 17.37.22.png,2025-12-16T17:37:22Z,16/25,16/25,OK,100,OK,5.729,OK,OK,OK,OK,OK,OK,OK,16/25,17:27:05,New Time State,Redundant (Next),Next: 2025-12-16 17.37.25.png,0.0
2025-12-16 17.37.25.png,2025-12-16T17:37:25Z,16/25,16/25,OK,100,OK,5.729,OK,OK,OK,OK,OK,OK,OK,16/25,17:27:05,Time Static,Redundant (Previous),Prev: 2025-12-16 17.37.22.png,3.0
2025-12-16 17.37.28.png,2025-12-16T17:37:28Z,16/25,16/25,OK,100,OK,5.718,OK,OK,OK,OK,OK,OK,OK,16/25,17:27:10,New Time State,Redundant (Next),Next: 2025-12-16 17.37.31.png,0.0
2025-12-16 17.37.31.png,2025-12-16T17:37:31Z,16,,OK,100,OK,5.718,OK,OK,OK,OK,OK,OK,OK,16,17:27:10,Time Static,Redundant (Previous),Prev: 2025-12-16 17.37.28.png,3.0
2025-12-16 17.37.36.png,2025-12-16T17:37:36Z,16,,OK,100,OK,5.726,OK,OK,OK,OK,OK,OK,OK,16,17:27:15,New Time State,Unique,,0.0
2025-12-16 17.37.39.png,2025-12-16T17:37:39Z,16/25,16/25,OK,100,OK,5.722,OK,OK,OK,OK,OK,OK,OK,16/25,17:27:20,New Time State,Unique,,0.0
2025-12-16 17.37.46.png,2025-12-16T17:37:46Z,16/25,16/25,OK,100,OK,5.729,OK,OK,OK,OK,OK,OK,OK,16/25,17:27:25,New Time State,Unique,,0.0
2025-12-16 17.37.51.png,2025-12-16T17:37:51Z,12/16/25,12/16/25,OK,100,OK,5.72,OK,OK,OK,OK,OK,OK,OK,12/16/25,17:27:30,New Time State,Unique,,0.0
2025-12-16 17.37.54.png,2025-12-16T17:37:54Z,16/25,16/25,OK,100,OK,5.724,OK,OK,OK,OK,OK,OK,OK,16/25,17:27:35,New Time State,Unique,,0.0
2025-12-16 17.37.59.png,2025-12-16T17:37:59Z,16/25,16/25,OK,100,OK,5.721,OK,OK,OK,OK,OK,OK,OK,16/25,17:27:40,New Time State,Unique,,0.0
2025-12-16 17.38.05.png,2025-12-16T17:38:05Z,16/25,16/25,OK,100,OK,5.722,OK,OK,OK,OK,OK,OK,OK,16/25,17:27:45,New Time State,Unique,,0.0
2025-12-16 17.38.10.png,2025-12-16T17:38:10Z,16/25,16/25,OK,100,OK,5.721,OK,OK,OK,OK,OK,OK,OK,16/25,17:27:50,New Time State,Unique,,0.0
2025-12-16 17.38.16.png,2025-12-16T17:38:16Z,16/25,16/25,OK,100,OK,5.724,OK,OK,OK,OK,OK,OK,OK,16/25,17:27:55,New Time State,Unique,,0.0
2025-12-16 17.38.21.png,2025-12-16T17:38:21Z,16/25,16/25,OK,100,OK,5.721,OK,OK,OK,OK,OK,OK,OK,16/25,17:28:00,New Time State,Unique,,0.0
2025-12-16 17.38.26.png,2025-12-16T17:38:26Z,16/25,16/25,OK,100,OK,5.722,OK,OK,OK,OK,OK,OK,OK,16/25,17:28:05,New Time State,Unique,,0.0
2025-12-16 17.38.32.png,2025-12-16T17:38:32Z,16,,OK,100,OK,5.72,OK,OK,OK,OK,OK,OK,OK,16,17:28:10,New Time State,Unique,,0.0
2025-12-16 17.38.34.png,2025-12-16T17:38:34Z,16/25,16/25,OK,100,OK,5.726,OK,OK,OK,OK,OK,OK,OK,16/25,17:28:15,New Time State,Unique,,0.0
2025-12-16 17.38.41.png,2025-12-16T17:38:41Z,12/16/25,12/16/25,OK,100,OK,5.719,OK,OK,OK,OK,OK,OK,OK,12/16/25,17:28:20,New Time State,Unique,,0.0
2025-12-16 17.38.47.png,2025-12-16T17:38:47Z,16/25,16/25,OK,100,OK,5.728,OK,OK,OK,OK,OK,OK,OK,16/25,17:28:25,New Time State,Unique,,0.0
2025-12-16 17.38.50.png,2025-12-16T17:38:50Z,16/25,16/25,OK,100,OK,5.72,OK,OK,OK,OK,OK,OK,OK,16/25,17:28:30,New Time State,Unique,,0.0
2025-12-16 17.38.57.png,2025-12-16T17:38:57Z,12/16/25,12/16/25,OK,100,OK,5.726,OK,OK,OK,OK,OK,OK,OK,12/16/25,17:28:35,New Time State,Unique,,0.0
2025-12-16 17.39.08.png,2025-12-16T17:39:08Z,16/25,16/25,OK,100,OK,5.722,OK,OK,OK,OK,OK,OK,OK,16/25,17:28:40,New Time State,Unique,,0.0
2025-12-16 17.39.10.png,2025-12-16T17:39:10Z,16/25,16/25,OK,100,OK,5.72,OK,OK,OK,OK,OK,OK,OK,16/25,17:28:40,Time Static,Redundant (Next),Next: 2025-12-16 17.39.13.png,2.0
2025-12-16 17.39.13.png,2025-12-16T17:39:13Z,16/25,16/25,OK,100,OK,5.72,OK,OK,OK,OK,OK,OK,OK,16/25,17:28:40,Time Static,Redundant (Previous),Prev: 2025-12-16 17.39.10.png,5.0
2025-12-16 17.39.19.png,2025-12-16T17:39:19Z,16,,OK,100,OK,5.727,OK,OK,OK,OK,OK,OK,OK,16,17:28:58,New Time State,Unique,,0.0
2025-12-16 17.39.23.png,2025-12-16T17:39:23Z,16/25,16/25,OK,100,OK,5.721,OK,OK,OK,OK,OK,OK,OK,16/25,17:29:03,New Time State,Unique,,0.0
2025-12-16 17.39.28.png,2025-12-16T17:39:28Z,16/25,16/25,OK,100,OK,5.729,OK,OK,OK,OK,OK,OK,OK,16/25,17:29:08,New Time State,Unique,,0.0
2025-12-16 17.39.34.png,2025-12-16T17:39:34Z,12/16/25,12/16/25,OK,100,OK,5.723,OK,OK,OK,OK,OK,OK,OK,12/16/25,17:29:13,New Time State,Unique,,0.0
2025-12-16 17.39.37.png,2025-12-16T17:39:37Z,16/25,16/25,OK,100,OK,5.729,OK,OK,OK,OK,OK,OK,OK,16/25,17:29:18,New Time State,Unique,,0.0
2025-12-16 17.39.40.png,2025-12-16T17:39:40Z,12/16/25,12/16/25,OK,100,OK,5.72,OK,OK,OK,OK,OK,OK,OK,12/16/25,17:29:23,New Time State,Redundant (Next),Next: 2025-12-16 17.39.43.png,0.0
2025-12-16 17.39.43.png,2025-12-16T17:39:43Z,16/25,16/25,OK,100,OK,5.72,OK,OK,OK,OK,OK,OK,OK,16/25,17:29:23,Time Static,Redundant (Previous),Prev: 2025-12-16 17.39.40.png,3.0
2025-12-16 17.39.54.png,2025-12-16T17:39:54Z,16/25,16/25,OK,100,OK,5.722,OK,OK,OK,OK,OK,OK,OK,16/25,17:29:29,New Time State,Unique,,0.0
2025-12-16 17.39.58.png,2025-12-16T17:39:58Z,16/25,16/25,OK,100,OK,5.728,OK,OK,OK,OK,OK,OK,OK,16/25,17:29:39,New Time State,Unique,,0.0
2025-12-16 17.40.04.png,2025-12-16T17:40:04Z,16/25,16/25,OK,100,OK,5.722,OK,OK,OK,OK,OK,OK,OK,16/25,17:29:44,New Time State,Unique,,0.0
2025-12-16 17.40.09.png,2025-12-16T17:40:09Z,16/25,16/25,OK,100,OK,5.727,OK,OK,OK,OK,OK,OK,OK,16/25,17:29:49,New Time State,Unique,,0.0
2025-12-16 17.40.15.png,2025-12-16T17:40:15Z,16/25,16/25,OK,100,OK,5.724,OK,OK,OK,OK,OK,OK,OK,16/25,17:29:54,New Time State,Unique,,0.0
2025-12-16 17.40.20.png,2025-12-16T17:40:20Z,16/25,16/25,OK,100,OK,5.726,OK,OK,OK,OK,OK,OK,OK,16/25,17:29:59,New Time State,Unique,,0.0
2025-12-16 17.40.23.png,2025-12-16T17:40:23Z,16/25,16/25,OK,100,OK,5.721,OK,OK,OK,OK,OK,OK,OK,16/25,17:30:04,New Time State,Unique,,0.0
2025-12-16 17.40.29.png,2025-12-16T17:40:29Z,16/25,16/25,OK,100,OK,5.731,OK,OK,OK,OK,OK,OK,OK,16/25,17:30:09,New Time State,Unique,,0.0
2025-12-16 17.40.35.png,2025-12-16T17:40:35Z,1626,,OK,100,OK,5.724,OK,OK,OK,OK,OK,OK,OK,1626,17:30:14,New Time State,Unique,,0.0
2025-12-16 17.40.38.png,2025-12-16T17:40:38Z,16/25,16/25,OK,100,OK,5.73,OK,OK,OK,OK,OK,OK,OK,16/25,17:30:19,New Time State,Unique,,0.0
2025-12-16 17.40.45.png,2025-12-16T17:40:45Z,16/25,16/25,OK,100,OK,5.723,OK,OK,OK,OK,OK,OK,OK,16/25,17:30:24,New Time State,Unique,,0.0
2025-12-16 17.40.48.png,2025-12-16T17:40:48Z,16/25,16/25,OK,100,OK,5.726,OK,OK,OK,OK,OK,OK,OK,16/25,17:30:29,New Time State,Unique,,0.0
2025-12-16 17.40.54.png,2025-12-16T17:40:54Z,12/16/25,12/16/25,OK,100,OK,5.722,OK,OK,OK,OK,OK,OK,OK,12/16/25,17:30:34,New Time State,Unique,,0.0
2025-12-16 17.41.00.png,2025-12-16T17:41:00Z,16/25,16/25,OK,100,OK,5.726,OK,OK,OK,OK,OK,OK,OK,16/25,17:30:39,New Time State,Unique,,0.0
2025-12-16 17.41.05.png,2025-12-16T17:41:05Z,16/25,16/25,OK,100,OK,5.722,OK,OK,OK,OK,OK,OK,OK,16/25,17:30:44,New Time State,Unique,,0.0
2025-12-16 17.41.10.png,2025-12-16T17:41:10Z,16/25,16/25,OK,100,OK,5.727,OK,OK,OK,OK,OK,OK,OK,16/25,17:30:49,New Time State,Unique,,0.0
2025-12-16 17.41.13.png,2025-12-16T17:41:13Z,12/16/25,12/16/25,OK,100,OK,5.721,OK,OK,OK,OK,OK,OK,OK,12/16/25,17:30:54,New Time State,Unique,,0.0
2025-12-16 17.41.19.png,2025-12-16T17:41:19Z,12/16/25,12/16/25,OK,100,OK,5.722,OK,OK,OK,OK,OK,OK,OK,12/16/25,17:30:59,New Time State,Unique,,0.0
2025-12-16 17.41.25.png,2025-12-16T17:41:25Z,12/16/25,12/16/25,OK,100,OK,5.716,OK,OK,OK,OK,OK,OK,OK,12/16/25,17:31:04,New Time State,Unique,,0.0
2025-12-16 17.41.28.png,2025-12-16T17:41:28Z,16/25,16/25,OK,100,OK,5.724,OK,OK,OK,OK,OK,OK,OK,16/25,17:31:09,New Time State,Unique,,0.0
2025-12-16 17.41.34.png,2025-12-16T17:41:34Z,12/16/25,12/16/25,OK,100,OK,5.723,OK,OK,OK,OK,OK,OK,OK,12/16/25,17:31:14,New Time State,Unique,,0.0
2025-12-16 17.41.37.png,2025-12-16T17:41:37Z,16/25,16/25,OK,100,OK,5.73,OK,OK,OK,OK,OK,OK,OK,16/25,17:31:19,New Time State,Redundant (Next),Next: 2025-12-16 17.41.40.png,0.0
2025-12-16 17.41.40.png,2025-12-16T17:41:40Z,16/25,16/25,OK,100,OK,5.73,OK,OK,OK,OK,OK,OK,OK,16/25,17:31:19,Time Static,Redundant (Previous),Prev: 2025-12-16 17.41.37.png,3.0
2025-12-16 17.41.46.png,2025-12-16T17:41:46Z,16/25,16/25,OK,100,OK,5.72,OK,OK,OK,OK,OK,OK,OK,16/25,17:31:24,New Time State,Unique,,0.0
2025-12-16 17.41.48.png,2025-12-16T17:41:48Z,12/16/25,12/16/25,OK,100,OK,5.726,OK,OK,OK,OK,OK,OK,OK,12/16/25,17:31:29,New Time State,Unique,,0.0
2025-12-16 17.42.07.png,2025-12-16T17:42:07Z,16,,OK,100,OK,5.722,OK,OK,OK,OK,OK,OK,OK,16,17:31:34,New Time State,Unique,,0.0
2025-12-16 17.42.13.png,2025-12-16T17:42:13Z,12/16/25,12/16/25,OK,100,OK,5.723,OK,OK,OK,OK,OK,OK,OK,12/16/25,17:31:52,New Time State,Unique,,0.0
2025-12-16 17.42.16.png,2025-12-16T17:42:16Z,1626,,OK,100,OK,5.721,OK,OK,OK,OK,OK,OK,OK,1626,17:31:57,New Time State,Unique,,0.0
2025-12-16 17.42.23.png,2025-12-16T17:42:23Z,16/25,16/25,OK,100,OK,5.722,OK,OK,OK,OK,OK,OK,OK,16/25,17:32:02,New Time State,Unique,,0.0
2025-12-16 17.42.29.png,2025-12-16T17:42:29Z,16/25,16/25,OK,100,OK,5.721,OK,OK,OK,OK,OK,OK,OK,16/25,17:32:07,New Time State,Unique,,0.0
2025-12-16 17.42.31.png,2025-12-16T17:42:31Z,16/25,16/25,OK,100,OK,5.728,OK,OK,OK,OK,OK,OK,OK,16/25,17:32:12,New Time State,Unique,,0.0
2025-12-16 17.42.38.png,2025-12-16T17:42:38Z,16/25,16/25,OK,100,OK,5.719,OK,OK,OK,OK,OK,OK,OK,16/25,17:32:17,New Time State,Unique,,0.0
2025-12-16 17.42.41.png,2025-12-16T17:42:41Z,16/25,16/25,OK,100,OK,5.722,OK,OK,OK,OK,OK,OK,OK,16/25,17:32:22,New Time State,Unique,,0.0
2025-12-16 17.42.48.png,2025-12-16T17:42:48Z,16/25,16/25,OK,100,OK,5.72,OK,OK,OK,OK,OK,OK,OK,16/25,17:32:27,New Time State,Unique,,0.0
2025-12-16 17.42.54.png,2025-12-16T17:42:54Z,16/25,16/25,OK,100,OK,5.728,OK,OK,OK,OK,OK,OK,OK,16/25,17:32:32,New Time State,Unique,,0.0
2025-12-16 17.42.57.png,2025-12-16T17:42:57Z,12/16/25,12/16/25,OK,100,OK,5.717,OK,OK,OK,OK,OK,OK,OK,12/16/25,17:32:37,New Time State,Unique,,0.0
2025-12-16 17.43.02.png,2025-12-16T17:43:02Z,16/25,16/25,OK,100,OK,5.727,OK,OK,OK,OK,OK,OK,OK,16/25,17:32:42,New Time State,Unique,,0.0
2025-12-16 17.43.08.png,2025-12-16T17:43:08Z,16/25,16/25,OK,100,OK,5.721,OK,OK,OK,OK,OK,OK,OK,16/25,17:32:48,New Time State,Unique,,0.0
2025-12-16 17.43.14.png,2025-12-16T17:43:14Z,12/16/25,12/16/25,OK,100,OK,5.727,OK,OK,OK,OK,OK,OK,OK,12/16/25,17:32:53,New Time State,Unique,,0.0
2025-12-16 17.43.17.png,2025-12-16T17:43:17Z,12/16/25,12/16/25,OK,100,OK,5.719,OK,OK,OK,OK,OK,OK,OK,12/16/25,17:32:58,New Time State,Unique,,0.0
2025-12-16 17.43.20.png,2025-12-16T17:43:20Z,16/25,16/25,OK,100,OK,5.724,OK,OK,OK,OK,OK,OK,OK,16/25,17:33:03,New Time State,Redundant (Next),Next: 2025-12-16 17.43.22.png,0.0
2025-12-16 17.43.22.png,2025-12-16T17:43:22Z,16/25,16/25,OK,100,OK,5.724,OK,OK,OK,OK,OK,OK,OK,16/25,17:33:03,Time Static,Redundant (Previous),Prev: 2025-12-16 17.43.20.png,2.0
2025-12-16 17.43.28.png,2025-12-16T17:43:28Z,1625,,OK,100,OK,5.725,OK,OK,OK,OK,OK,OK,OK,1625,17:33:08,New Time State,Unique,,0.0
2025-12-16 17.43.31.png,2025-12-16T17:43:31Z,16/25,16/25,OK,100,OK,5.726,OK,OK,OK,OK,OK,OK,OK,16/25,17:33:13,New Time State,Redundant (Next),Next: 2025-12-16 17.43.34.png,0.0
2025-12-16 17.43.34.png,2025-12-16T17:43:34Z,125,,OK,100,OK,5.726,OK,OK,OK,OK,OK,OK,OK,125,17:33:13,Time Static,Redundant (Previous),Prev: 2025-12-16 17.43.31.png,3.0
2025-12-16 17.43.37.png,2025-12-16T17:43:37Z,16/25,16/25,OK,100,OK,5.718,OK,OK,OK,OK,OK,OK,OK,16/25,17:33:18,New Time State,Unique,,0.0
2025-12-16 17.43.44.png,2025-12-16T17:43:44Z,16/25,16/25,OK,100,OK,5.725,OK,OK,OK,OK,OK,OK,OK,16/25,17:33:23,New Time State,Unique,,0.0
2025-12-16 17.43.49.png,2025-12-16T17:43:49Z,16/25,16/25,OK,100,OK,5.718,OK,OK,OK,OK,OK,OK,OK,16/25,17:33:28,New Time State,Unique,,0.0
2025-12-16 17.43.52.png,2025-12-16T17:43:52Z,16/25,16/25,OK,100,OK,5.724,OK,OK,OK,OK,OK,OK,OK,16/25,17:33:33,New Time State,Unique,,0.0
2025-12-16 17.43.58.png,2025-12-16T17:43:58Z,16/25,16/25,OK,100,OK,5.721,OK,OK,OK,OK,OK,OK,OK,16/25,17:33:38,New Time State,Unique,,0.0
2025-12-16 17.44.04.png,2025-12-16T17:44:04Z,16/25,16/25,OK,100,OK,5.728,OK,OK,OK,OK,OK,OK,OK,16/25,17:33:43,New Time State,Unique,,0.0
2025-12-16 17.44.09.png,2025-12-16T17:44:09Z,16/25,16/25,OK,100,OK,5.72,OK,OK,OK,OK,OK,OK,OK,16/25,17:33:48,New Time State,Unique,,0.0
2025-12-16 17.44.12.png,2025-12-16T17:44:12Z,16/25,16/25,OK,100,OK,5.724,OK,OK,OK,OK,OK,OK,OK,16/25,17:33:53,New Time State,Redundant (Next),Next: 2025-12-16 17.44.14.png,0.0
2025-12-16 17.44.14.png,2025-12-16T17:44:14Z,16/25,16/25,OK,100,OK,5.724,OK,OK,OK,OK,OK,OK,OK,16/25,17:33:53,Time Static,Redundant (Previous),Prev: 2025-12-16 17.44.12.png,2.0
2025-12-16 17.44.18.png,2025-12-16T17:44:18Z,16/25,16/25,OK,100,OK,5.722,OK,OK,OK,OK,OK,OK,OK,16/25,17:33:58,New Time State,Unique,,0.0
2025-12-16 17.44.24.png,2025-12-16T17:44:24Z,16,,OK,100,OK,5.725,OK,OK,OK,OK,OK,OK,OK,16,17:34:03,New Time State,Unique,,0.0
2025-12-16 17.44.29.png,2025-12-16T17:44:29Z,16/25,16/25,OK,100,OK,5.721,OK,OK,OK,OK,OK,OK,OK,16/25,17:34:08,New Time State,Unique,,0.0
2025-12-16 17.44.35.png,2025-12-16T17:44:35Z,12/16/25,12/16/25,OK,100,OK,5.723,OK,OK,OK,OK,OK,OK,OK,12/16/25,17:34:13,New Time State,Unique,,0.0
2025-12-16 17.44.38.png,2025-12-16T17:44:38Z,16/25,16/25,OK,100,OK,5.719,OK,OK,OK,OK,OK,OK,OK,16/25,17:34:18,New Time State,Unique,,0.0
2025-12-16 17.44.43.png,2025-12-16T17:44:43Z,12/16/25,12/16/25,OK,100,OK,5.727,OK,OK,OK,OK,OK,OK,OK,12/16/25,17:34:23,New Time State,Unique,,0.0
2025-12-16 17.45.03.png,2025-12-16T17:45:03Z,16/25,16/25,OK,100,OK,5.717,OK,OK,OK,OK,OK,OK,OK,16/25,17:34:28,New Time State,Unique,,0.0
2025-12-16 17.45.06.png,2025-12-16T17:45:06Z,16/25,16/25,OK,100,OK,5.725,OK,OK,OK,OK,OK,OK,OK,16/25,17:34:47,New Time State,Unique,,0.0
2025-12-16 17.45.11.png,2025-12-16T17:45:11Z,16/25,16/25,OK,100,OK,5.723,OK,OK,OK,OK,OK,OK,OK,16/25,17:34:52,New Time State,Unique,,0.0
2025-12-16 17.45.17.png,2025-12-16T17:45:17Z,12/16/25,12/16/25,OK,100,OK,5.721,OK,OK,OK,OK,OK,OK,OK,12/16/25,17:34:57,New Time State,Redundant (Next),Next: 2025-12-16 17.45.23.png,0.0
2025-12-16 17.45.23.png,2025-12-16T17:45:23Z,16/25,16/25,OK,100,OK,5.721,OK,OK,OK,OK,OK,OK,OK,16/25,17:35:02,New Time State,Redundant (Previous),Prev: 2025-12-16 17.45.17.png,0.0
2025-12-16 17.45.28.png,2025-12-16T17:45:28Z,16/25,16/25,OK,100,OK,5.727,OK,OK,OK,OK,OK,OK,OK,16/25,17:35:07,New Time State,Unique,,0.0
2025-12-16 17.45.31.png,2025-12-16T17:45:31Z,16525,16525,OK,100,OK,5.72,OK,OK,OK,OK,OK,OK,OK,16525,17:35:12,New Time State,Unique,,0.0
2025-12-16 17.45.37.png,2025-12-16T17:45:37Z,16/25,16/25,OK,100,OK,5.728,OK,OK,OK,OK,OK,OK,OK,16/25,17:35:17,New Time State,Unique,,0.0
2025-12-16 17.45.43.png,2025-12-16T17:45:43Z,16/25,16/25,OK,100,OK,5.723,OK,OK,OK,OK,OK,OK,OK,16/25,17:35:22,New Time State,Unique,,0.0
2025-12-16 17.45.48.png,2025-12-16T17:45:48Z,16/25,16/25,OK,100,OK,5.724,OK,OK,OK,OK,OK,OK,OK,16/25,17:35:27,New Time State,Unique,,0.0
2025-12-16 17.45.51.png,2025-12-16T17:45:51Z,16/25,16/25,OK,100,OK,5.718,OK,OK,OK,OK,OK,OK,OK,16/25,17:35:32,New Time State,Unique,,0.0
2025-12-16 17.45.57.png,2025-12-16T17:45:57Z,16/25,16/25,OK,100,OK,5.725,OK,OK,OK,OK,OK,OK,OK,16/25,17:35:37,New Time State,Unique,,0.0
2025-12-16 17.46.02.png,2025-12-16T17:46:02Z,16/25,16/25,OK,100,OK,5.723,OK,OK,OK,OK,OK,OK,OK,16/25,17:35:42,New Time State,Unique,,0.0
2025-12-16 17.46.08.png,2025-12-16T17:46:08Z,16/25,16/25,OK,100,OK,5.724,OK,OK,OK,OK,OK,OK,OK,16/25,17:35:47,New Time State,Unique,,0.0
2025-12-16 17.46.11.png,2025-12-16T17:46:11Z,16/25,16/25,OK,100,OK,5.722,OK,OK,OK,OK,OK,OK,OK,16/25,17:35:52,New Time State,Unique,,0.0
2025-12-16 17.46.17.png,2025-12-16T17:46:17Z,16/25,16/25,OK,100,OK,5.728,OK,OK,OK,OK,OK,OK,OK,16/25,17:35:57,New Time State,Unique,,0.0
2025-12-16 17.46.21.png,2025-12-16T17:46:21Z,16/25,16/25,OK,100,OK,5.724,OK,OK,OK,OK,OK,OK,OK,16/25,17:36:02,New Time State,Unique,,0.0
2025-12-16 17.46.27.png,2025-12-16T17:46:27Z,16/25,16/25,OK,100,OK,5.727,OK,OK,OK,OK,OK,OK,OK,16/25,17:36:07,New Time State,Unique,,0.0
2025-12-16 17.46.30.png,2025-12-16T17:46:30Z,16/25,16/25,OK,100,OK,5.722,OK,OK,OK,OK,OK,OK,OK,16/25,17:36:12,New Time State,Redundant (Next),Next: 2025-12-16 17.46.33.png,0.0
2025-12-16 17.46.33.png,2025-12-16T17:46:33Z,16/25,16/25,OK,100,OK,5.722,OK,OK,OK,OK,OK,OK,OK,16/25,17:36:12,Time Static,Redundant (Previous),Prev: 2025-12-16 17.46.30.png,3.0
2025-12-16 17.46.36.png,2025-12-16T17:46:36Z,16/25,16/25,OK,100,OK,5.726,OK,OK,OK,OK,OK,OK,OK,16/25,17:36:17,New Time State,Unique,,0.0
2025-12-16 17.46.42.png,2025-12-16T17:46:42Z,16/25,16/25,OK,100,OK,5.719,OK,OK,OK,OK,OK,OK,OK,16/25,17:36:22,New Time State,Unique,,0.0
2025-12-16 17.46.47.png,2025-12-16T17:46:47Z,16/25,16/25,OK,100,OK,5.724,OK,OK,OK,OK,OK,OK,OK,16/25,17:36:27,New Time State,Unique,,0.0
2025-12-16 17.46.53.png,2025-12-16T17:46:53Z,16/25,16/25,OK,100,OK,5.72,OK,OK,OK,OK,OK,OK,OK,16/25,17:36:32,New Time State,Unique,,0.0
2025-12-16 17.46.57.png,2025-12-16T17:46:57Z,16/25,16/25,OK,100,OK,5.726,OK,OK,OK,OK,OK,OK,OK,16/25,17:36:37,New Time State,Unique,,0.0
2025-12-16 17.47.03.png,2025-12-16T17:47:03Z,16/25,16/25,OK,100,OK,5.723,OK,OK,OK,OK,OK,OK,OK,16/25,17:36:42,New Time State,Unique,,0.0
2025-12-16 17.47.09.png,2025-12-16T17:47:09Z,16/25,16/25,OK,100,OK,5.728,OK,OK,OK,OK,OK,OK,OK,16/25,17:36:47,New Time State,Unique,,0.0
2025-12-16 17.47.11.png,2025-12-16T17:47:11Z,16/25,16/25,OK,100,OK,5.72,OK,OK,OK,OK,OK,OK,OK,16/25,17:36:52,New Time State,Unique,,0.0
2025-12-16 17.47.18.png,2025-12-16T17:47:18Z,16/25,16/25,OK,100,OK,5.727,OK,OK,OK,OK,OK,OK,OK,16/25,17:36:57,New Time State,Unique,,0.0
2025-12-16 17.47.23.png,2025-12-16T17:47:23Z,16/25,16/25,OK,100,OK,5.724,OK,OK,OK,OK,OK,OK,OK,16/25,17:37:02,New Time State,Unique,,0.0
2025-12-16 17.47.26.png,2025-12-16T17:47:26Z,16/25,16/25,OK,100,OK,5.726,OK,OK,OK,OK,OK,OK,OK,16/25,17:37:07,New Time State,Unique,,0.0
2025-12-16 17.47.32.png,2025-12-16T17:47:32Z,16/25,16/25,OK,100,OK,5.718,OK,OK,OK,OK,OK,OK,OK,16/25,17:37:12,New Time State,Unique,,0.0
2025-12-16 17.47.38.png,2025-12-16T17:47:38Z,16/25,16/25,OK,100,OK,5.724,OK,OK,OK,OK,OK,OK,OK,16/25,17:37:18,New Time State,Unique,,0.0
2025-12-16 17.48.05.png,2025-12-16T17:48:05Z,16/25,16/25,OK,100,OK,5.721,OK,OK,OK,OK,OK,OK,OK,16/25,17:37:22,New Time State,Redundant (Next),Next: 2025-12-16 17.48.14.png,0.0
2025-12-16 17.48.14.png,2025-12-16T17:48:14Z,16/25,16/25,OK,100,OK,5.721,OK,OK,OK,OK,OK,OK,OK,16/25,17:37:22,Time Static,Redundant (Previous) & Redundant (Next),Prev: 2025-12-16 17.48.05.png | Next: 2025-12-16 17.48.17.png,9.0
2025-12-16 17.48.17.png,2025-12-16T17:48:17Z,16/25,16/25,OK,100,OK,5.721,OK,OK,OK,OK,OK,OK,OK,16/25,17:37:22,Time Frozen (>10s),Redundant (Previous) & Redundant (Next),Prev: 2025-12-16 17.48.14.png | Next: 2025-12-16 17.49.03.png,12.0
2025-12-16 17.49.03.png,2025-12-16T17:49:03Z,16/25,16/25,OK,100,OK,5.721,OK,OK,OK,OK,OK,OK,OK,16/25,17:37:22,Time Frozen (>10s),Redundant (Previous),Prev: 2025-12-16 17.48.17.png,58.0
2025-12-16 17.49.06.png,2025-12-16T17:49:06Z,16/25,16/25,OK,100,OK,5.722,OK,OK,OK,OK,OK,OK,OK,16/25,17:37:22,Time Frozen (>10s),Unique,,61.0
2025-12-16 17.50.36.png,2025-12-16T17:50:36Z,12/16/25,12/16/25,OK,100,OK,5.721,OK,OK,OK,OK,OK,OK,OK,12/16/25,17:37:22,Time Frozen (>10s),Redundant (Next),Next: 2025-12-16 17.50.39.png,151.0
2025-12-16 17.50.39.png,2025-12-16T17:50:39Z,16/25,16/25,OK,100,OK,5.721,OK,OK,OK,OK,OK,OK,OK,16/25,17:37:22,Time Frozen (>10s),Redundant (Previous) & Redundant (Next),Prev: 2025-12-16 17.50.36.png | Next: 2025-12-16 17.50.44.png,154.0
2025-12-16 17.50.44.png,2025-12-16T17:50:44Z,12/16/25,12/16/25,OK,100,OK,5.721,OK,OK,OK,OK,OK,OK,OK,12/16/25,17:37:22,Time Frozen (>10s),Redundant (Previous) & Redundant (Next),Prev: 2025-12-16 17.50.39.png | Next: 2025-12-16 17.50.48.png,159.0
2025-12-16 17.50.48.png,2025-12-16T17:50:48Z,12/16/25,12/16/25,OK,100,OK,5.721,OK,OK,OK,OK,OK,OK,OK,12/16/25,17:37:22,Time Frozen (>10s),Redundant (Previous) & Redundant (Next),Prev: 2025-12-16 17.50.44.png | Next: 2025-12-16 17.51.23.png,163.0
2025-12-16 17.51.23.png,2025-12-16T17:51:23Z,16/25,16/25,OK,100,OK,5.721,OK,OK,OK,OK,OK,OK,OK,16/25,17:37:22,Time Frozen (>10s),Redundant (Previous) & Redundant (Next),Prev: 2025-12-16 17.50.48.png | Next: 2025-12-16 17.51.26.png,198.0
2025-12-16 17.51.26.png,2025-12-16T17:51:26Z,16/25,16/25,OK,100,OK,5.721,OK,OK,OK,OK,OK,OK,OK,16/25,17:37:22,Time Frozen (>10s),Redundant (Previous) & Redundant (Next),Prev: 2025-12-16 17.51.23.png | Next: 2025-12-16 17.52.02.png,201.0
2025-12-16 17.52.02.png,2025-12-16T17:52:02Z,16/25,16/25,OK,100,OK,5.721,OK,OK,OK,OK,OK,OK,OK,16/25,17:37:22,Time Frozen (>10s),Redundant (Previous) & Redundant (Next),Prev: 2025-12-16 17.51.26.png | Next: 2025-12-16 17.52.07.png,237.0
2025-12-16 17.52.07.png,2025-12-16T17:52:07Z,16/25,16/25,OK,100,OK,5.721,OK,OK,OK,OK,OK,OK,OK,16/25,17:37:22,Time Frozen (>10s),Redundant (Previous),Prev: 2025-12-16 17.52.02.png,242.0
2025-12-16 17.52.10.png,2025-12-16T17:52:10Z,16/25,16/25,OK,100,OK,5.722,OK,OK,OK,OK,OK,OK,OK,16/25,17:37:22,Time Frozen (>10s),Unique,,245.0
2025-12-16 17.52.46.png,2025-12-16T17:52:46Z,16/25,16/25,OK,100,OK,5.721,OK,OK,OK,OK,OK,OK,OK,16/25,17:37:22,Time Frozen (>10s),Redundant (Next),Next: 2025-12-16 17.52.48.png,281.0
2025-12-16 17.52.48.png,2025-12-16T17:52:48Z,12/16/25,12/16/25,OK,100,OK,5.721,OK,OK,OK,OK,OK,OK,OK,12/16/25,17:37:22,Time Frozen (>10s),Redundant (Previous),Prev: 2025-12-16 17.52.46.png,283.0
2025-12-16 17.52.54.png,2025-12-16T17:52:54Z,16/25,16/25,OK,100,OK,5.722,OK,OK,OK,OK,OK,OK,OK,16/25,17:37:22,Time Frozen (>10s),Unique,,289.0
2025-12-16 17.53.11.png,2025-12-16T17:53:11Z,16/25,16/25,OK,100,OK,5.721,OK,OK,OK,OK,OK,OK,OK,16/25,17:37:22,Time Frozen (>10s),Redundant (Next),Next: 2025-12-16 17.53.14.png,306.0
2025-12-16 17.53.14.png,2025-12-16T17:53:14Z,16/25,16/25,OK,100,OK,5.721,OK,OK,OK,OK,OK,OK,OK,16/25,17:37:22,Time Frozen (>10s),Redundant (Previous) & Redundant (Next),Prev: 2025-12-16 17.53.11.png | Next: 2025-12-16 17.53.20.png,309.0
2025-12-16 17.53.20.png,2025-12-16T17:53:20Z,1625,,OK,100,OK,5.721,OK,OK,OK,OK,OK,OK,OK,1625,17:37:22,Time Frozen (>10s),Redundant (Previous) & Redundant (Next),Prev: 2025-12-16 17.53.14.png | Next: 2025-12-16 17.53.23.png,315.0
2025-12-16 17.53.23.png,2025-12-16T17:53:23Z,16/25,16/25,OK,100,OK,5.721,OK,OK,OK,OK,OK,OK,OK,16/25,17:37:22,Time Frozen (>10s),Redundant (Previous) & Redundant (Next),Prev: 2025-12-16 17.53.20.png | Next: 2025-12-16 17.54.11.png,318.0
2025-12-16 17.54.11.png,2025-12-16T17:54:11Z,16/25,16/25,OK,100,OK,5.721,OK,OK,OK,OK,OK,OK,OK,16/25,17:37:22,Time Frozen (>10s),Redundant (Previous),Prev: 2025-12-16 17.53.23.png,366.0
2025-12-16 17.54.17.png,2025-12-16T17:54:17Z,16/25,16/25,OK,100,OK,5.727,OK,OK,OK,OK,OK,OK,OK,16/25,17:43:57,New Time State,Unique,,0.0
2025-12-16 17.54.24.png,2025-12-16T17:54:24Z,16/25,16/25,OK,100,OK,5.718,OK,OK,OK,OK,OK,OK,OK,16/25,17:44:02,New Time State,Unique,,0.0
2025-12-16 17.54.27.png,2025-12-16T17:54:27Z,16/25,16/25,OK,100,OK,5.723,OK,OK,OK,OK,OK,OK,OK,16/25,17:44:08,New Time State,Unique,,0.0
2025-12-16 17.54.33.png,2025-12-16T17:54:33Z,16/25,16/25,OK,100,OK,5.719,OK,OK,OK,OK,OK,OK,OK,16/25,17:44:13,New Time State,Unique,,0.0
2025-12-16 17.54.39.png,2025-12-16T17:54:39Z,16/25,16/25,OK,100,OK,5.723,OK,OK,OK,OK,OK,OK,OK,16/25,17:44:18,New Time State,Unique,,0.0
2025-12-16 17.54.42.png,2025-12-16T17:54:42Z,16/25,16/25,OK,100,OK,5.716,OK,OK,OK,OK,OK,OK,OK,16/25,17:44:23,New Time State,Unique,,0.0
2025-12-16 17.54.49.png,2025-12-16T17:54:49Z,16/25,16/25,OK,100,OK,5.723,OK,OK,OK,OK,OK,OK,OK,16/25,17:44:28,New Time State,Unique,,0.0
2025-12-16 17.54.51.png,2025-12-16T17:54:51Z,12/16/25,12/16/25,OK,100,OK,5.717,OK,OK,OK,OK,OK,OK,OK,12/16/25,17:44:33,New Time State,Unique,,0.0
2025-12-16 17.54.58.png,2025-12-16T17:54:58Z,16/25,16/25,OK,100,OK,5.724,OK,OK,OK,OK,OK,OK,OK,16/25,17:44:38,New Time State,Unique,,0.0
2025-12-16 17.55.04.png,2025-12-16T17:55:04Z,16/25,16/25,OK,100,OK,5.719,OK,OK,OK,OK,OK,OK,OK,16/25,17:44:43,New Time State,Unique,,0.0
2025-12-16 17.55.07.png,2025-12-16T17:55:07Z,16/25,16/25,OK,100,OK,5.724,OK,OK,OK,OK,OK,OK,OK,16/25,17:44:48,New Time State,Unique,,0.0
2025-12-16 17.55.14.png,2025-12-16T17:55:14Z,16/25,16/25,OK,100,OK,5.72,OK,OK,OK,OK,OK,OK,OK,16/25,17:44:53,New Time State,Unique,,0.0
2025-12-16 17.55.17.png,2025-12-16T17:55:17Z,16/25,16/25,OK,100,OK,5.722,OK,OK,OK,OK,OK,OK,OK,16/25,17:44:58,New Time State,Unique,,0.0
2025-12-16 17.55.19.png,2025-12-16T17:55:19Z,12/16/25,12/16/25,OK,100,OK,5.725,OK,OK,OK,OK,OK,OK,OK,12/16/25,17:44:58,Time Static,Unique,,2.0
2025-12-16 17.55.22.png,2025-12-16T17:55:22Z,16/25,16/25,OK,100,OK,5.72,OK,OK,OK,OK,OK,OK,OK,16/25,17:45:03,New Time State,Unique,,0.0
2025-12-16 17.55.27.png,2025-12-16T17:55:27Z,16/25,16/25,OK,100,OK,5.724,OK,OK,OK,OK,OK,OK,OK,16/25,17:45:08,New Time State,Unique,,0.0
2025-12-16 17.55.34.png,2025-12-16T17:55:34Z,12/16/25,12/16/25,OK,100,OK,5.715,OK,OK,OK,OK,OK,OK,OK,12/16/25,17:45:13,New Time State,Unique,,0.0
2025-12-16 17.55.39.png,2025-12-16T17:55:39Z,16/25,16/25,OK,100,OK,5.723,OK,OK,OK,OK,OK,OK,OK,16/25,17:45:18,New Time State,Unique,,0.0
2025-12-16 17.55.45.png,2025-12-16T17:55:45Z,16/25,16/25,OK,100,OK,5.72,OK,OK,OK,OK,OK,OK,OK,16/25,17:45:23,New Time State,Unique,,0.0
2025-12-16 17.55.48.png,2025-12-16T17:55:48Z,16/25,16/25,OK,100,OK,5.727,OK,OK,OK,OK,OK,OK,OK,16/25,17:45:28,New Time State,Unique,,0.0
2025-12-16 17.55.54.png,2025-12-16T17:55:54Z,16/25,16/25,OK,100,OK,5.722,OK,OK,OK,OK,OK,OK,OK,16/25,17:45:33,New Time State,Unique,,0.0
2025-12-16 17.56.00.png,2025-12-16T17:56:00Z,16/25,16/25,OK,100,OK,5.726,OK,OK,OK,OK,OK,OK,OK,16/25,17:45:38,New Time State,Unique,,0.0
2025-12-16 17.56.03.png,2025-12-16T17:56:03Z,16/25,16/25,OK,100,OK,5.718,OK,OK,OK,OK,OK,OK,OK,16/25,17:45:43,New Time State,Unique,,0.0
2025-12-16 17.56.09.png,2025-12-16T17:56:09Z,16/25,16/25,OK,100,OK,5.724,OK,OK,OK,OK,OK,OK,OK,16/25,17:45:48,New Time State,Unique,,0.0
2025-12-16 17.56.15.png,2025-12-16T17:56:15Z,1626,,OK,100,OK,5.721,OK,OK,OK,OK,OK,OK,OK,1626,17:45:53,New Time State,Unique,,0.0
2025-12-16 17.56.17.png,2025-12-16T17:56:17Z,12/16/25,12/16/25,OK,100,OK,5.726,OK,OK,OK,OK,OK,OK,OK,12/16/25,17:45:58,New Time State,Unique,,0.0
2025-12-16 17.56.23.png,2025-12-16T17:56:23Z,16/25,16/25,OK,100,OK,5.718,OK,OK,OK,OK,OK,OK,OK,16/25,17:46:03,New Time State,Unique,,0.0
2025-12-16 17.56.28.png,2025-12-16T17:56:28Z,16/25,16/25,OK,100,OK,5.724,OK,OK,OK,OK,OK,OK,OK,16/25,17:46:08,New Time State,Unique,,0.0
2025-12-16 17.56.35.png,2025-12-16T17:56:35Z,16/25,16/25,OK,100,OK,5.72,OK,OK,OK,OK,OK,OK,OK,16/25,17:46:13,New Time State,Unique,,0.0
2025-12-16 17.56.37.png,2025-12-16T17:56:37Z,16/25,16/25,OK,100,OK,5.727,OK,OK,OK,OK,OK,OK,OK,16/25,17:46:18,New Time State,Unique,,0.0
2025-12-16 17.56.43.png,2025-12-16T17:56:43Z,16/25,16/25,OK,100,OK,5.716,OK,OK,OK,OK,OK,OK,OK,16/25,17:46:23,New Time State,Unique,,0.0
2025-12-16 17.56.49.png,2025-12-16T17:56:49Z,12/16/25,12/16/25,OK,100,OK,5.724,OK,OK,OK,OK,OK,OK,OK,12/16/25,17:46:28,New Time State,Unique,,0.0
2025-12-16 17.56.54.png,2025-12-16T17:56:54Z,16/25,16/25,OK,100,OK,5.721,OK,OK,OK,OK,OK,OK,OK,16/25,17:46:33,New Time State,Unique,,0.0
2025-12-16 17.56.57.png,2025-12-16T17:56:57Z,16/25,16/25,OK,100,OK,5.725,OK,OK,OK,OK,OK,OK,OK,16/25,17:46:38,New Time State,Unique,,0.0
2025-12-16 17.57.06.png,2025-12-16T17:57:06Z,16,,OK,100,OK,5.718,OK,OK,OK,OK,OK,OK,OK,16,17:46:44,New Time State,Redundant (Next),Next: 2025-12-16 17.57.09.png,0.0
2025-12-16 17.57.09.png,2025-12-16T17:57:09Z,16/25,16/25,OK,100,OK,5.718,OK,OK,OK,OK,OK,OK,OK,16/25,17:46:44,Time Static,Redundant (Previous) & Redundant (Next),Prev: 2025-12-16 17.57.06.png | Next: 2025-12-16 17.57.15.png,3.0
2025-12-16 17.57.15.png,2025-12-16T17:57:15Z,16/25,16/25,OK,100,OK,5.718,OK,OK,OK,OK,OK,OK,OK,16/25,17:46:44,Time Static,Redundant (Previous) & Redundant (Next),Prev: 2025-12-16 17.57.09.png | Next: 2025-12-16 17.57.18.png,9.0
2025-12-16 17.57.18.png,2025-12-16T17:57:18Z,16/25,16/25,OK,100,OK,5.718,OK,OK,OK,OK,OK,OK,OK,16/25,17:46:44,Time Frozen (>10s),Redundant (Previous) & Redundant (Next),Prev: 2025-12-16 17.57.15.png | Next: 2025-12-16 17.57.23.png,12.0
2025-12-16 17.57.23.png,2025-12-16T17:57:23Z,16/25,16/25,OK,100,OK,5.718,OK,OK,OK,OK,OK,OK,OK,16/25,17:46:44,Time Frozen (>10s),Redundant (Previous) & Redundant (Next),Prev: 2025-12-16 17.57.18.png | Next: 2025-12-16 17.57.27.png,17.0
2025-12-16 17.57.27.png,2025-12-16T17:57:27Z,16/25,16/25,OK,100,OK,5.718,OK,OK,OK,OK,OK,OK,OK,16/25,17:46:44,Time Frozen (>10s),Redundant (Previous) & Redundant (Next),Prev: 2025-12-16 17.57.23.png | Next: 2025-12-16 17.58.22.png,21.0
2025-12-16 17.58.22.png,2025-12-16T17:58:22Z,16/25,16/25,OK,100,OK,5.718,OK,OK,OK,OK,OK,OK,OK,16/25,17:46:44,Time Frozen (>10s),Redundant (Previous) & Redundant (Next),Prev: 2025-12-16 17.57.27.png | Next: 2025-12-16 17.58.25.png,76.0
2025-12-16 17.58.25.png,2025-12-16T17:58:25Z,16/25,16/25,OK,100,OK,5.718,OK,OK,OK,OK,OK,OK,OK,16/25,17:46:44,Time Frozen (>10s),Redundant (Previous),Prev: 2025-12-16 17.58.22.png,79.0
2025-12-16 17.58.31.png,2025-12-16T17:58:31Z,16/25,16/25,OK,100,OK,5.725,OK,OK,OK,OK,OK,OK,OK,16/25,17:48:09,New Time State,Unique,,0.0
2025-12-16 17.58.35.png,2025-12-16T17:58:35Z,12/16/25,12/16/25,OK,100,OK,5.72,OK,OK,OK,OK,OK,OK,OK,12/16/25,17:48:15,New Time State,Unique,,0.0
2025-12-16 17.58.40.png,2025-12-16T17:58:40Z,12/16/25,12/16/25,OK,100,OK,5.728,OK,OK,OK,OK,OK,OK,OK,12/16/25,17:48:20,New Time State,Unique,,0.0
2025-12-16 17.58.45.png,2025-12-16T17:58:45Z,16/25,16/25,OK,100,OK,5.708,OK,OK,OK,OK,OK,OK,OK,16/25,17:48:25,New Time State,Unique,,0.0
2025-12-16 17.58.49.png,2025-12-16T17:58:49Z,16/25,16/25,OK,100,OK,5.723,OK,OK,OK,OK,OK,OK,OK,16/25,17:48:30,New Time State,Unique,,0.0
2025-12-16 17.58.54.png,2025-12-16T17:58:54Z,16/25,16/25,OK,100,OK,5.717,OK,OK,OK,OK,OK,OK,OK,16/25,17:48:35,New Time State,Unique,,0.0
2025-12-16 17.59.01.png,2025-12-16T17:59:01Z,16/25,16/25,OK,100,OK,5.722,OK,OK,OK,OK,OK,OK,OK,16/25,17:48:40,New Time State,Unique,,0.0
2025-12-16 17.59.06.png,2025-12-16T17:59:06Z,16/25,16/25,OK,100,OK,5.717,OK,OK,OK,OK,OK,OK,OK,16/25,17:48:45,New Time State,Unique,,0.0
2025-12-16 17.59.09.png,2025-12-16T17:59:09Z,16/25,16/25,OK,100,OK,5.722,OK,OK,OK,OK,OK,OK,OK,16/25,17:48:50,New Time State,Unique,,0.0
2025-12-16 17.59.16.png,2025-12-16T17:59:16Z,16/25,16/25,OK,100,OK,5.721,OK,OK,OK,OK,OK,OK,OK,16/25,17:48:55,New Time State,Unique,,0.0
2025-12-16 17.59.25.png,2025-12-16T17:59:25Z,16/25,16/25,OK,100,OK,5.724,OK,OK,OK,OK,OK,OK,OK,16/25,17:49:05,New Time State,Redundant (Next),Next: 2025-12-16 17.59.32.png,0.0
2025-12-16 17.59.32.png,2025-12-16T17:59:32Z,16/25,16/25,OK,100,OK,5.724,OK,OK,OK,OK,OK,OK,OK,16/25,17:49:10,New Time State,Redundant (Previous),Prev: 2025-12-16 17.59.25.png,0.0
2025-12-16 17.59.34.png,2025-12-16T17:59:34Z,16,,OK,100,OK,5.719,OK,OK,OK,OK,OK,OK,OK,16,17:49:15,New Time State,Unique,,0.0
2025-12-16 17.59.41.png,2025-12-16T17:59:41Z,16/25,16/25,OK,100,OK,5.724,OK,OK,OK,OK,OK,OK,OK,16/25,17:49:20,New Time State,Unique,,0.0
2025-12-16 17.59.46.png,2025-12-16T17:59:46Z,16/25,16/25,OK,100,OK,5.72,OK,OK,OK,OK,OK,OK,OK,16/25,17:49:25,New Time State,Unique,,0.0
2025-12-16 17.59.52.png,2025-12-16T17:59:52Z,16/25,16/25,OK,100,OK,5.726,OK,OK,OK,OK,OK,OK,OK,16/25,17:49:31,New Time State,Unique,,0.0
2025-12-16 17.59.55.png,2025-12-16T17:59:55Z,16/25,16/25,OK,100,OK,5.719,OK,OK,OK,OK,OK,OK,OK,16/25,17:49:36,New Time State,Unique,,0.0
2025-12-16 18.00.01.png,2025-12-16T18:00:01Z,16/25,16/25,OK,100,OK,5.724,OK,OK,OK,OK,OK,OK,OK,16/25,17:49:41,New Time State,Unique,,0.0
2025-12-16 18.00.04.png,2025-12-16T18:00:04Z,16/25,16/25,OK,100,OK,5.718,OK,OK,OK,OK,OK,OK,OK,16/25,17:49:46,New Time State,Redundant (Next),Next: 2025-12-16 18.00.07.png,0.0
2025-12-16 18.00.07.png,2025-12-16T18:00:07Z,12/16/25,12/16/25,OK,100,OK,5.718,OK,OK,OK,OK,OK,OK,OK,12/16/25,17:49:46,Time Static,Redundant (Previous),Prev: 2025-12-16 18.00.04.png,3.0
2025-12-16 18.00.10.png,2025-12-16T18:00:10Z,16/25,16/25,OK,100,OK,5.728,OK,OK,OK,OK,OK,OK,OK,16/25,17:49:51,New Time State,Unique,,0.0
2025-12-16 18.00.16.png,2025-12-16T18:00:16Z,16/25,16/25,OK,100,OK,5.722,OK,OK,OK,OK,OK,OK,OK,16/25,17:49:56,New Time State,Unique,,0.0
2025-12-16 18.00.22.png,2025-12-16T18:00:22Z,16/25,16/25,OK,100,OK,5.725,OK,OK,OK,OK,OK,OK,OK,16/25,17:50:01,New Time State,Unique,,0.0
2025-12-16 18.00.25.png,2025-12-16T18:00:25Z,12/16/25,12/16/25,OK,100,OK,5.717,OK,OK,OK,OK,OK,OK,OK,12/16/25,17:50:06,New Time State,Unique,,0.0
2025-12-16 18.00.31.png,2025-12-16T18:00:31Z,16/25,16/25,OK,100,OK,5.725,OK,OK,OK,OK,OK,OK,OK,16/25,17:50:11,New Time State,Unique,,0.0
2025-12-16 18.00.37.png,2025-12-16T18:00:37Z,16/25,16/25,OK,100,OK,5.72,OK,OK,OK,OK,OK,OK,OK,16/25,17:50:16,New Time State,Unique,,0.0
2025-12-16 18.00.40.png,2025-12-16T18:00:40Z,16/25,16/25,OK,100,OK,5.727,OK,OK,OK,OK,OK,OK,OK,16/25,17:50:21,New Time State,Redundant (Next),Next: 2025-12-16 18.00.43.png,0.0
2025-12-16 18.00.43.png,2025-12-16T18:00:43Z,16/25,16/25,OK,100,OK,5.727,OK,OK,OK,OK,OK,OK,OK,16/25,17:50:21,Time Static,Redundant (Previous),Prev: 2025-12-16 18.00.40.png,3.0
2025-12-16 18.00.48.png,2025-12-16T18:00:48Z,16/25,16/25,OK,100,OK,5.716,OK,OK,OK,OK,OK,OK,OK,16/25,17:50:26,New Time State,Unique,,0.0
2025-12-16 18.00.51.png,2025-12-16T18:00:51Z,16/25,16/25,OK,100,OK,5.725,OK,OK,OK,OK,OK,OK,OK,16/25,17:50:32,New Time State,Unique,,0.0
2025-12-16 18.00.54.png,2025-12-16T18:00:54Z,16/25,16/25,OK,100,OK,5.723,OK,OK,OK,OK,OK,OK,OK,16/25,17:50:36,New Time State,Redundant (Next),Next: 2025-12-16 18.00.56.png,0.0
2025-12-16 18.00.56.png,2025-12-16T18:00:56Z,16/25,16/25,OK,100,OK,5.723,OK,OK,OK,OK,OK,OK,OK,16/25,17:50:36,Time Static,Redundant (Previous),Prev: 2025-12-16 18.00.54.png,2.0
2025-12-16 18.01.02.png,2025-12-16T18:01:02Z,16/25,16/25,OK,100,OK,5.727,OK,OK,OK,OK,OK,OK,OK,16/25,17:50:42,New Time State,Unique,,0.0
2025-12-16 18.01.08.png,2025-12-16T18:01:08Z,16/25,16/25,OK,100,OK,5.717,OK,OK,OK,OK,OK,OK,OK,16/25,17:50:47,New Time State,Unique,,0.0
2025-12-16 18.01.13.png,2025-12-16T18:01:13Z,16/25,16/25,OK,100,OK,5.726,OK,OK,OK,OK,OK,OK,OK,16/25,17:50:52,New Time State,Unique,,0.0
2025-12-16 18.01.19.png,2025-12-16T18:01:19Z,16/25,16/25,OK,100,OK,5.721,OK,OK,OK,OK,OK,OK,OK,16/25,17:50:57,New Time State,Redundant (Next),Next: 2025-12-16 18.01.22.png,0.0
2025-12-16 18.01.22.png,2025-12-16T18:01:22Z,16/25,16/25,OK,100,OK,5.721,OK,OK,OK,OK,OK,OK,OK,16/25,17:50:57,Time Static,Redundant (Previous),Prev: 2025-12-16 18.01.19.png,3.0
2025-12-16 18.01.25.png,2025-12-16T18:01:25Z,16/25,16/25,OK,100,OK,5.726,OK,OK,OK,OK,OK,OK,OK,16/25,17:51:06,New Time State,Unique,,0.0
2025-12-16 18.01.31.png,2025-12-16T18:01:31Z,16/25,16/25,OK,100,OK,5.718,OK,OK,OK,OK,OK,OK,OK,16/25,17:51:11,New Time State,Unique,,0.0
2025-12-16 18.01.38.png,2025-12-16T18:01:38Z,16/25,16/25,OK,100,OK,5.727,OK,OK,OK,OK,OK,OK,OK,16/25,17:51:16,New Time State,Unique,,0.0
2025-12-16 18.01.41.png,2025-12-16T18:01:41Z,16/25,16/25,OK,100,OK,5.72,OK,OK,OK,OK,OK,OK,OK,16/25,17:51:21,New Time State,Unique,,0.0
2025-12-16 18.01.46.png,2025-12-16T18:01:46Z,16/25,16/25,OK,100,OK,5.726,OK,OK,OK,OK,OK,OK,OK,16/25,17:51:26,New Time State,Unique,,0.0
2025-12-16 18.01.52.png,2025-12-16T18:01:52Z,16/25,16/25,OK,100,OK,5.721,OK,OK,OK,OK,OK,OK,OK,16/25,17:51:31,New Time State,Unique,,0.0
2025-12-16 18.01.57.png,2025-12-16T18:01:57Z,16/25,16/25,OK,100,OK,5.722,OK,OK,OK,OK,OK,OK,OK,16/25,17:51:36,New Time State,Unique,,0.0
2025-12-16 18.02.01.png,2025-12-16T18:02:01Z,12/16/25,12/16/25,OK,100,OK,5.718,OK,OK,OK,OK,OK,OK,OK,12/16/25,17:51:41,New Time State,Unique,,0.0
2025-12-16 18.02.07.png,2025-12-16T18:02:07Z,16/25,16/25,OK,100,OK,5.722,OK,OK,OK,OK,OK,OK,OK,16/25,17:51:46,New Time State,Unique,,0.0
2025-12-16 18.02.10.png,2025-12-16T18:02:10Z,16/25,16/25,OK,100,OK,5.718,OK,OK,OK,OK,OK,OK,OK,16/25,17:51:51,New Time State,Unique,,0.0
2025-12-16 18.02.16.png,2025-12-16T18:02:16Z,16,,OK,100,OK,5.724,OK,OK,OK,OK,OK,OK,OK,16,17:51:56,New Time State,Unique,,0.0
2025-12-16 18.02.21.png,2025-12-16T18:02:21Z,16/25,16/25,OK,100,OK,5.721,OK,OK,OK,OK,OK,OK,OK,16/25,17:52:01,New Time State,Unique,,0.0
2025-12-16 18.02.27.png,2025-12-16T18:02:27Z,16/25/25,16/25/25,OK,100,OK,5.723,OK,OK,OK,OK,OK,OK,OK,16/25/25,17:52:06,New Time State,Unique,,0.0
2025-12-16 18.02.32.png,2025-12-16T18:02:32Z,16/25,16/25,OK,100,OK,5.722,OK,OK,OK,OK,OK,OK,OK,16/25,17:52:11,New Time State,Unique,,0.0
2025-12-16 18.02.38.png,2025-12-16T18:02:38Z,16/25,16/25,OK,100,OK,5.726,OK,OK,OK,OK,OK,OK,OK,16/25,17:52:16,New Time State,Unique,,0.0
2025-12-16 18.02.41.png,2025-12-16T18:02:41Z,16/25,16/25,OK,100,OK,5.721,OK,OK,OK,OK,OK,OK,OK,16/25,17:52:21,New Time State,Unique,,0.0
2025-12-16 18.02.46.png,2025-12-16T18:02:46Z,16/25,16/25,OK,100,OK,5.727,OK,OK,OK,OK,OK,OK,OK,16/25,17:52:26,New Time State,Unique,,0.0
2025-12-16 18.02.52.png,2025-12-16T18:02:52Z,12/16/25,12/16/25,OK,100,OK,5.718,OK,OK,OK,OK,OK,OK,OK,12/16/25,17:52:32,New Time State,Unique,,0.0
2025-12-16 18.02.57.png,2025-12-16T18:02:57Z,16/25,16/25,OK,100,OK,5.727,OK,OK,OK,OK,OK,OK,OK,16/25,17:52:37,New Time State,Unique,,0.0
2025-12-16 18.03.02.png,2025-12-16T18:03:02Z,16/25,16/25,OK,100,OK,5.723,OK,OK,OK,OK,OK,OK,OK,16/25,17:52:42,New Time State,Unique,,0.0
2025-12-16 18.03.08.png,2025-12-16T18:03:08Z,16,,OK,100,OK,5.726,OK,OK,OK,OK,OK,OK,OK,16,17:52:47,New Time State,Unique,,0.0
2025-12-16 18.03.12.png,2025-12-16T18:03:12Z,16/25,16/25,OK,100,OK,5.719,OK,OK,OK,OK,OK,OK,OK,16/25,17:52:52,New Time State,Unique,,0.0
2025-12-16 18.03.18.png,2025-12-16T18:03:18Z,16/25,16/25,OK,100,OK,5.727,OK,OK,OK,OK,OK,OK,OK,16/25,17:52:57,New Time State,Unique,,0.0
2025-12-16 18.03.21.png,2025-12-16T18:03:21Z,16/25,16/25,OK,100,OK,5.725,OK,OK,OK,OK,OK,OK,OK,16/25,17:53:02,New Time State,Unique,,0.0
2025-12-16 18.03.27.png,2025-12-16T18:03:27Z,16/25,16/25,OK,100,OK,5.726,OK,OK,OK,OK,OK,OK,OK,16/25,17:53:07,New Time State,Unique,,0.0
2025-12-16 18.03.32.png,2025-12-16T18:03:32Z,16/25,16/25,OK,100,OK,5.718,OK,OK,OK,OK,OK,OK,OK,16/25,17:53:12,New Time State,Unique,,0.0
2025-12-16 18.03.35.png,2025-12-16T18:03:35Z,16/25,16/25,OK,100,OK,5.722,OK,OK,OK,OK,OK,OK,OK,16/25,17:53:17,New Time State,Redundant (Next),Next: 2025-12-16 18.03.38.png,0.0
2025-12-16 18.03.38.png,2025-12-16T18:03:38Z,16/25,16/25,OK,100,OK,5.722,OK,OK,OK,OK,OK,OK,OK,16/25,17:53:17,Time Static,Redundant (Previous) & Redundant (Next),Prev: 2025-12-16 18.03.35.png | Next: 2025-12-16 18.03.53.png,3.0
2025-12-16 18.03.53.png,2025-12-16T18:03:53Z,16,,OK,100,OK,5.722,OK,OK,OK,OK,OK,OK,OK,16,17:53:22,New Time State,Redundant (Previous),Prev: 2025-12-16 18.03.38.png,0.0
2025-12-16 18.03.58.png,2025-12-16T18:03:58Z,16/25,16/25,OK,100,OK,5.727,OK,OK,OK,OK,OK,OK,OK,16/25,17:53:39,New Time State,Unique,,0.0
2025-12-16 18.04.04.png,2025-12-16T18:04:04Z,16/25,16/25,OK,100,OK,5.719,OK,OK,OK,OK,OK,OK,OK,16/25,17:53:44,New Time State,Unique,,0.0
2025-12-16 18.04.09.png,2025-12-16T18:04:09Z,16/25,16/25,OK,100,OK,5.727,OK,OK,OK,OK,OK,OK,OK,16/25,17:53:49,New Time State,Unique,,0.0
2025-12-16 18.04.13.png,2025-12-16T18:04:13Z,16/25,16/25,OK,100,OK,5.721,OK,OK,OK,OK,OK,OK,OK,16/25,17:53:54,New Time State,Unique,,0.0
2025-12-16 18.04.19.png,2025-12-16T18:04:19Z,16/25,16/25,OK,100,OK,5.728,OK,OK,OK,OK,OK,OK,OK,16/25,17:53:59,New Time State,Unique,,0.0
2025-12-16 18.04.22.png,2025-12-16T18:04:22Z,16/25,16/25,OK,100,OK,5.721,OK,OK,OK,OK,OK,OK,OK,16/25,17:54:04,New Time State,Unique,,0.0
2025-12-16 18.04.29.png,2025-12-16T18:04:29Z,12/16/25,12/16/25,OK,100,OK,5.724,OK,OK,OK,OK,OK,OK,OK,12/16/25,17:54:09,New Time State,Unique,,0.0
2025-12-16 18.04.34.png,2025-12-16T18:04:34Z,16/25,16/25,OK,100,OK,5.72,OK,OK,OK,OK,OK,OK,OK,16/25,17:54:14,New Time State,Unique,,0.0
2025-12-16 18.04.38.png,2025-12-16T18:04:38Z,16/25,16/25,OK,100,OK,5.725,OK,OK,OK,OK,OK,OK,OK,16/25,17:54:19,New Time State,Unique,,0.0
2025-12-16 18.04.44.png,2025-12-16T18:04:44Z,16/25,16/25,OK,100,OK,5.72,OK,OK,OK,OK,OK,OK,OK,16/25,17:54:24,New Time State,Unique,,0.0
2025-12-16 18.04.50.png,2025-12-16T18:04:50Z,16/25,16/25,OK,100,OK,5.726,OK,OK,OK,OK,OK,OK,OK,16/25,17:54:29,New Time State,Unique,,0.0
2025-12-16 18.04.53.png,2025-12-16T18:04:53Z,16/25,16/25,OK,100,OK,5.715,OK,OK,OK,OK,OK,OK,OK,16/25,17:54:34,New Time State,Unique,,0.0
2025-12-16 18.04.59.png,2025-12-16T18:04:59Z,16/25,16/25,OK,100,OK,5.726,OK,OK,OK,OK,OK,OK,OK,16/25,17:54:39,New Time State,Unique,,0.0
2025-12-16 18.05.05.png,2025-12-16T18:05:05Z,16/25,16/25,OK,100,OK,5.72,OK,OK,OK,OK,OK,OK,OK,16/25,17:54:44,New Time State,Unique,,0.0
2025-12-16 18.05.08.png,2025-12-16T18:05:08Z,16/25,16/25,OK,100,OK,5.722,OK,OK,OK,OK,OK,OK,OK,16/25,17:54:49,New Time State,Unique,,0.0
2025-12-16 18.05.14.png,2025-12-16T18:05:14Z,16/25,16/25,OK,100,OK,5.719,OK,OK,OK,OK,OK,OK,OK,16/25,17:54:54,New Time State,Unique,,0.0
2025-12-16 18.05.20.png,2025-12-16T18:05:20Z,16/25,16/25,OK,100,OK,5.721,OK,OK,OK,OK,OK,OK,OK,16/25,17:54:59,New Time State,Unique,,0.0
2025-12-16 18.05.23.png,2025-12-16T18:05:23Z,1625,,OK,100,OK,5.719,OK,OK,OK,OK,OK,OK,OK,1625,17:55:04,New Time State,Unique,,0.0
2025-12-16 18.05.29.png,2025-12-16T18:05:29Z,12/16/25,12/16/25,OK,100,OK,5.724,OK,OK,OK,OK,OK,OK,OK,12/16/25,17:55:09,New Time State,Unique,,0.0
2025-12-16 18.05.35.png,2025-12-16T18:05:35Z,16/25,16/25,OK,100,OK,5.722,OK,OK,OK,OK,OK,OK,OK,16/25,17:55:14,New Time State,Unique,,0.0
2025-12-16 18.05.38.png,2025-12-16T18:05:38Z,16/25,16/25,OK,100,OK,5.723,OK,OK,OK,OK,OK,OK,OK,16/25,17:55:19,New Time State,Unique,,0.0
2025-12-16 18.05.44.png,2025-12-16T18:05:44Z,16,,OK,100,OK,5.718,OK,OK,OK,OK,OK,OK,OK,16,17:55:24,New Time State,Unique,,0.0
2025-12-16 18.05.50.png,2025-12-16T18:05:50Z,1625,,OK,100,OK,5.725,OK,OK,OK,OK,OK,OK,OK,1625,17:55:29,New Time State,Unique,,0.0
2025-12-16 18.05.53.png,2025-12-16T18:05:53Z,16/25,16/25,OK,100,OK,5.722,OK,OK,OK,OK,OK,OK,OK,16/25,17:55:34,New Time State,Unique,,0.0
2025-12-16 18.05.57.png,2025-12-16T18:05:57Z,16/25,16/25,OK,100,OK,5.726,OK,OK,OK,OK,OK,OK,OK,16/25,17:55:39,New Time State,Redundant (Next),Next: 2025-12-16 18.06.00.png,0.0
2025-12-16 18.06.00.png,2025-12-16T18:06:00Z,16/25,16/25,OK,100,OK,5.726,OK,OK,OK,OK,OK,OK,OK,16/25,17:55:39,Time Static,Redundant (Previous),Prev: 2025-12-16 18.05.57.png,3.0
2025-12-16 18.06.03.png,2025-12-16T18:06:03Z,16/25,16/25,OK,100,OK,5.719,OK,OK,OK,OK,OK,OK,OK,16/25,17:55:44,New Time State,Redundant (Next),Next: 2025-12-16 18.06.06.png,0.0
2025-12-16 18.06.06.png,2025-12-16T18:06:06Z,16/25,16/25,OK,100,OK,5.719,OK,OK,OK,OK,OK,OK,OK,16/25,17:55:44,Time Static,Redundant (Previous),Prev: 2025-12-16 18.06.03.png,3.0
2025-12-16 18.06.09.png,2025-12-16T18:06:09Z,12/16/25,12/16/25,OK,100,OK,5.723,OK,OK,OK,OK,OK,OK,OK,12/16/25,17:55:49,New Time State,Unique,,0.0
2025-12-16 18.06.15.png,2025-12-16T18:06:15Z,16/25,16/25,OK,100,OK,5.721,OK,OK,OK,OK,OK,OK,OK,16/25,17:55:54,New Time State,Unique,,0.0
2025-12-16 18.06.18.png,2025-12-16T18:06:18Z,12/16/25,12/16/25,OK,100,OK,5.722,OK,OK,OK,OK,OK,OK,OK,12/16/25,17:55:59,New Time State,Unique,,0.0
2025-12-16 18.06.21.png,2025-12-16T18:06:21Z,16/25,16/25,OK,100,OK,5.724,OK,OK,OK,OK,OK,OK,OK,16/25,17:55:59,Time Static,Unique,,3.0
2025-12-16 18.06.24.png,2025-12-16T18:06:24Z,1625,,OK,100,OK,5.717,OK,OK,OK,OK,OK,OK,OK,1625,17:56:04,New Time State,Unique,,0.0
2025-12-16 18.06.27.png,2025-12-16T18:06:27Z,12/16/25,12/16/25,OK,100,OK,5.728,OK,OK,OK,OK,OK,OK,OK,12/16/25,17:56:09,New Time State,Redundant (Next),Next: 2025-12-16 18.06.29.png,0.0
2025-12-16 18.06.29.png,2025-12-16T18:06:29Z,25,,OK,100,OK,5.728,OK,OK,OK,OK,OK,OK,OK,25,17:56:09,Time Static,Redundant (Previous),Prev: 2025-12-16 18.06.27.png,2.0
2025-12-16 18.06.33.png,2025-12-16T18:06:33Z,16/25,16/25,OK,100,OK,5.722,OK,OK,OK,OK,OK,OK,OK,16/25,17:56:14,New Time State,Unique,,0.0
2025-12-16 18.06.47.png,2025-12-16T18:06:47Z,16/25,16/25,OK,100,OK,5.721,OK,OK,OK,OK,OK,OK,OK,16/25,17:56:14,Time Frozen (>10s),Unique,,14.0
2025-12-16 18.06.53.png,2025-12-16T18:06:53Z,16/25,16/25,OK,100,OK,5.725,OK,OK,OK,OK,OK,OK,OK,16/25,17:56:33,New Time State,Unique,,0.0
2025-12-16 18.06.59.png,2025-12-16T18:06:59Z,12/16/25,12/16/25,OK,100,OK,5.72,OK,OK,OK,OK,OK,OK,OK,12/16/25,17:56:38,New Time State,Unique,,0.0
2025-12-16 18.07.02.png,2025-12-16T18:07:02Z,16/25,16/25,OK,100,OK,5.724,OK,OK,OK,OK,OK,OK,OK,16/25,17:56:43,New Time State,Unique,,0.0
2025-12-16 18.07.08.png,2025-12-16T18:07:08Z,1625,,OK,100,OK,5.719,OK,OK,OK,OK,OK,OK,OK,1625,17:56:48,New Time State,Unique,,0.0
2025-12-16 18.07.13.png,2025-12-16T18:07:13Z,16/25,16/25,OK,100,OK,5.726,OK,OK,OK,OK,OK,OK,OK,16/25,17:56:53,New Time State,Unique,,0.0
2025-12-16 18.07.17.png,2025-12-16T18:07:17Z,16/25,16/25,OK,100,OK,5.722,OK,OK,OK,OK,OK,OK,OK,16/25,17:56:58,New Time State,Unique,,0.0
2025-12-16 18.07.23.png,2025-12-16T18:07:23Z,16/25,16/25,OK,100,OK,5.725,OK,OK,OK,OK,OK,OK,OK,16/25,17:57:03,New Time State,Unique,,0.0
2025-12-16 18.07.29.png,2025-12-16T18:07:29Z,16/25,16/25,OK,100,OK,5.72,OK,OK,OK,OK,OK,OK,OK,16/25,17:57:08,New Time State,Unique,,0.0
2025-12-16 18.07.32.png,2025-12-16T18:07:32Z,16/25,16/25,OK,100,OK,5.722,OK,OK,OK,OK,OK,OK,OK,16/25,17:57:13,New Time State,Redundant (Next),Next: 2025-12-16 18.07.38.png,0.0
2025-12-16 18.07.38.png,2025-12-16T18:07:38Z,12/16/25,12/16/25,OK,100,OK,5.722,OK,OK,OK,OK,OK,OK,OK,12/16/25,17:57:18,New Time State,Redundant (Previous),Prev: 2025-12-16 18.07.32.png,0.0
2025-12-16 18.07.41.png,2025-12-16T18:07:41Z,16/25,16/25,OK,100,OK,5.724,OK,OK,OK,OK,OK,OK,OK,16/25,17:57:23,New Time State,Unique,,0.0
2025-12-16 18.07.48.png,2025-12-16T18:07:48Z,16/25,16/25,OK,100,OK,5.718,OK,OK,OK,OK,OK,OK,OK,16/25,17:57:28,New Time State,Unique,,0.0
2025-12-16 18.07.54.png,2025-12-16T18:07:54Z,16/25,16/25,OK,100,OK,5.725,OK,OK,OK,OK,OK,OK,OK,16/25,17:57:33,New Time State,Unique,,0.0
2025-12-16 18.07.59.png,2025-12-16T18:07:59Z,16/25,16/25,OK,100,OK,5.719,OK,OK,OK,OK,OK,OK,OK,16/25,17:57:38,New Time State,Unique,,0.0
2025-12-16 18.08.02.png,2025-12-16T18:08:02Z,16/25,16/25,OK,100,OK,5.725,OK,OK,OK,OK,OK,OK,OK,16/25,17:57:43,New Time State,Redundant (Next),Next: 2025-12-16 18.08.05.png,0.0
2025-12-16 18.08.05.png,2025-12-16T18:08:05Z,16/25,16/25,OK,100,OK,5.725,OK,OK,OK,OK,OK,OK,OK,16/25,17:57:43,Time Static,Redundant (Previous),Prev: 2025-12-16 18.08.02.png,3.0
2025-12-16 18.08.08.png,2025-12-16T18:08:08Z,16/25,16/25,OK,100,OK,5.721,OK,OK,OK,OK,OK,OK,OK,16/25,17:57:48,New Time State,Unique,,0.0
2025-12-16 18.08.14.png,2025-12-16T18:08:14Z,16/25,16/25,OK,100,OK,5.723,OK,OK,OK,OK,OK,OK,OK,16/25,17:57:53,New Time State,Unique,,0.0
2025-12-16 18.08.17.png,2025-12-16T18:08:17Z,16/25,16/25,OK,100,OK,5.722,OK,OK,OK,OK,OK,OK,OK,16/25,17:57:58,New Time State,Redundant (Next),Next: 2025-12-16 18.08.24.png,0.0
2025-12-16 18.08.24.png,2025-12-16T18:08:24Z,16/25,16/25,OK,100,OK,5.722,OK,OK,OK,OK,OK,OK,OK,16/25,17:58:03,New Time State,Redundant (Previous),Prev: 2025-12-16 18.08.17.png,0.0
2025-12-16 18.08.30.png,2025-12-16T18:08:30Z,16/25,16/25,OK,100,OK,5.717,OK,OK,OK,OK,OK,OK,OK,16/25,17:58:08,New Time State,Unique,,0.0
2025-12-16 18.08.34.png,2025-12-16T18:08:34Z,16/25,16/25,OK,100,OK,5.725,OK,OK,OK,OK,OK,OK,OK,16/25,17:58:13,New Time State,Unique,,0.0
2025-12-16 18.08.40.png,2025-12-16T18:08:40Z,16/25,16/25,OK,100,OK,5.717,OK,OK,OK,OK,OK,OK,OK,16/25,17:58:18,New Time State,Unique,,0.0
2025-12-16 18.08.43.png,2025-12-16T18:08:43Z,16/25,16/25,OK,100,OK,5.724,OK,OK,OK,OK,OK,OK,OK,16/25,17:58:23,New Time State,Redundant (Next),Next: 2025-12-16 18.08.50.png,0.0
2025-12-16 18.08.50.png,2025-12-16T18:08:50Z,16/25,16/25,OK,100,OK,5.724,OK,OK,OK,OK,OK,OK,OK,16/25,17:58:28,New Time State,Redundant (Previous),Prev: 2025-12-16 18.08.43.png,0.0
2025-12-16 18.08.53.png,2025-12-16T18:08:53Z,16/25,16/25,OK,100,OK,5.725,OK,OK,OK,OK,OK,OK,OK,16/25,17:58:33,New Time State,Unique,,0.0
2025-12-16 18.08.59.png,2025-12-16T18:08:59Z,16/25,16/25,OK,100,OK,5.718,OK,OK,OK,OK,OK,OK,OK,16/25,17:58:38,New Time State,Unique,,0.0
2025-12-16 18.09.05.png,2025-12-16T18:09:05Z,16/25,16/25,OK,100,OK,5.727,OK,OK,OK,OK,OK,OK,OK,16/25,17:58:43,New Time State,Unique,,0.0
2025-12-16 18.09.08.png,2025-12-16T18:09:08Z,16/25,16/25,OK,100,OK,5.723,OK,OK,OK,OK,OK,OK,OK,16/25,17:58:48,New Time State,Unique,,0.0
2025-12-16 18.09.10.png,2025-12-16T18:09:10Z,16/25,16/25,OK,100,OK,5.726,OK,OK,OK,OK,OK,OK,OK,16/25,17:58:54,New Time State,Redundant (Next),Next: 2025-12-16 18.09.14.png,0.0
2025-12-16 18.09.14.png,2025-12-16T18:09:14Z,16/25,16/25,OK,100,OK,5.726,OK,OK,OK,OK,OK,OK,OK,16/25,17:58:54,Time Static,Redundant (Previous),Prev: 2025-12-16 18.09.10.png,4.0
2025-12-16 18.09.19.png,2025-12-16T18:09:19Z,12/16/25,12/16/25,OK,100,OK,5.719,OK,OK,OK,OK,OK,OK,OK,12/16/25,17:58:59,New Time State,Unique,,0.0
2025-12-16 18.09.38.png,2025-12-16T18:09:38Z,16/25,16/25,OK,100,OK,5.726,OK,OK,OK,OK,OK,OK,OK,16/25,17:59:03,New Time State,Unique,,0.0
2025-12-16 18.09.42.png,2025-12-16T18:09:42Z,12/16/25,12/16/25,OK,100,OK,5.722,OK,OK,OK,OK,OK,OK,OK,12/16/25,17:59:22,New Time State,Unique,,0.0
2025-12-16 18.09.48.png,2025-12-16T18:09:48Z,16/25,16/25,OK,100,OK,5.726,OK,OK,OK,OK,OK,OK,OK,16/25,17:59:27,New Time State,Unique,,0.0
2025-12-16 18.09.53.png,2025-12-16T18:09:53Z,16/25,16/25,OK,100,OK,5.719,OK,OK,OK,OK,OK,OK,OK,16/25,17:59:32,New Time State,Unique,,0.0
2025-12-16 18.09.57.png,2025-12-16T18:09:57Z,16,,OK,100,OK,5.724,OK,OK,OK,OK,OK,OK,OK,16,17:59:37,New Time State,Unique,,0.0
2025-12-16 18.10.02.png,2025-12-16T18:10:02Z,16/25,16/25,OK,100,OK,5.72,OK,OK,OK,OK,OK,OK,OK,16/25,17:59:42,New Time State,Unique,,0.0
2025-12-16 18.11.03.png,2025-12-16T18:11:03Z,16/25,16/25,OK,100,OK,5.722,OK,OK,OK,OK,OK,OK,OK,16/25,17:59:47,New Time State,Unique,,0.0
2025-12-16 18.11.07.png,2025-12-16T18:11:07Z,16/25,16/25,OK,100,OK,5.72,OK,OK,OK,OK,OK,OK,OK,16/25,17:59:47,Time Static,Unique,,4.0
2025-12-16 18.11.21.png,2025-12-16T18:11:21Z,12/16/25,12/16/25,OK,100,OK,5.722,OK,OK,OK,OK,OK,OK,OK,12/16/25,17:59:47,Time Frozen (>10s),Unique,,18.0
2025-12-16 18.11.27.png,2025-12-16T18:11:27Z,16/25,16/25,OK,100,OK,5.72,OK,OK,OK,OK,OK,OK,OK,16/25,18:01:06,New Time State,Unique,,0.0
2025-12-16 18.11.33.png,2025-12-16T18:11:33Z,16/25,16/25,OK,100,OK,5.724,OK,OK,OK,OK,OK,OK,OK,16/25,18:01:11,New Time State,Unique,,0.0
2025-12-16 18.11.36.png,2025-12-16T18:11:36Z,16/25,16/25,OK,100,OK,5.722,OK,OK,OK,OK,OK,OK,OK,16/25,18:01:17,New Time State,Unique,,0.0
2025-12-16 18.11.42.png,2025-12-16T18:11:42Z,12/16/25,12/16/25,OK,100,OK,5.726,OK,OK,OK,OK,OK,OK,OK,12/16/25,18:01:21,New Time State,Unique,,0.0
2025-12-16 18.11.48.png,2025-12-16T18:11:48Z,16/25,16/25,OK,100,OK,5.722,OK,OK,OK,OK,OK,OK,OK,16/25,18:01:26,New Time State,Redundant (Next),Next: 2025-12-16 18.11.51.png,0.0
2025-12-16 18.11.51.png,2025-12-16T18:11:51Z,16/25,16/25,OK,100,OK,5.722,OK,OK,OK,OK,OK,OK,OK,16/25,18:01:31,New Time State,Redundant (Previous),Prev: 2025-12-16 18.11.48.png,0.0
2025-12-16 18.11.54.png,2025-12-16T18:11:54Z,16/25,16/25,OK,100,OK,5.721,OK,OK,OK,OK,OK,OK,OK,16/25,18:01:37,New Time State,Redundant (Next),Next: 2025-12-16 18.11.57.png,0.0
2025-12-16 18.11.57.png,2025-12-16T18:11:57Z,16/25,16/25,OK,100,OK,5.721,OK,OK,OK,OK,OK,OK,OK,16/25,18:01:37,Time Static,Redundant (Previous),Prev: 2025-12-16 18.11.54.png,3.0
2025-12-16 18.11.59.png,2025-12-16T18:11:59Z,16/25,16/25,OK,100,OK,5.727,OK,OK,OK,OK,OK,OK,OK,16/25,18:01:42,New Time State,Redundant (Next),Next: 2025-12-16 18.12.03.png,0.0
2025-12-16 18.12.03.png,2025-12-16T18:12:03Z,16/25,16/25,OK,100,OK,5.727,OK,OK,OK,OK,OK,OK,OK,16/25,18:01:42,Time Static,Redundant (Previous),Prev: 2025-12-16 18.11.59.png,4.0
2025-12-16 18.12.08.png,2025-12-16T18:12:08Z,16,,OK,100,OK,5.722,OK,OK,OK,OK,OK,OK,OK,16,18:01:47,New Time State,Unique,,0.0
2025-12-16 18.12.12.png,2025-12-16T18:12:12Z,16/25,16/25,OK,100,OK,5.726,OK,OK,OK,OK,OK,OK,OK,16/25,18:01:52,New Time State,Unique,,0.0
2025-12-16 18.12.17.png,2025-12-16T18:12:17Z,12/16/25,12/16/25,OK,100,OK,5.722,OK,OK,OK,OK,OK,OK,OK,12/16/25,18:01:57,New Time State,Unique,,0.0
2025-12-16 18.12.23.png,2025-12-16T18:12:23Z,16/25,16/25,OK,100,OK,5.726,OK,OK,OK,OK,OK,OK,OK,16/25,18:02:02,New Time State,Unique,,0.0
2025-12-16 18.12.32.png,2025-12-16T18:12:32Z,16/25,16/25,OK,100,OK,5.721,OK,OK,OK,OK,OK,OK,OK,16/25,18:02:07,New Time State,Redundant (Next),Next: 2025-12-16 18.13.23.png,0.0
2025-12-16 18.13.23.png,2025-12-16T18:13:23Z,16/25,16/25,OK,100,OK,5.721,OK,OK,OK,OK,OK,OK,OK,16/25,18:02:07,Time Frozen (>10s),Redundant (Previous),Prev: 2025-12-16 18.12.32.png,51.0
2025-12-16 18.13.29.png,2025-12-16T18:13:29Z,16/25,16/25,OK,100,OK,5.73,OK,OK,OK,OK,OK,OK,OK,16/25,18:03:08,New Time State,Unique,,0.0
2025-12-16 18.13.32.png,2025-12-16T18:13:32Z,16/25,16/25,OK,100,OK,5.726,OK,OK,OK,OK,OK,OK,OK,16/25,18:03:13,New Time State,Unique,,0.0
2025-12-16 18.13.38.png,2025-12-16T18:13:38Z,16/25,16/25,OK,100,OK,5.727,OK,OK,OK,OK,OK,OK,OK,16/25,18:03:18,New Time State,Unique,,0.0
2025-12-16 18.13.44.png,2025-12-16T18:13:44Z,16/25,16/25,OK,100,OK,5.723,OK,OK,OK,OK,OK,OK,OK,16/25,18:03:23,New Time State,Unique,,0.0
2025-12-16 18.13.50.png,2025-12-16T18:13:50Z,16/25,16/25,OK,100,OK,5.729,OK,OK,OK,OK,OK,OK,OK,16/25,18:03:28,New Time State,Unique,,0.0
2025-12-16 18.13.52.png,2025-12-16T18:13:52Z,16/25,16/25,OK,100,OK,5.721,OK,OK,OK,OK,OK,OK,OK,16/25,18:03:33,New Time State,Unique,,0.0
2025-12-16 18.13.58.png,2025-12-16T18:13:58Z,16/25,16/25,OK,100,OK,5.727,OK,OK,OK,OK,OK,OK,OK,16/25,18:03:38,New Time State,Unique,,0.0
2025-12-16 18.14.04.png,2025-12-16T18:14:04Z,16/25,16/25,OK,100,OK,5.721,OK,OK,OK,OK,OK,OK,OK,16/25,18:03:43,New Time State,Unique,,0.0
2025-12-16 18.14.07.png,2025-12-16T18:14:07Z,16/25,16/25,OK,100,OK,5.727,OK,OK,OK,OK,OK,OK,OK,16/25,18:03:48,New Time State,Unique,,0.0
2025-12-16 18.14.15.png,2025-12-16T18:14:15Z,16/25,16/25,OK,100,OK,5.72,OK,OK,OK,OK,OK,OK,OK,16/25,18:03:53,New Time State,Unique,,0.0
2025-12-16 18.14.18.png,2025-12-16T18:14:18Z,16/25,16/25,OK,100,OK,5.724,OK,OK,OK,OK,OK,OK,OK,16/25,18:03:58,New Time State,Unique,,0.0
2025-12-16 18.14.25.png,2025-12-16T18:14:25Z,16/25,16/25,OK,100,OK,5.717,OK,OK,OK,OK,OK,OK,OK,16/25,18:04:04,New Time State,Unique,,0.0
2025-12-16 18.14.28.png,2025-12-16T18:14:28Z,1625,,OK,100,OK,5.722,OK,OK,OK,OK,OK,OK,OK,1625,18:04:09,New Time State,Unique,,0.0
2025-12-16 18.15.14.png,2025-12-16T18:15:14Z,16/25,16/25,OK,100,OK,5.723,OK,OK,OK,OK,OK,OK,OK,16/25,18:04:14,New Time State,Redundant (Next),Next: 2025-12-16 18.15.16.png,0.0
2025-12-16 18.15.16.png,2025-12-16T18:15:16Z,162625,162625,OK,100,OK,5.723,OK,OK,OK,OK,OK,OK,OK,162625,18:04:14,Time Static,Redundant (Previous) & Redundant (Next),Prev: 2025-12-16 18.15.14.png | Next: 2025-12-16 18.15.32.png,2.0
2025-12-16 18.15.32.png,2025-12-16T18:15:32Z,16/25,16/25,OK,100,OK,5.723,OK,OK,OK,OK,OK,OK,OK,16/25,18:04:14,Time Frozen (>10s),Redundant (Previous) & Redundant (Next),Prev: 2025-12-16 18.15.16.png | Next: 2025-12-16 18.15.34.png,18.0
2025-12-16 18.15.34.png,2025-12-16T18:15:34Z,16/25,16/25,OK,100,OK,5.723,OK,OK,OK,OK,OK,OK,OK,16/25,18:04:14,Time Frozen (>10s),Redundant (Previous) & Redundant (Next),Prev: 2025-12-16 18.15.32.png | Next: 2025-12-16 18.15.38.png,20.0
2025-12-16 18.15.38.png,2025-12-16T18:15:38Z,12/16/25,12/16/25,OK,100,OK,5.723,OK,OK,OK,OK,OK,OK,OK,12/16/25,18:04:14,Time Frozen (>10s),Redundant (Previous) & Redundant (Next),Prev: 2025-12-16 18.15.34.png | Next: 2025-12-16 18.15.41.png,24.0
2025-12-16 18.15.41.png,2025-12-16T18:15:41Z,16/25,16/25,OK,100,OK,5.723,OK,OK,OK,OK,OK,OK,OK,16/25,18:04:14,Time Frozen (>10s),Redundant (Previous) & Redundant (Next),Prev: 2025-12-16 18.15.38.png | Next: 2025-12-16 18.15.47.png,27.0
2025-12-16 18.15.47.png,2025-12-16T18:15:47Z,12/16/25,12/16/25,OK,100,OK,5.723,OK,OK,OK,OK,OK,OK,OK,12/16/25,18:04:14,Time Frozen (>10s),Redundant (Previous) & Redundant (Next),Prev: 2025-12-16 18.15.41.png | Next: 2025-12-16 18.15.49.png,33.0
2025-12-16 18.15.49.png,2025-12-16T18:15:49Z,16/25,16/25,OK,100,OK,5.723,OK,OK,OK,OK,OK,OK,OK,16/25,18:04:14,Time Frozen (>10s),Redundant (Previous) & Redundant (Next),Prev: 2025-12-16 18.15.47.png | Next: 2025-12-16 18.16.08.png,35.0
2025-12-16 18.16.08.png,2025-12-16T18:16:08Z,16/25,16/25,OK,100,OK,5.723,OK,OK,OK,OK,OK,OK,OK,16/25,18:04:14,Time Frozen (>10s),Redundant (Previous) & Redundant (Next),Prev: 2025-12-16 18.15.49.png | Next: 2025-12-16 18.16.12.png,54.0
2025-12-16 18.16.12.png,2025-12-16T18:16:12Z,16/25,16/25,OK,100,OK,5.723,OK,OK,OK,OK,OK,OK,OK,16/25,18:04:14,Time Frozen (>10s),Redundant (Previous) & Redundant (Next),Prev: 2025-12-16 18.16.08.png | Next: 2025-12-16 18.16.24.png,58.0
2025-12-16 18.16.24.png,2025-12-16T18:16:24Z,16/25,16/25,OK,100,OK,5.723,OK,OK,OK,OK,OK,OK,OK,16/25,18:04:14,Time Frozen (>10s),Redundant (Previous) & Redundant (Next),Prev: 2025-12-16 18.16.12.png | Next: 2025-12-16 18.16.27.png,70.0
2025-12-16 18.16.27.png,2025-12-16T18:16:27Z,16/25,16/25,OK,100,OK,5.723,OK,OK,OK,OK,OK,OK,OK,16/25,18:04:14,Time Frozen (>10s),Redundant (Previous) & Redundant (Next),Prev: 2025-12-16 18.16.24.png | Next: 2025-12-16 18.17.27.png,73.0
2025-12-16 18.17.27.png,2025-12-16T18:17:27Z,16/25,16/25,OK,100,OK,5.723,OK,OK,OK,OK,OK,OK,OK,16/25,18:04:14,Time Frozen (>10s),Redundant (Previous) & Redundant (Next),Prev: 2025-12-16 18.16.27.png | Next: 2025-12-16 18.17.30.png,133.0
2025-12-16 18.17.30.png,2025-12-16T18:17:30Z,16/25,16/25,OK,100,OK,5.723,OK,OK,OK,OK,OK,OK,OK,16/25,18:04:14,Time Frozen (>10s),Redundant (Previous) & Redundant (Next),Prev: 2025-12-16 18.17.27.png | Next: 2025-12-16 18.19.07.png,136.0
2025-12-16 18.19.07.png,2025-12-16T18:19:07Z,12/16/25,12/16/25,OK,100,OK,5.723,OK,OK,OK,OK,OK,OK,OK,12/16/25,18:04:14,Time Frozen (>10s),Redundant (Previous),Prev: 2025-12-16 18.17.30.png,233.0
2025-12-16 18.19.10.png,2025-12-16T18:19:10Z,16/25,16/25,OK,100,OK,5.725,OK,OK,OK,OK,OK,OK,OK,16/25,18:08:52,New Time State,Redundant (Next),Next: 2025-12-16 18.19.13.png,0.0
2025-12-16 18.19.13.png,2025-12-16T18:19:13Z,16/25,16/25,OK,100,OK,5.725,OK,OK,OK,OK,OK,OK,OK,16/25,18:08:52,Time Static,Redundant (Previous),Prev: 2025-12-16 18.19.10.png,3.0
2025-12-16 18.19.19.png,2025-12-16T18:19:19Z,16/25,16/25,OK,100,OK,5.723,OK,OK,OK,OK,OK,OK,OK,16/25,18:08:57,New Time State,Unique,,0.0
2025-12-16 18.19.30.png,2025-12-16T18:19:30Z,12/16/25,12/16/25,OK,100,OK,5.719,OK,OK,OK,OK,OK,OK,OK,12/16/25,18:09:05,New Time State,Unique,,0.0
2025-12-16 18.19.35.png,2025-12-16T18:19:35Z,16/25,16/25,OK,100,OK,5.725,OK,OK,OK,OK,OK,OK,OK,16/25,18:09:13,New Time State,Unique,,0.0
2025-12-16 18.19.39.png,2025-12-16T18:19:39Z,16/25,16/25,OK,100,OK,5.722,OK,OK,OK,OK,OK,OK,OK,16/25,18:09:19,New Time State,Unique,,0.0
2025-12-16 18.19.42.png,2025-12-16T18:19:42Z,16/25,16/25,OK,100,OK,5.724,OK,OK,OK,OK,OK,OK,OK,16/25,18:09:24,New Time State,Unique,,0.0
2025-12-16 18.19.49.png,2025-12-16T18:19:49Z,16/25,16/25,OK,100,OK,5.72,OK,OK,OK,OK,OK,OK,OK,16/25,18:09:29,New Time State,Unique,,0.0
2025-12-16 18.19.55.png,2025-12-16T18:19:55Z,16/25,16/25,OK,100,OK,5.724,OK,OK,OK,OK,OK,OK,OK,16/25,18:09:34,New Time State,Unique,,0.0
2025-12-16 18.19.58.png,2025-12-16T18:19:58Z,16/25,16/25,OK,100,OK,5.722,OK,OK,OK,OK,OK,OK,OK,16/25,18:09:39,New Time State,Unique,,0.0
2025-12-16 18.20.03.png,2025-12-16T18:20:03Z,16/25,16/25,OK,100,OK,5.718,OK,OK,OK,OK,OK,OK,OK,16/25,18:09:44,New Time State,Unique,,0.0
2025-12-16 18.20.06.png,2025-12-16T18:20:06Z,16/25,16/25,OK,100,OK,5.726,OK,OK,OK,OK,OK,OK,OK,16/25,18:09:49,New Time State,Redundant (Next),Next: 2025-12-16 18.20.09.png,0.0
2025-12-16 18.20.09.png,2025-12-16T18:20:09Z,16/25,16/25,OK,100,OK,5.726,OK,OK,OK,OK,OK,OK,OK,16/25,18:09:49,Time Static,Redundant (Previous),Prev: 2025-12-16 18.20.06.png,3.0
2025-12-16 18.20.15.png,2025-12-16T18:20:15Z,16/25,16/25,OK,100,OK,5.721,OK,OK,OK,OK,OK,OK,OK,16/25,18:09:54,New Time State,Unique,,0.0
2025-12-16 18.20.18.png,2025-12-16T18:20:18Z,16/25,16/25,OK,100,OK,5.727,OK,OK,OK,OK,OK,OK,OK,16/25,18:09:59,New Time State,Unique,,0.0
2025-12-16 18.20.25.png,2025-12-16T18:20:25Z,16/25,16/25,OK,100,OK,5.719,OK,OK,OK,OK,OK,OK,OK,16/25,18:10:04,New Time State,Unique,,0.0
2025-12-16 18.20.28.png,2025-12-16T18:20:28Z,16/25,16/25,OK,100,OK,5.728,OK,OK,OK,OK,OK,OK,OK,16/25,18:10:09,New Time State,Unique,,0.0
2025-12-16 18.20.35.png,2025-12-16T18:20:35Z,16/25,16/25,OK,100,OK,5.723,OK,OK,OK,OK,OK,OK,OK,16/25,18:10:13,New Time State,Unique,,0.0
2025-12-16 18.20.38.png,2025-12-16T18:20:38Z,16/25,16/25,OK,100,OK,5.727,OK,OK,OK,OK,OK,OK,OK,16/25,18:10:19,New Time State,Unique,,0.0
2025-12-16 18.20.44.png,2025-12-16T18:20:44Z,12/16/25,12/16/25,NG,0,NG,0.3,NG,OK,OK,OK,OK,OK,OK,12/16/25,18:10:23,New Time State,Redundant (Next),Next: 2025-12-16 18.20.48.png,0.0
2025-12-16 18.20.48.png,2025-12-16T18:20:48Z,16/25,16/25,NG,0,NG,0.3,NG,OK,OK,OK,OK,OK,OK,16/25,18:10:29,New Time State,Redundant (Previous) & Redundant (Next),Prev: 2025-12-16 18.20.44.png | Next: 2025-12-16 18.20.54.png,0.0
2025-12-16 18.20.54.png,2025-12-16T18:20:54Z,16/25,16/25,NG,0,NG,0.3,NG,OK,OK,OK,OK,OK,OK,16/25,18:10:34,New Time State,Redundant (Previous),Prev: 2025-12-16 18.20.48.png,0.0
2025-12-16 18.20.57.png,2025-12-16T18:20:57Z,16/25,16/25,OK,100,OK,5.72,OK,OK,OK,OK,OK,OK,OK,16/25,18:10:38,New Time State,Redundant (Next),Next: 2025-12-16 18.21.00.png,0.0
2025-12-16 18.21.00.png,2025-12-16T18:21:00Z,16/25,16/25,OK,100,OK,5.72,OK,OK,OK,OK,OK,OK,OK,16/25,18:10:38,Time Static,Redundant (Previous),Prev: 2025-12-16 18.20.57.png,3.0
2025-12-16 18.21.06.png,2025-12-16T18:21:06Z,16/25,16/25,NG,0,NG,0.3,NG,OK,OK,OK,OK,OK,OK,16/25,18:10:43,New Time State,Redundant (Next),Next: 2025-12-16 18.21.11.png,0.0
2025-12-16 18.21.11.png,2025-12-16T18:21:11Z,16/25,16/25,NG,0,NG,0.3,NG,OK,OK,OK,OK,OK,OK,16/25,18:10:49,New Time State,Redundant (Previous) & Redundant (Next),Prev: 2025-12-16 18.21.06.png | Next: 2025-12-16 18.21.17.png,0.0
2025-12-16 18.21.17.png,2025-12-16T18:21:17Z,16/25,16/25,NG,0,NG,0.3,NG,OK,OK,OK,OK,OK,OK,16/25,18:10:55,New Time State,Redundant (Previous) & Redundant (Next),Prev: 2025-12-16 18.21.11.png | Next: 2025-12-16 18.21.20.png,0.0
2025-12-16 18.21.20.png,2025-12-16T18:21:20Z,16/25,16/25,NG,0,NG,0.3,NG,OK,OK,OK,OK,OK,OK,16/25,18:11:00,New Time State,Redundant (Previous) & Redundant (Next),Prev: 2025-12-16 18.21.17.png | Next: 2025-12-16 18.21.26.png,0.0
2025-12-16 18.21.26.png,2025-12-16T18:21:26Z,16/25,16/25,NG,0,NG,0.3,NG,OK,OK,OK,OK,OK,OK,16/25,18:11:05,New Time State,Redundant (Previous) & Redundant (Next),Prev: 2025-12-16 18.21.20.png | Next: 2025-12-16 18.21.31.png,0.0
2025-12-16 18.21.31.png,2025-12-16T18:21:31Z,16/25,16/25,NG,0,NG,0.3,NG,OK,OK,OK,OK,OK,OK,16/25,18:11:10,New Time State,Redundant (Previous) & Redundant (Next),Prev: 2025-12-16 18.21.26.png | Next: 2025-12-16 18.21.37.png,0.0
2025-12-16 18.21.37.png,2025-12-16T18:21:37Z,16/25,16/25,NG,0,NG,0.3,NG,OK,OK,OK,OK,OK,OK,16/25,18:11:16,New Time State,Redundant (Previous) & Redundant (Next),Prev: 2025-12-16 18.21.31.png | Next: 2025-12-16 18.21.40.png,0.0
2025-12-16 18.21.40.png,2025-12-16T18:21:40Z,16/25,16/25,NG,0,NG,0.3,NG,OK,OK,OK,OK,OK,OK,16/25,18:11:21,New Time State,Redundant (Previous) & Redundant (Next),Prev: 2025-12-16 18.21.37.png | Next: 2025-12-16 18.23.26.png,0.0
2025-12-16 18.23.26.png,2025-12-16T18:23:26Z,16/25,16/25,NG,0,NG,0.3,NG,OK,OK,OK,OK,OK,OK,16/25,18:11:26,New Time State,Redundant (Previous),Prev: 2025-12-16 18.21.40.png,0.0
