Filename_Current,Filename_Compared,ROI_ID,Value_Current,Value_Compared,Reason
2025-12-16 17.16.01.png,2025-12-16 17.15.58.png,ROI_52,17:05:41,17:05:36,Redundant Row Value Mismatch
2025-12-16 17.16.21.png,2025-12-16 17.16.18.png,ROI_52,17:06:02,17:05:57,Redundant Row Value Mismatch
2025-12-16 17.17.11.png,2025-12-16 17.17.08.png,ROI_52,17:06:52,17:06:47,Redundant Row Value Mismatch
2025-12-16 17.17.43.png,2025-12-16 17.17.40.png,ROI_52,17:07:23,17:07:18,Redundant Row Value Mismatch
2025-12-16 17.18.53.png,2025-12-16 17.18.50.png,ROI_52,17:08:34,17:08:29,Redundant Row Value Mismatch
2025-12-16 17.18.59.png,2025-12-16 17.18.56.png,ROI_52,17:08:39,17:08:34,Redundant Row Value Mismatch
2025-12-16 17.19.18.png,2025-12-16 17.19.16.png,ROI_52,17:08:59,17:08:54,Redundant Row Value Mismatch
2025-12-16 17.19.49.png,2025-12-16 17.19.46.png,ROI_52,17:09:30,17:09:25,Redundant Row Value Mismatch
2025-12-16 17.19.54.png,2025-12-16 17.19.52.png,ROI_52,17:09:36,17:09:30,Redundant Row Value Mismatch
2025-12-16 17.20.00.png,2025-12-16 17.19.57.png,ROI_52,17:09:41,17:09:36,Redundant Row Value Mismatch
2025-12-16 17.20.21.png,2025-12-16 17.20.17.png,ROI_52,17:10:01,17:09:56,Redundant Row Value Mismatch
2025-12-16 17.20.46.png,2025-12-16 17.20.43.png,ROI_52,17:10:26,17:10:21,Redundant Row Value Mismatch
2025-12-16 17.21.06.png,2025-12-16 17.21.03.png,ROI_52,17:10:46,17:10:41,Redundant Row Value Mismatch
2025-12-16 17.21.52.png,2025-12-16 17.21.49.png,ROI_52,17:11:33,17:11:28,Redundant Row Value Mismatch
2025-12-16 17.22.18.png,2025-12-16 17.22.15.png,ROI_52,17:11:59,17:11:54,Redundant Row Value Mismatch
2025-12-16 17.22.38.png,2025-12-16 17.22.35.png,ROI_52,17:12:19,17:12:14,Redundant Row Value Mismatch
2025-12-16 17.22.43.png,2025-12-16 17.22.41.png,ROI_52,17:12:24,17:12:19,Redundant Row Value Mismatch
2025-12-16 17.22.49.png,2025-12-16 17.22.46.png,ROI_52,17:12:30,17:12:24,Redundant Row Value Mismatch
2025-12-16 17.23.41.png,2025-12-16 17.23.38.png,ROI_52,17:13:21,17:13:16,Redundant Row Value Mismatch
2025-12-16 17.24.01.png,2025-12-16 17.23.58.png,ROI_52,17:13:41,17:13:36,Redundant Row Value Mismatch
2025-12-16 17.27.07.png,2025-12-16 17.27.04.png,ROI_52,17:16:48,17:16:43,Redundant Row Value Mismatch
2025-12-16 17.27.51.png,2025-12-16 17.27.47.png,ROI_52,17:17:31,17:17:26,Redundant Row Value Mismatch
2025-12-16 17.28.05.png,2025-12-16 17.28.02.png,ROI_52,17:17:46,17:17:41,Redundant Row Value Mismatch
2025-12-16 17.28.11.png,2025-12-16 17.28.08.png,ROI_52,17:17:51,17:17:46,Redundant Row Value Mismatch
2025-12-16 17.28.26.png,2025-12-16 17.28.23.png,ROI_52,17:18:06,17:18:01,Redundant Row Value Mismatch
2025-12-16 17.30.01.png,2025-12-16 17.29.58.png,ROI_52,17:19:42,17:19:37,Redundant Row Value Mismatch
2025-12-16 17.30.40.png,2025-12-16 17.30.38.png,ROI_52,17:20:21,17:20:16,Redundant Row Value Mismatch
2025-12-16 17.31.15.png,2025-12-16 17.31.13.png,ROI_52,17:20:56,17:20:51,Redundant Row Value Mismatch
2025-12-16 17.31.21.png,2025-12-16 17.31.18.png,ROI_52,17:21:02,17:20:56,Redundant Row Value Mismatch
2025-12-16 17.31.41.png,2025-12-16 17.31.38.png,ROI_52,17:21:22,17:21:17,Redundant Row Value Mismatch
2025-12-16 17.32.01.png,2025-12-16 17.31.59.png,ROI_52,17:21:42,17:21:37,Redundant Row Value Mismatch
2025-12-16 17.32.16.png,2025-12-16 17.32.13.png,ROI_52,17:21:57,17:21:52,Redundant Row Value Mismatch
2025-12-16 17.32.51.png,2025-12-16 17.32.48.png,ROI_52,17:22:32,17:22:27,Redundant Row Value Mismatch
2025-12-16 17.33.26.png,2025-12-16 17.33.09.png,ROI_52,17:22:52,17:22:47,Redundant Row Value Mismatch
2025-12-16 17.33.35.png,2025-12-16 17.33.32.png,ROI_52,17:23:15,17:23:11,Redundant Row Value Mismatch
2025-12-16 17.33.50.png,2025-12-16 17.33.47.png,ROI_52,17:23:30,17:23:25,Redundant Row Value Mismatch
2025-12-16 17.34.10.png,2025-12-16 17.34.07.png,ROI_52,17:23:51,17:23:46,Redundant Row Value Mismatch
2025-12-16 17.34.50.png,2025-12-16 17.34.47.png,ROI_52,17:24:31,17:24:26,Redundant Row Value Mismatch
2025-12-16 17.35.10.png,2025-12-16 17.35.07.png,ROI_52,17:24:51,17:24:46,Redundant Row Value Mismatch
2025-12-16 17.36.44.png,2025-12-16 17.36.41.png,ROI_52,17:26:24,17:26:19,Redundant Row Value Mismatch
2025-12-16 17.37.39.png,2025-12-16 17.37.36.png,ROI_52,17:27:20,17:27:15,Redundant Row Value Mismatch
2025-12-16 17.37.54.png,2025-12-16 17.37.51.png,ROI_52,17:27:35,17:27:30,Redundant Row Value Mismatch
2025-12-16 17.38.29.png,2025-12-16 17.38.26.png,ROI_52,17:28:10,17:28:05,Redundant Row Value Mismatch
2025-12-16 17.38.34.png,2025-12-16 17.38.32.png,ROI_52,17:28:15,17:28:10,Redundant Row Value Mismatch
2025-12-16 17.38.50.png,2025-12-16 17.38.47.png,ROI_52,17:28:30,17:28:25,Redundant Row Value Mismatch
2025-12-16 17.39.13.png,2025-12-16 17.38.57.png,ROI_52,17:28:40,17:28:35,Redundant Row Value Mismatch
2025-12-16 17.39.23.png,2025-12-16 17.39.19.png,ROI_52,17:29:03,17:28:58,Redundant Row Value Mismatch
2025-12-16 17.40.18.png,2025-12-16 17.40.15.png,ROI_52,17:29:59,17:29:54,Redundant Row Value Mismatch
2025-12-16 17.40.38.png,2025-12-16 17.40.35.png,ROI_52,17:30:19,17:30:14,Redundant Row Value Mismatch
2025-12-16 17.40.48.png,2025-12-16 17.40.45.png,ROI_52,17:30:29,17:30:24,Redundant Row Value Mismatch
2025-12-16 17.41.13.png,2025-12-16 17.41.10.png,ROI_52,17:30:54,17:30:49,Redundant Row Value Mismatch
2025-12-16 17.41.48.png,2025-12-16 17.41.46.png,ROI_52,17:31:29,17:31:24,Redundant Row Value Mismatch
2025-12-16 17.42.31.png,2025-12-16 17.42.29.png,ROI_52,17:32:12,17:32:07,Redundant Row Value Mismatch
2025-12-16 17.42.57.png,2025-12-16 17.42.54.png,ROI_52,17:32:37,17:32:32,Redundant Row Value Mismatch
2025-12-16 17.43.37.png,2025-12-16 17.43.34.png,ROI_52,17:33:18,17:33:13,Redundant Row Value Mismatch
2025-12-16 17.43.52.png,2025-12-16 17.43.49.png,ROI_52,17:33:33,17:33:28,Redundant Row Value Mismatch
2025-12-16 17.44.18.png,2025-12-16 17.44.14.png,ROI_52,17:33:58,17:33:53,Redundant Row Value Mismatch
2025-12-16 17.44.38.png,2025-12-16 17.44.35.png,ROI_52,17:34:18,17:34:13,Redundant Row Value Mismatch
2025-12-16 17.45.06.png,2025-12-16 17.45.03.png,ROI_52,17:34:47,17:34:28,Redundant Row Value Mismatch
2025-12-16 17.45.25.png,2025-12-16 17.45.23.png,ROI_52,17:35:07,17:35:02,Redundant Row Value Mismatch
2025-12-16 17.45.31.png,2025-12-16 17.45.28.png,ROI_52,17:35:12,17:35:07,Redundant Row Value Mismatch
2025-12-16 17.45.51.png,2025-12-16 17.45.48.png,ROI_52,17:35:32,17:35:27,Redundant Row Value Mismatch
2025-12-16 17.46.11.png,2025-12-16 17.46.08.png,ROI_52,17:35:52,17:35:47,Redundant Row Value Mismatch
2025-12-16 17.47.11.png,2025-12-16 17.47.09.png,ROI_52,17:36:52,17:36:47,Redundant Row Value Mismatch
2025-12-16 17.54.27.png,2025-12-16 17.54.24.png,ROI_52,17:44:08,17:44:02,Redundant Row Value Mismatch
2025-12-16 17.54.42.png,2025-12-16 17.54.39.png,ROI_52,17:44:23,17:44:18,Redundant Row Value Mismatch
2025-12-16 17.55.07.png,2025-12-16 17.55.04.png,ROI_52,17:44:48,17:44:43,Redundant Row Value Mismatch
2025-12-16 17.55.17.png,2025-12-16 17.55.14.png,ROI_52,17:44:58,17:44:53,Redundant Row Value Mismatch
2025-12-16 17.55.22.png,2025-12-16 17.55.19.png,ROI_52,17:45:03,17:44:58,Redundant Row Value Mismatch
2025-12-16 17.55.42.png,2025-12-16 17.55.39.png,ROI_52,17:45:23,17:45:18,Redundant Row Value Mismatch
2025-12-16 17.55.48.png,2025-12-16 17.55.45.png,ROI_52,17:45:28,17:45:23,Redundant Row Value Mismatch
2025-12-16 17.56.03.png,2025-12-16 17.56.00.png,ROI_52,17:45:43,17:45:38,Redundant Row Value Mismatch
2025-12-16 17.56.17.png,2025-12-16 17.56.15.png,ROI_52,17:45:58,17:45:53,Redundant Row Value Mismatch
2025-12-16 17.56.37.png,2025-12-16 17.56.35.png,ROI_52,17:46:18,17:46:13,Redundant Row Value Mismatch
2025-12-16 17.58.35.png,2025-12-16 17.58.31.png,ROI_52,17:48:15,17:48:09,Redundant Row Value Mismatch
2025-12-16 17.59.34.png,2025-12-16 17.59.32.png,ROI_52,17:49:15,17:49:10,Redundant Row Value Mismatch
2025-12-16 18.00.51.png,2025-12-16 18.00.48.png,ROI_52,17:50:32,17:50:26,Redundant Row Value Mismatch
2025-12-16 18.01.10.png,2025-12-16 18.01.08.png,ROI_52,17:50:52,17:50:47,Redundant Row Value Mismatch
2025-12-16 18.01.22.png,2025-12-16 18.01.13.png,ROI_52,17:50:57,17:50:52,Redundant Row Value Mismatch
2025-12-16 18.01.41.png,2025-12-16 18.01.38.png,ROI_52,17:51:21,17:51:16,Redundant Row Value Mismatch
2025-12-16 18.03.12.png,2025-12-16 18.03.08.png,ROI_52,17:52:52,17:52:47,Redundant Row Value Mismatch
2025-12-16 18.04.53.png,2025-12-16 18.04.50.png,ROI_52,17:54:34,17:54:29,Redundant Row Value Mismatch
2025-12-16 18.06.09.png,2025-12-16 18.06.06.png,ROI_52,17:55:49,17:55:44,Redundant Row Value Mismatch
2025-12-16 18.06.24.png,2025-12-16 18.06.21.png,ROI_52,17:56:04,17:55:59,Redundant Row Value Mismatch
2025-12-16 18.08.34.png,2025-12-16 18.08.30.png,ROI_52,17:58:13,17:58:08,Redundant Row Value Mismatch
2025-12-16 18.08.43.png,2025-12-16 18.08.40.png,ROI_52,17:58:23,17:58:18,Redundant Row Value Mismatch
2025-12-16 18.08.53.png,2025-12-16 18.08.50.png,ROI_52,17:58:33,17:58:28,Redundant Row Value Mismatch
2025-12-16 18.09.08.png,2025-12-16 18.09.05.png,ROI_52,17:58:48,17:58:43,Redundant Row Value Mismatch
2025-12-16 18.09.42.png,2025-12-16 18.09.38.png,ROI_52,17:59:22,17:59:03,Redundant Row Value Mismatch
2025-12-16 18.09.57.png,2025-12-16 18.09.53.png,ROI_52,17:59:37,17:59:32,Redundant Row Value Mismatch
2025-12-16 18.11.36.png,2025-12-16 18.11.33.png,ROI_52,18:01:17,18:01:11,Redundant Row Value Mismatch
2025-12-16 18.11.51.png,2025-12-16 18.11.48.png,ROI_52,18:01:31,18:01:26,Redundant Row Value Mismatch
2025-12-16 18.12.12.png,2025-12-16 18.12.08.png,ROI_52,18:01:52,18:01:47,Redundant Row Value Mismatch
2025-12-16 18.13.32.png,2025-12-16 18.13.29.png,ROI_52,18:03:13,18:03:08,Redundant Row Value Mismatch
2025-12-16 18.13.52.png,2025-12-16 18.13.50.png,ROI_52,18:03:33,18:03:28,Redundant Row Value Mismatch
2025-12-16 18.14.18.png,2025-12-16 18.14.15.png,ROI_52,18:03:58,18:03:53,Redundant Row Value Mismatch
2025-12-16 18.14.28.png,2025-12-16 18.14.25.png,ROI_52,18:04:09,18:04:04,Redundant Row Value Mismatch
2025-12-16 18.19.33.png,2025-12-16 18.19.30.png,ROI_52,18:09:13,18:09:05,Redundant Row Value Mismatch
2025-12-16 18.19.39.png,2025-12-16 18.19.35.png,ROI_52,18:09:19,18:09:13,Redundant Row Value Mismatch
2025-12-16 18.19.58.png,2025-12-16 18.19.55.png,ROI_52,18:09:39,18:09:34,Redundant Row Value Mismatch
2025-12-16 18.20.18.png,2025-12-16 18.20.15.png,ROI_52,18:09:59,18:09:54,Redundant Row Value Mismatch
2025-12-16 18.20.28.png,2025-12-16 18.20.25.png,ROI_52,18:10:09,18:10:04,Redundant Row Value Mismatch
2025-12-16 18.20.48.png,2025-12-16 18.20.44.png,ROI_52,18:10:29,18:10:23,Redundant Row Value Mismatch
2025-12-16 18.20.54.png,2025-12-16 18.20.48.png,ROI_52,18:10:34,18:10:29,Redundant Row Value Mismatch
2025-12-16 18.21.06.png,2025-12-16 18.21.00.png,ROI_52,18:10:43,18:10:38,Redundant Row Value Mismatch
2025-12-16 18.21.11.png,2025-12-16 18.21.06.png,ROI_52,18:10:49,18:10:43,Redundant Row Value Mismatch
2025-12-16 18.21.17.png,2025-12-16 18.21.11.png,ROI_52,18:10:55,18:10:49,Redundant Row Value Mismatch
2025-12-16 18.21.20.png,2025-12-16 18.21.17.png,ROI_52,18:11:00,18:10:55,Redundant Row Value Mismatch
2025-12-16 18.21.26.png,2025-12-16 18.21.20.png,ROI_52,18:11:05,18:11:00,Redundant Row Value Mismatch
2025-12-16 18.21.31.png,2025-12-16 18.21.26.png,ROI_52,18:11:10,18:11:05,Redundant Row Value Mismatch
2025-12-16 18.21.37.png,2025-12-16 18.21.31.png,ROI_52,18:11:16,18:11:10,Redundant Row Value Mismatch
2025-12-16 18.21.40.png,2025-12-16 18.21.37.png,ROI_52,18:11:21,18:11:16,Redundant Row Value Mismatch
2025-12-16 18.23.26.png,2025-12-16 18.21.40.png,ROI_52,18:11:26,18:11:21,Redundant Row Value Mismatch
