Filename,ROI_52,Time_Status,Data_Redundancy
2025-12-16 17.20.12.png,17:09:51,Time Static,Unique
2025-12-16 17.21.26.png,17:11:07,Time Static,Unique
2025-12-16 17.28.17.png,17:17:56,Time Static,Unique
2025-12-16 17.32.57.png,17:22:37,Time Static,Unique
2025-12-16 17.33.03.png,17:22:42,Time Static,Unique
2025-12-16 17.34.21.png,17:24:01,Time Static,Unique
2025-12-16 17.37.25.png,17:27:05,Time Static,Unique
2025-12-16 17.40.20.png,17:29:59,Time Static,Unique
2025-12-16 17.41.19.png,17:30:59,Time Static,Unique
2025-12-16 17.42.48.png,17:32:27,Time Static,Unique
2025-12-16 17.47.57.png,17:37:22,Time Static,Unique
2025-12-16 17.48.00.png,17:37:22,Time Static,Unique
2025-12-16 17.48.02.png,17:37:22,Time Static,Unique
2025-12-16 17.55.54.png,17:45:33,Time Static,Unique
2025-12-16 17.56.49.png,17:46:28,Time Static,Unique
2025-12-16 17.58.54.png,17:48:35,Time Static,Unique
2025-12-16 18.00.43.png,17:50:21,Time Static,Unique
2025-12-16 18.02.57.png,17:52:37,Time Static,Unique
2025-12-16 18.03.53.png,17:53:22,Time Static,Unique
2025-12-16 18.05.29.png,17:55:09,Time Static,Unique
2025-12-16 18.08.05.png,17:57:43,Time Static,Unique
2025-12-16 18.10.09.png,17:59:47,Time Static,Unique
2025-12-16 18.15.10.png,18:04:14,Time Static,Unique
2025-12-16 18.19.49.png,18:09:29,Time Static,Unique
