Filename,ROI_52,Time_Status,Data_Redundancy
2025-12-16 17.16.26.png,17:06:07,Time Static,Unique
2025-12-16 17.16.32.png,17:06:12,Time Static,Unique
2025-12-16 17.19.52.png,17:09:30,Time Static,Unique
2025-12-16 17.20.06.png,17:09:46,Time Static,Unique
2025-12-16 17.20.27.png,17:10:06,Time Static,Unique
2025-12-16 17.22.24.png,17:12:04,Time Static,Unique
2025-12-16 17.31.27.png,17:21:07,Time Static,Unique
2025-12-16 17.32.07.png,17:21:47,Time Static,Unique
2025-12-16 17.37.05.png,17:26:45,Time Static,Unique
2025-12-16 17.37.11.png,17:26:50,Time Static,Unique
2025-12-16 17.38.10.png,17:27:50,Time Static,Unique
2025-12-16 17.38.21.png,17:28:00,Time Static,Unique
2025-12-16 17.45.48.png,17:35:27,Time Static,Unique
2025-12-16 17.46.53.png,17:36:32,Time Static,Unique
2025-12-16 17.50.09.png,17:37:22,Time Static,Unique
2025-12-16 17.55.04.png,17:44:43,Time Static,Unique
2025-12-16 17.55.14.png,17:44:53,Time Static,Unique
2025-12-16 18.00.16.png,17:49:56,Time Static,Unique
2025-12-16 18.02.27.png,17:52:06,Time Static,Unique
2025-12-16 18.12.17.png,18:01:57,Time Static,Unique
