Filename_Current,Filename_Compared,ROI_ID,Value_Current,Value_Compared,Reason
2025-12-16 17.15.55.png,2025-12-16 17.15.52.png,ROI_52,17:05:36,16:37:02,Redundant Row Value Mismatch
2025-12-16 17.16.01.png,2025-12-16 17.15.58.png,ROI_52,17:05:41,17:05:36,Redundant Row Value Mismatch
2025-12-16 17.16.15.png,2025-12-16 17.16.13.png,ROI_52,17:05:57,17:05:52,Redundant Row Value Mismatch
2025-12-16 17.16.21.png,2025-12-16 17.16.18.png,ROI_52,17:06:02,17:05:57,Redundant Row Value Mismatch
2025-12-16 17.16.40.png,2025-12-16 17.16.37.png,ROI_52,17:06:22,17:06:17,Redundant Row Value Mismatch
2025-12-16 17.16.46.png,2025-12-16 17.16.43.png,ROI_52,17:06:27,17:06:22,Redundant Row Value Mismatch
2025-12-16 17.17.00.png,2025-12-16 17.16.57.png,ROI_52,17:06:42,17:06:37,Redundant Row Value Mismatch
2025-12-16 17.17.06.png,2025-12-16 17.17.03.png,ROI_52,17:06:47,17:06:42,Redundant Row Value Mismatch
2025-12-16 17.17.11.png,2025-12-16 17.17.08.png,ROI_52,17:06:52,17:06:47,Redundant Row Value Mismatch
2025-12-16 17.17.33.png,2025-12-16 17.17.28.png,ROI_52,17:07:12,17:07:07,Redundant Row Value Mismatch
2025-12-16 17.17.43.png,2025-12-16 17.17.40.png,ROI_52,17:07:23,17:07:18,Redundant Row Value Mismatch
2025-12-16 17.17.52.png,2025-12-16 17.17.49.png,ROI_52,17:07:33,17:07:28,Redundant Row Value Mismatch
2025-12-16 17.18.08.png,2025-12-16 17.18.05.png,ROI_52,17:07:48,17:07:43,Redundant Row Value Mismatch
2025-12-16 17.18.23.png,2025-12-16 17.18.20.png,ROI_52,17:08:04,17:07:58,Redundant Row Value Mismatch
2025-12-16 17.18.47.png,2025-12-16 17.18.45.png,ROI_52,17:08:29,17:08:24,Redundant Row Value Mismatch
2025-12-16 17.18.53.png,2025-12-16 17.18.50.png,ROI_52,17:08:34,17:08:29,Redundant Row Value Mismatch
2025-12-16 17.18.59.png,2025-12-16 17.18.56.png,ROI_52,17:08:39,17:08:34,Redundant Row Value Mismatch
2025-12-16 17.19.12.png,2025-12-16 17.19.10.png,ROI_52,17:08:54,17:08:49,Redundant Row Value Mismatch
2025-12-16 17.19.18.png,2025-12-16 17.19.16.png,ROI_52,17:08:59,17:08:54,Redundant Row Value Mismatch
2025-12-16 17.19.44.png,2025-12-16 17.19.41.png,ROI_52,17:09:25,17:09:20,Redundant Row Value Mismatch
2025-12-16 17.19.49.png,2025-12-16 17.19.46.png,ROI_52,17:09:30,17:09:25,Redundant Row Value Mismatch
2025-12-16 17.20.00.png,2025-12-16 17.19.57.png,ROI_52,17:09:41,17:09:36,Redundant Row Value Mismatch
2025-12-16 17.20.15.png,2025-12-16 17.20.12.png,ROI_52,17:09:56,17:09:51,Redundant Row Value Mismatch
2025-12-16 17.20.21.png,2025-12-16 17.20.17.png,ROI_52,17:10:01,17:09:56,Redundant Row Value Mismatch
2025-12-16 17.20.35.png,2025-12-16 17.20.32.png,ROI_52,17:10:16,17:10:11,Redundant Row Value Mismatch
2025-12-16 17.20.40.png,2025-12-16 17.20.37.png,ROI_52,17:10:21,17:10:16,Redundant Row Value Mismatch
2025-12-16 17.20.46.png,2025-12-16 17.20.43.png,ROI_52,17:10:26,17:10:21,Redundant Row Value Mismatch
2025-12-16 17.21.06.png,2025-12-16 17.21.03.png,ROI_52,17:10:46,17:10:41,Redundant Row Value Mismatch
2025-12-16 17.21.20.png,2025-12-16 17.21.17.png,ROI_52,17:11:02,17:10:56,Redundant Row Value Mismatch
2025-12-16 17.21.46.png,2025-12-16 17.21.43.png,ROI_52,17:11:28,17:11:22,Redundant Row Value Mismatch
2025-12-16 17.21.52.png,2025-12-16 17.21.49.png,ROI_52,17:11:33,17:11:28,Redundant Row Value Mismatch
2025-12-16 17.22.06.png,2025-12-16 17.22.04.png,ROI_52,17:11:48,17:11:43,Redundant Row Value Mismatch
2025-12-16 17.22.12.png,2025-12-16 17.22.10.png,ROI_52,17:11:54,17:11:48,Redundant Row Value Mismatch
2025-12-16 17.22.18.png,2025-12-16 17.22.15.png,ROI_52,17:11:59,17:11:54,Redundant Row Value Mismatch
2025-12-16 17.22.32.png,2025-12-16 17.22.30.png,ROI_52,17:12:14,17:12:09,Redundant Row Value Mismatch
2025-12-16 17.22.38.png,2025-12-16 17.22.35.png,ROI_52,17:12:19,17:12:14,Redundant Row Value Mismatch
2025-12-16 17.22.43.png,2025-12-16 17.22.41.png,ROI_52,17:12:24,17:12:19,Redundant Row Value Mismatch
2025-12-16 17.22.49.png,2025-12-16 17.22.46.png,ROI_52,17:12:30,17:12:24,Redundant Row Value Mismatch
2025-12-16 17.23.20.png,2025-12-16 17.23.17.png,ROI_52,17:13:01,17:12:56,Redundant Row Value Mismatch
2025-12-16 17.23.35.png,2025-12-16 17.23.32.png,ROI_52,17:13:16,17:13:11,Redundant Row Value Mismatch
2025-12-16 17.23.41.png,2025-12-16 17.23.38.png,ROI_52,17:13:21,17:13:16,Redundant Row Value Mismatch
2025-12-16 17.23.55.png,2025-12-16 17.23.52.png,ROI_52,17:13:36,17:13:31,Redundant Row Value Mismatch
2025-12-16 17.24.01.png,2025-12-16 17.23.58.png,ROI_52,17:13:41,17:13:36,Redundant Row Value Mismatch
2025-12-16 17.26.47.png,2025-12-16 17.26.44.png,ROI_52,17:16:28,17:16:23,Redundant Row Value Mismatch
2025-12-16 17.27.01.png,2025-12-16 17.26.59.png,ROI_52,17:16:43,17:16:38,Redundant Row Value Mismatch
2025-12-16 17.27.07.png,2025-12-16 17.27.04.png,ROI_52,17:16:48,17:16:43,Redundant Row Value Mismatch
2025-12-16 17.27.35.png,2025-12-16 17.27.18.png,ROI_52,17:17:03,17:16:58,Redundant Row Value Mismatch
2025-12-16 17.27.45.png,2025-12-16 17.27.42.png,ROI_52,17:17:26,17:17:21,Redundant Row Value Mismatch
2025-12-16 17.27.51.png,2025-12-16 17.27.47.png,ROI_52,17:17:31,17:17:26,Redundant Row Value Mismatch
2025-12-16 17.28.00.png,2025-12-16 17.27.57.png,ROI_52,17:17:41,17:17:36,Redundant Row Value Mismatch
2025-12-16 17.28.05.png,2025-12-16 17.28.02.png,ROI_52,17:17:46,17:17:41,Redundant Row Value Mismatch
2025-12-16 17.28.11.png,2025-12-16 17.28.08.png,ROI_52,17:17:51,17:17:46,Redundant Row Value Mismatch
2025-12-16 17.28.20.png,2025-12-16 17.28.17.png,ROI_52,17:18:01,17:17:56,Redundant Row Value Mismatch
2025-12-16 17.28.26.png,2025-12-16 17.28.23.png,ROI_52,17:18:06,17:18:01,Redundant Row Value Mismatch
2025-12-16 17.28.40.png,2025-12-16 17.28.37.png,ROI_52,17:18:21,17:18:16,Redundant Row Value Mismatch
2025-12-16 17.28.55.png,2025-12-16 17.28.52.png,ROI_52,17:18:37,17:18:32,Redundant Row Value Mismatch
2025-12-16 17.29.00.png,2025-12-16 17.28.58.png,ROI_52,17:18:42,17:18:37,Redundant Row Value Mismatch
2025-12-16 17.29.16.png,2025-12-16 17.29.12.png,ROI_52,17:18:57,17:18:52,Redundant Row Value Mismatch
2025-12-16 17.29.31.png,2025-12-16 17.29.28.png,ROI_52,17:19:12,17:19:07,Redundant Row Value Mismatch
2025-12-16 17.29.40.png,2025-12-16 17.29.37.png,ROI_52,17:19:22,17:19:17,Redundant Row Value Mismatch
2025-12-16 17.30.01.png,2025-12-16 17.29.58.png,ROI_52,17:19:42,17:19:37,Redundant Row Value Mismatch
2025-12-16 17.30.31.png,2025-12-16 17.30.12.png,ROI_52,17:19:57,17:19:52,Redundant Row Value Mismatch
2025-12-16 17.30.40.png,2025-12-16 17.30.38.png,ROI_52,17:20:21,17:20:16,Redundant Row Value Mismatch
2025-12-16 17.30.55.png,2025-12-16 17.30.53.png,ROI_52,17:20:36,17:20:31,Redundant Row Value Mismatch
2025-12-16 17.31.10.png,2025-12-16 17.31.07.png,ROI_52,17:20:51,17:20:47,Redundant Row Value Mismatch
2025-12-16 17.31.15.png,2025-12-16 17.31.13.png,ROI_52,17:20:56,17:20:51,Redundant Row Value Mismatch
2025-12-16 17.31.21.png,2025-12-16 17.31.18.png,ROI_52,17:21:02,17:20:56,Redundant Row Value Mismatch
2025-12-16 17.31.35.png,2025-12-16 17.31.32.png,ROI_52,17:21:17,17:21:12,Redundant Row Value Mismatch
2025-12-16 17.31.41.png,2025-12-16 17.31.38.png,ROI_52,17:21:22,17:21:17,Redundant Row Value Mismatch
2025-12-16 17.31.55.png,2025-12-16 17.31.52.png,ROI_52,17:21:37,17:21:32,Redundant Row Value Mismatch
2025-12-16 17.32.01.png,2025-12-16 17.31.59.png,ROI_52,17:21:42,17:21:37,Redundant Row Value Mismatch
2025-12-16 17.32.16.png,2025-12-16 17.32.13.png,ROI_52,17:21:57,17:21:52,Redundant Row Value Mismatch
2025-12-16 17.32.26.png,2025-12-16 17.32.23.png,ROI_52,17:22:07,17:22:02,Redundant Row Value Mismatch
2025-12-16 17.32.36.png,2025-12-16 17.32.32.png,ROI_52,17:22:17,17:22:12,Redundant Row Value Mismatch
2025-12-16 17.32.51.png,2025-12-16 17.32.48.png,ROI_52,17:22:32,17:22:27,Redundant Row Value Mismatch
2025-12-16 17.33.06.png,2025-12-16 17.33.03.png,ROI_52,17:22:47,17:22:42,Redundant Row Value Mismatch
2025-12-16 17.33.21.png,2025-12-16 17.33.09.png,ROI_52,17:22:52,17:22:47,Redundant Row Value Mismatch
2025-12-16 17.33.29.png,2025-12-16 17.33.26.png,ROI_52,17:23:11,17:22:52,Redundant Row Value Mismatch
2025-12-16 17.33.35.png,2025-12-16 17.33.32.png,ROI_52,17:23:15,17:23:11,Redundant Row Value Mismatch
2025-12-16 17.33.50.png,2025-12-16 17.33.47.png,ROI_52,17:23:30,17:23:25,Redundant Row Value Mismatch
2025-12-16 17.33.59.png,2025-12-16 17.33.56.png,ROI_52,17:23:41,17:23:36,Redundant Row Value Mismatch
2025-12-16 17.34.05.png,2025-12-16 17.34.02.png,ROI_52,17:23:46,17:23:41,Redundant Row Value Mismatch
2025-12-16 17.34.10.png,2025-12-16 17.34.07.png,ROI_52,17:23:51,17:23:46,Redundant Row Value Mismatch
2025-12-16 17.34.30.png,2025-12-16 17.34.27.png,ROI_52,17:24:11,17:24:06,Redundant Row Value Mismatch
2025-12-16 17.34.50.png,2025-12-16 17.34.47.png,ROI_52,17:24:31,17:24:26,Redundant Row Value Mismatch
2025-12-16 17.35.04.png,2025-12-16 17.35.02.png,ROI_52,17:24:46,17:24:41,Redundant Row Value Mismatch
2025-12-16 17.35.10.png,2025-12-16 17.35.07.png,ROI_52,17:24:51,17:24:46,Redundant Row Value Mismatch
2025-12-16 17.35.20.png,2025-12-16 17.35.17.png,ROI_52,17:25:01,17:24:56,Redundant Row Value Mismatch
2025-12-16 17.35.35.png,2025-12-16 17.35.32.png,ROI_52,17:25:16,17:25:11,Redundant Row Value Mismatch
2025-12-16 17.35.50.png,2025-12-16 17.35.47.png,ROI_52,17:25:31,17:25:26,Redundant Row Value Mismatch
2025-12-16 17.36.00.png,2025-12-16 17.35.57.png,ROI_52,17:25:41,17:25:36,Redundant Row Value Mismatch
2025-12-16 17.36.38.png,2025-12-16 17.36.35.png,ROI_52,17:26:19,17:26:14,Redundant Row Value Mismatch
2025-12-16 17.36.44.png,2025-12-16 17.36.41.png,ROI_52,17:26:24,17:26:19,Redundant Row Value Mismatch
2025-12-16 17.36.53.png,2025-12-16 17.36.50.png,ROI_52,17:26:34,17:26:29,Redundant Row Value Mismatch
2025-12-16 17.37.28.png,2025-12-16 17.37.25.png,ROI_52,17:27:10,17:27:05,Redundant Row Value Mismatch
2025-12-16 17.37.33.png,2025-12-16 17.37.31.png,ROI_52,17:27:15,17:27:10,Redundant Row Value Mismatch
2025-12-16 17.37.39.png,2025-12-16 17.37.36.png,ROI_52,17:27:20,17:27:15,Redundant Row Value Mismatch
2025-12-16 17.37.48.png,2025-12-16 17.37.46.png,ROI_52,17:27:30,17:27:25,Redundant Row Value Mismatch
2025-12-16 17.37.54.png,2025-12-16 17.37.51.png,ROI_52,17:27:35,17:27:30,Redundant Row Value Mismatch
2025-12-16 17.38.18.png,2025-12-16 17.38.16.png,ROI_52,17:28:00,17:27:55,Redundant Row Value Mismatch
2025-12-16 17.38.29.png,2025-12-16 17.38.26.png,ROI_52,17:28:10,17:28:05,Redundant Row Value Mismatch
2025-12-16 17.38.34.png,2025-12-16 17.38.32.png,ROI_52,17:28:15,17:28:10,Redundant Row Value Mismatch
2025-12-16 17.38.44.png,2025-12-16 17.38.41.png,ROI_52,17:28:25,17:28:20,Redundant Row Value Mismatch
2025-12-16 17.38.50.png,2025-12-16 17.38.47.png,ROI_52,17:28:30,17:28:25,Redundant Row Value Mismatch
2025-12-16 17.39.10.png,2025-12-16 17.38.57.png,ROI_52,17:28:40,17:28:35,Redundant Row Value Mismatch
2025-12-16 17.39.16.png,2025-12-16 17.39.13.png,ROI_52,17:28:58,17:28:40,Redundant Row Value Mismatch
2025-12-16 17.39.23.png,2025-12-16 17.39.19.png,ROI_52,17:29:03,17:28:58,Redundant Row Value Mismatch
2025-12-16 17.39.37.png,2025-12-16 17.39.34.png,ROI_52,17:29:18,17:29:13,Redundant Row Value Mismatch
2025-12-16 17.39.58.png,2025-12-16 17.39.54.png,ROI_52,17:29:39,17:29:34,Redundant Row Value Mismatch
2025-12-16 17.40.12.png,2025-12-16 17.40.09.png,ROI_52,17:29:54,17:29:49,Redundant Row Value Mismatch
2025-12-16 17.40.18.png,2025-12-16 17.40.15.png,ROI_52,17:29:59,17:29:54,Redundant Row Value Mismatch
2025-12-16 17.40.23.png,2025-12-16 17.40.20.png,ROI_52,17:30:04,17:29:59,Redundant Row Value Mismatch
2025-12-16 17.40.38.png,2025-12-16 17.40.35.png,ROI_52,17:30:19,17:30:14,Redundant Row Value Mismatch
2025-12-16 17.40.48.png,2025-12-16 17.40.45.png,ROI_52,17:30:29,17:30:24,Redundant Row Value Mismatch
2025-12-16 17.40.57.png,2025-12-16 17.40.54.png,ROI_52,17:30:39,17:30:34,Redundant Row Value Mismatch
2025-12-16 17.41.02.png,2025-12-16 17.41.00.png,ROI_52,17:30:44,17:30:39,Redundant Row Value Mismatch
2025-12-16 17.41.08.png,2025-12-16 17.41.05.png,ROI_52,17:30:49,17:30:44,Redundant Row Value Mismatch
2025-12-16 17.41.13.png,2025-12-16 17.41.10.png,ROI_52,17:30:54,17:30:49,Redundant Row Value Mismatch
2025-12-16 17.41.28.png,2025-12-16 17.41.25.png,ROI_52,17:31:09,17:31:04,Redundant Row Value Mismatch
2025-12-16 17.41.43.png,2025-12-16 17.41.40.png,ROI_52,17:31:24,17:31:19,Redundant Row Value Mismatch
2025-12-16 17.41.48.png,2025-12-16 17.41.46.png,ROI_52,17:31:29,17:31:24,Redundant Row Value Mismatch
2025-12-16 17.42.16.png,2025-12-16 17.42.13.png,ROI_52,17:31:57,17:31:52,Redundant Row Value Mismatch
2025-12-16 17.42.31.png,2025-12-16 17.42.29.png,ROI_52,17:32:12,17:32:07,Redundant Row Value Mismatch
2025-12-16 17.42.41.png,2025-12-16 17.42.38.png,ROI_52,17:32:22,17:32:17,Redundant Row Value Mismatch
2025-12-16 17.42.51.png,2025-12-16 17.42.48.png,ROI_52,17:32:32,17:32:27,Redundant Row Value Mismatch
2025-12-16 17.42.57.png,2025-12-16 17.42.54.png,ROI_52,17:32:37,17:32:32,Redundant Row Value Mismatch
2025-12-16 17.43.11.png,2025-12-16 17.43.08.png,ROI_52,17:32:53,17:32:48,Redundant Row Value Mismatch
2025-12-16 17.43.17.png,2025-12-16 17.43.14.png,ROI_52,17:32:58,17:32:53,Redundant Row Value Mismatch
2025-12-16 17.43.37.png,2025-12-16 17.43.34.png,ROI_52,17:33:18,17:33:13,Redundant Row Value Mismatch
2025-12-16 17.43.47.png,2025-12-16 17.43.44.png,ROI_52,17:33:28,17:33:23,Redundant Row Value Mismatch
2025-12-16 17.43.52.png,2025-12-16 17.43.49.png,ROI_52,17:33:33,17:33:28,Redundant Row Value Mismatch
2025-12-16 17.44.12.png,2025-12-16 17.44.09.png,ROI_52,17:33:53,17:33:48,Redundant Row Value Mismatch
2025-12-16 17.44.18.png,2025-12-16 17.44.14.png,ROI_52,17:33:58,17:33:53,Redundant Row Value Mismatch
2025-12-16 17.44.32.png,2025-12-16 17.44.29.png,ROI_52,17:34:13,17:34:08,Redundant Row Value Mismatch
2025-12-16 17.44.38.png,2025-12-16 17.44.35.png,ROI_52,17:34:18,17:34:13,Redundant Row Value Mismatch
2025-12-16 17.45.06.png,2025-12-16 17.45.03.png,ROI_52,17:34:47,17:34:28,Redundant Row Value Mismatch
2025-12-16 17.45.25.png,2025-12-16 17.45.23.png,ROI_52,17:35:07,17:35:02,Redundant Row Value Mismatch
2025-12-16 17.45.31.png,2025-12-16 17.45.28.png,ROI_52,17:35:12,17:35:07,Redundant Row Value Mismatch
2025-12-16 17.45.40.png,2025-12-16 17.45.37.png,ROI_52,17:35:22,17:35:17,Redundant Row Value Mismatch
2025-12-16 17.45.45.png,2025-12-16 17.45.43.png,ROI_52,17:35:27,17:35:22,Redundant Row Value Mismatch
2025-12-16 17.46.11.png,2025-12-16 17.46.08.png,ROI_52,17:35:52,17:35:47,Redundant Row Value Mismatch
2025-12-16 17.46.36.png,2025-12-16 17.46.33.png,ROI_52,17:36:17,17:36:12,Redundant Row Value Mismatch
2025-12-16 17.47.06.png,2025-12-16 17.47.03.png,ROI_52,17:36:47,17:36:42,Redundant Row Value Mismatch
2025-12-16 17.47.11.png,2025-12-16 17.47.09.png,ROI_52,17:36:52,17:36:47,Redundant Row Value Mismatch
2025-12-16 17.47.26.png,2025-12-16 17.47.23.png,ROI_52,17:37:07,17:37:02,Redundant Row Value Mismatch
2025-12-16 17.50.06.png,2025-12-16 17.47.38.png,ROI_52,17:37:22,17:37:18,Redundant Row Value Mismatch
2025-12-16 17.54.27.png,2025-12-16 17.54.24.png,ROI_52,17:44:08,17:44:02,Redundant Row Value Mismatch
2025-12-16 17.54.36.png,2025-12-16 17.54.33.png,ROI_52,17:44:18,17:44:13,Redundant Row Value Mismatch
2025-12-16 17.54.42.png,2025-12-16 17.54.39.png,ROI_52,17:44:23,17:44:18,Redundant Row Value Mismatch
2025-12-16 17.54.51.png,2025-12-16 17.54.49.png,ROI_52,17:44:33,17:44:28,Redundant Row Value Mismatch
2025-12-16 17.55.22.png,2025-12-16 17.55.19.png,ROI_52,17:45:03,17:44:58,Redundant Row Value Mismatch
2025-12-16 17.55.36.png,2025-12-16 17.55.34.png,ROI_52,17:45:18,17:45:13,Redundant Row Value Mismatch
2025-12-16 17.55.42.png,2025-12-16 17.55.39.png,ROI_52,17:45:23,17:45:18,Redundant Row Value Mismatch
2025-12-16 17.55.48.png,2025-12-16 17.55.45.png,ROI_52,17:45:28,17:45:23,Redundant Row Value Mismatch
2025-12-16 17.55.57.png,2025-12-16 17.55.54.png,ROI_52,17:45:38,17:45:33,Redundant Row Value Mismatch
2025-12-16 17.56.03.png,2025-12-16 17.56.00.png,ROI_52,17:45:43,17:45:38,Redundant Row Value Mismatch
2025-12-16 17.56.12.png,2025-12-16 17.56.09.png,ROI_52,17:45:53,17:45:48,Redundant Row Value Mismatch
2025-12-16 17.56.17.png,2025-12-16 17.56.15.png,ROI_52,17:45:58,17:45:53,Redundant Row Value Mismatch
2025-12-16 17.56.37.png,2025-12-16 17.56.35.png,ROI_52,17:46:18,17:46:13,Redundant Row Value Mismatch
2025-12-16 17.56.52.png,2025-12-16 17.56.49.png,ROI_52,17:46:33,17:46:28,Redundant Row Value Mismatch
2025-12-16 17.56.57.png,2025-12-16 17.56.54.png,ROI_52,17:46:38,17:46:33,Redundant Row Value Mismatch
2025-12-16 17.58.28.png,2025-12-16 17.58.25.png,ROI_52,17:48:09,17:46:44,Redundant Row Value Mismatch
2025-12-16 17.58.35.png,2025-12-16 17.58.31.png,ROI_52,17:48:15,17:48:09,Redundant Row Value Mismatch
2025-12-16 17.58.49.png,2025-12-16 17.58.45.png,ROI_52,17:48:30,17:48:25,Redundant Row Value Mismatch
2025-12-16 17.59.04.png,2025-12-16 17.59.01.png,ROI_52,17:48:45,17:48:40,Redundant Row Value Mismatch
2025-12-16 17.59.09.png,2025-12-16 17.59.06.png,ROI_52,17:48:50,17:48:45,Redundant Row Value Mismatch
2025-12-16 17.59.34.png,2025-12-16 17.59.32.png,ROI_52,17:49:15,17:49:10,Redundant Row Value Mismatch
2025-12-16 17.59.44.png,2025-12-16 17.59.41.png,ROI_52,17:49:25,17:49:20,Redundant Row Value Mismatch
2025-12-16 17.59.49.png,2025-12-16 17.59.46.png,ROI_52,17:49:31,17:49:25,Redundant Row Value Mismatch
2025-12-16 17.59.55.png,2025-12-16 17.59.52.png,ROI_52,17:49:36,17:49:31,Redundant Row Value Mismatch
2025-12-16 18.00.10.png,2025-12-16 18.00.07.png,ROI_52,17:49:51,17:49:46,Redundant Row Value Mismatch
2025-12-16 18.00.25.png,2025-12-16 18.00.22.png,ROI_52,17:50:06,17:50:01,Redundant Row Value Mismatch
2025-12-16 18.00.40.png,2025-12-16 18.00.37.png,ROI_52,17:50:21,17:50:16,Redundant Row Value Mismatch
2025-12-16 18.00.45.png,2025-12-16 18.00.43.png,ROI_52,17:50:26,17:50:21,Redundant Row Value Mismatch
2025-12-16 18.00.51.png,2025-12-16 18.00.48.png,ROI_52,17:50:32,17:50:26,Redundant Row Value Mismatch
2025-12-16 18.01.10.png,2025-12-16 18.01.08.png,ROI_52,17:50:52,17:50:47,Redundant Row Value Mismatch
2025-12-16 18.01.19.png,2025-12-16 18.01.13.png,ROI_52,17:50:57,17:50:52,Redundant Row Value Mismatch
2025-12-16 18.01.25.png,2025-12-16 18.01.22.png,ROI_52,17:51:06,17:50:57,Redundant Row Value Mismatch
2025-12-16 18.01.41.png,2025-12-16 18.01.38.png,ROI_52,17:51:21,17:51:16,Redundant Row Value Mismatch
2025-12-16 18.01.55.png,2025-12-16 18.01.52.png,ROI_52,17:51:36,17:51:31,Redundant Row Value Mismatch
2025-12-16 18.02.01.png,2025-12-16 18.01.57.png,ROI_52,17:51:41,17:51:36,Redundant Row Value Mismatch
2025-12-16 18.02.10.png,2025-12-16 18.02.07.png,ROI_52,17:51:51,17:51:46,Redundant Row Value Mismatch
2025-12-16 18.02.35.png,2025-12-16 18.02.32.png,ROI_52,17:52:16,17:52:11,Redundant Row Value Mismatch
2025-12-16 18.02.41.png,2025-12-16 18.02.38.png,ROI_52,17:52:21,17:52:16,Redundant Row Value Mismatch
2025-12-16 18.03.05.png,2025-12-16 18.03.02.png,ROI_52,17:52:47,17:52:42,Redundant Row Value Mismatch
2025-12-16 18.03.12.png,2025-12-16 18.03.08.png,ROI_52,17:52:52,17:52:47,Redundant Row Value Mismatch
2025-12-16 18.03.21.png,2025-12-16 18.03.18.png,ROI_52,17:53:02,17:52:57,Redundant Row Value Mismatch
2025-12-16 18.03.30.png,2025-12-16 18.03.27.png,ROI_52,17:53:12,17:53:07,Redundant Row Value Mismatch
2025-12-16 18.03.35.png,2025-12-16 18.03.32.png,ROI_52,17:53:17,17:53:12,Redundant Row Value Mismatch
2025-12-16 18.03.53.png,2025-12-16 18.03.38.png,ROI_52,17:53:22,17:53:17,Redundant Row Value Mismatch
2025-12-16 18.04.07.png,2025-12-16 18.04.04.png,ROI_52,17:53:49,17:53:44,Redundant Row Value Mismatch
2025-12-16 18.04.13.png,2025-12-16 18.04.09.png,ROI_52,17:53:54,17:53:49,Redundant Row Value Mismatch
2025-12-16 18.04.38.png,2025-12-16 18.04.34.png,ROI_52,17:54:19,17:54:14,Redundant Row Value Mismatch
2025-12-16 18.04.53.png,2025-12-16 18.04.50.png,ROI_52,17:54:34,17:54:29,Redundant Row Value Mismatch
2025-12-16 18.05.02.png,2025-12-16 18.04.59.png,ROI_52,17:54:44,17:54:39,Redundant Row Value Mismatch
2025-12-16 18.05.08.png,2025-12-16 18.05.05.png,ROI_52,17:54:49,17:54:44,Redundant Row Value Mismatch
2025-12-16 18.05.23.png,2025-12-16 18.05.20.png,ROI_52,17:55:04,17:54:59,Redundant Row Value Mismatch
2025-12-16 18.05.38.png,2025-12-16 18.05.35.png,ROI_52,17:55:19,17:55:14,Redundant Row Value Mismatch
2025-12-16 18.05.53.png,2025-12-16 18.05.50.png,ROI_52,17:55:34,17:55:29,Redundant Row Value Mismatch
2025-12-16 18.06.03.png,2025-12-16 18.06.00.png,ROI_52,17:55:44,17:55:39,Redundant Row Value Mismatch
2025-12-16 18.06.09.png,2025-12-16 18.06.06.png,ROI_52,17:55:49,17:55:44,Redundant Row Value Mismatch
2025-12-16 18.06.18.png,2025-12-16 18.06.15.png,ROI_52,17:55:59,17:55:54,Redundant Row Value Mismatch
2025-12-16 18.06.24.png,2025-12-16 18.06.21.png,ROI_52,17:56:04,17:55:59,Redundant Row Value Mismatch
2025-12-16 18.06.56.png,2025-12-16 18.06.53.png,ROI_52,17:56:38,17:56:33,Redundant Row Value Mismatch
2025-12-16 18.07.02.png,2025-12-16 18.06.59.png,ROI_52,17:56:43,17:56:38,Redundant Row Value Mismatch
2025-12-16 18.07.17.png,2025-12-16 18.07.13.png,ROI_52,17:56:58,17:56:53,Redundant Row Value Mismatch
2025-12-16 18.07.32.png,2025-12-16 18.07.29.png,ROI_52,17:57:13,17:57:08,Redundant Row Value Mismatch
2025-12-16 18.07.56.png,2025-12-16 18.07.54.png,ROI_52,17:57:38,17:57:33,Redundant Row Value Mismatch
2025-12-16 18.08.02.png,2025-12-16 18.07.59.png,ROI_52,17:57:43,17:57:38,Redundant Row Value Mismatch
2025-12-16 18.08.08.png,2025-12-16 18.08.05.png,ROI_52,17:57:48,17:57:43,Redundant Row Value Mismatch
2025-12-16 18.08.17.png,2025-12-16 18.08.14.png,ROI_52,17:57:58,17:57:53,Redundant Row Value Mismatch
2025-12-16 18.08.34.png,2025-12-16 18.08.30.png,ROI_52,17:58:13,17:58:08,Redundant Row Value Mismatch
2025-12-16 18.08.43.png,2025-12-16 18.08.40.png,ROI_52,17:58:23,17:58:18,Redundant Row Value Mismatch
2025-12-16 18.08.53.png,2025-12-16 18.08.50.png,ROI_52,17:58:33,17:58:28,Redundant Row Value Mismatch
2025-12-16 18.09.02.png,2025-12-16 18.08.59.png,ROI_52,17:58:43,17:58:38,Redundant Row Value Mismatch
2025-12-16 18.09.08.png,2025-12-16 18.09.05.png,ROI_52,17:58:48,17:58:43,Redundant Row Value Mismatch
2025-12-16 18.09.35.png,2025-12-16 18.09.19.png,ROI_52,17:59:03,17:58:59,Redundant Row Value Mismatch
2025-12-16 18.09.42.png,2025-12-16 18.09.38.png,ROI_52,17:59:22,17:59:03,Redundant Row Value Mismatch
2025-12-16 18.09.50.png,2025-12-16 18.09.48.png,ROI_52,17:59:32,17:59:27,Redundant Row Value Mismatch
2025-12-16 18.09.57.png,2025-12-16 18.09.53.png,ROI_52,17:59:37,17:59:32,Redundant Row Value Mismatch
2025-12-16 18.11.30.png,2025-12-16 18.11.27.png,ROI_52,18:01:11,18:01:06,Redundant Row Value Mismatch
2025-12-16 18.11.36.png,2025-12-16 18.11.33.png,ROI_52,18:01:17,18:01:11,Redundant Row Value Mismatch
2025-12-16 18.11.51.png,2025-12-16 18.11.48.png,ROI_52,18:01:31,18:01:26,Redundant Row Value Mismatch
2025-12-16 18.12.05.png,2025-12-16 18.12.03.png,ROI_52,18:01:47,18:01:42,Redundant Row Value Mismatch
2025-12-16 18.12.12.png,2025-12-16 18.12.08.png,ROI_52,18:01:52,18:01:47,Redundant Row Value Mismatch
2025-12-16 18.12.29.png,2025-12-16 18.12.23.png,ROI_52,18:02:07,18:02:02,Redundant Row Value Mismatch
2025-12-16 18.13.26.png,2025-12-16 18.13.23.png,ROI_52,18:03:08,18:02:07,Redundant Row Value Mismatch
2025-12-16 18.13.32.png,2025-12-16 18.13.29.png,ROI_52,18:03:13,18:03:08,Redundant Row Value Mismatch
2025-12-16 18.13.47.png,2025-12-16 18.13.44.png,ROI_52,18:03:28,18:03:23,Redundant Row Value Mismatch
2025-12-16 18.13.52.png,2025-12-16 18.13.50.png,ROI_52,18:03:33,18:03:28,Redundant Row Value Mismatch
2025-12-16 18.14.07.png,2025-12-16 18.14.04.png,ROI_52,18:03:48,18:03:43,Redundant Row Value Mismatch
2025-12-16 18.14.18.png,2025-12-16 18.14.15.png,ROI_52,18:03:58,18:03:53,Redundant Row Value Mismatch
2025-12-16 18.14.28.png,2025-12-16 18.14.25.png,ROI_52,18:04:09,18:04:04,Redundant Row Value Mismatch
2025-12-16 18.19.19.png,2025-12-16 18.19.13.png,ROI_52,18:08:57,18:08:52,Redundant Row Value Mismatch
2025-12-16 18.19.33.png,2025-12-16 18.19.30.png,ROI_52,18:09:13,18:09:05,Redundant Row Value Mismatch
2025-12-16 18.19.39.png,2025-12-16 18.19.35.png,ROI_52,18:09:19,18:09:13,Redundant Row Value Mismatch
2025-12-16 18.19.58.png,2025-12-16 18.19.55.png,ROI_52,18:09:39,18:09:34,Redundant Row Value Mismatch
2025-12-16 18.20.12.png,2025-12-16 18.20.09.png,ROI_52,18:09:54,18:09:49,Redundant Row Value Mismatch
2025-12-16 18.20.18.png,2025-12-16 18.20.15.png,ROI_52,18:09:59,18:09:54,Redundant Row Value Mismatch
2025-12-16 18.20.28.png,2025-12-16 18.20.25.png,ROI_52,18:10:09,18:10:04,Redundant Row Value Mismatch
2025-12-16 18.20.38.png,2025-12-16 18.20.35.png,ROI_52,18:10:19,18:10:13,Redundant Row Value Mismatch
2025-12-16 18.20.44.png,2025-12-16 18.20.38.png,ROI_52,18:10:23,18:10:19,Redundant Row Value Mismatch
2025-12-16 18.20.48.png,2025-12-16 18.20.44.png,ROI_52,18:10:29,18:10:23,Redundant Row Value Mismatch
2025-12-16 18.21.00.png,2025-12-16 18.20.54.png,ROI_52,18:10:38,18:10:34,Redundant Row Value Mismatch
2025-12-16 18.21.06.png,2025-12-16 18.21.00.png,ROI_52,18:10:43,18:10:38,Redundant Row Value Mismatch
2025-12-16 18.21.11.png,2025-12-16 18.21.06.png,ROI_52,18:10:49,18:10:43,Redundant Row Value Mismatch
2025-12-16 18.21.17.png,2025-12-16 18.21.11.png,ROI_52,18:10:55,18:10:49,Redundant Row Value Mismatch
2025-12-16 18.21.20.png,2025-12-16 18.21.17.png,ROI_52,18:11:00,18:10:55,Redundant Row Value Mismatch
2025-12-16 18.21.26.png,2025-12-16 18.21.20.png,ROI_52,18:11:05,18:11:00,Redundant Row Value Mismatch
2025-12-16 18.21.31.png,2025-12-16 18.21.26.png,ROI_52,18:11:10,18:11:05,Redundant Row Value Mismatch
2025-12-16 18.21.37.png,2025-12-16 18.21.31.png,ROI_52,18:11:16,18:11:10,Redundant Row Value Mismatch
2025-12-16 18.21.40.png,2025-12-16 18.21.37.png,ROI_52,18:11:21,18:11:16,Redundant Row Value Mismatch
2025-12-16 18.23.26.png,2025-12-16 18.21.40.png,ROI_52,18:11:26,18:11:21,Redundant Row Value Mismatch
