Filename,ROI_ID,Value,Reason
2025-12-16 17.59.19.png,ROI_52,The timestamp you provided is 17:49:00.,Invalid Time Format
2025-12-16 18.20.35.png,ROI_2,0,Statistical Outlier
2025-12-16 18.20.38.png,ROI_2,0,Statistical Outlier
2025-12-16 18.20.44.png,ROI_2,0,Statistical Outlier
2025-12-16 18.20.48.png,ROI_2,0,Statistical Outlier
2025-12-16 18.20.54.png,ROI_2,0,Statistical Outlier
2025-12-16 18.21.00.png,ROI_2,0,Statistical Outlier
2025-12-16 18.21.06.png,ROI_2,0,Statistical Outlier
2025-12-16 18.21.11.png,ROI_2,0,Statistical Outlier
2025-12-16 18.21.17.png,ROI_2,0,Statistical Outlier
2025-12-16 18.21.20.png,ROI_2,0,Statistical Outlier
2025-12-16 18.21.26.png,ROI_2,0,Statistical Outlier
2025-12-16 18.21.31.png,ROI_2,0,Statistical Outlier
2025-12-16 18.21.37.png,ROI_2,0,Statistical Outlier
2025-12-16 18.21.40.png,ROI_2,0,Statistical Outlier
2025-12-16 18.23.26.png,ROI_2,0,Statistical Outlier
2025-12-16 18.20.35.png,ROI_4,0.0,Statistical Outlier
2025-12-16 18.20.38.png,ROI_4,0.0,Statistical Outlier
2025-12-16 18.20.44.png,ROI_4,0.0,Statistical Outlier
2025-12-16 18.20.48.png,ROI_4,0.0,Statistical Outlier
2025-12-16 18.20.54.png,ROI_4,0.0,Statistical Outlier
2025-12-16 18.21.00.png,ROI_4,0.0,Statistical Outlier
2025-12-16 18.21.06.png,ROI_4,0.0,Statistical Outlier
2025-12-16 18.21.11.png,ROI_4,0.0,Statistical Outlier
2025-12-16 18.21.17.png,ROI_4,0.0,Statistical Outlier
2025-12-16 18.21.20.png,ROI_4,0.0,Statistical Outlier
2025-12-16 18.21.26.png,ROI_4,0.0,Statistical Outlier
2025-12-16 18.21.31.png,ROI_4,0.0,Statistical Outlier
2025-12-16 18.21.37.png,ROI_4,0.0,Statistical Outlier
2025-12-16 18.21.40.png,ROI_4,0.0,Statistical Outlier
2025-12-16 18.23.26.png,ROI_4,0.0,Statistical Outlier
2025-12-16 18.20.35.png,ROI_6,0.0,Statistical Outlier
2025-12-16 18.20.38.png,ROI_6,0.0,Statistical Outlier
2025-12-16 18.20.44.png,ROI_6,0.0,Statistical Outlier
2025-12-16 18.20.48.png,ROI_6,0.0,Statistical Outlier
2025-12-16 18.20.54.png,ROI_6,0.0,Statistical Outlier
2025-12-16 18.21.00.png,ROI_6,0.0,Statistical Outlier
2025-12-16 18.21.06.png,ROI_6,0.0,Statistical Outlier
2025-12-16 18.21.11.png,ROI_6,0.0,Statistical Outlier
2025-12-16 18.21.17.png,ROI_6,0.0,Statistical Outlier
2025-12-16 18.21.20.png,ROI_6,0.0,Statistical Outlier
2025-12-16 18.21.26.png,ROI_6,0.0,Statistical Outlier
2025-12-16 18.21.31.png,ROI_6,0.0,Statistical Outlier
2025-12-16 18.21.37.png,ROI_6,0.0,Statistical Outlier
2025-12-16 18.21.40.png,ROI_6,0.0,Statistical Outlier
2025-12-16 18.23.26.png,ROI_6,0.0,Statistical Outlier
2025-12-16 18.20.35.png,ROI_8,0.0,Statistical Outlier
2025-12-16 18.20.38.png,ROI_8,0.0,Statistical Outlier
2025-12-16 18.20.44.png,ROI_8,0.0,Statistical Outlier
2025-12-16 18.20.48.png,ROI_8,0.0,Statistical Outlier
2025-12-16 18.20.54.png,ROI_8,0.0,Statistical Outlier
2025-12-16 18.21.00.png,ROI_8,0.0,Statistical Outlier
2025-12-16 18.21.06.png,ROI_8,0.0,Statistical Outlier
2025-12-16 18.21.11.png,ROI_8,0.0,Statistical Outlier
2025-12-16 18.21.17.png,ROI_8,0.0,Statistical Outlier
2025-12-16 18.21.20.png,ROI_8,0.0,Statistical Outlier
2025-12-16 18.21.26.png,ROI_8,0.0,Statistical Outlier
2025-12-16 18.21.31.png,ROI_8,0.0,Statistical Outlier
2025-12-16 18.21.37.png,ROI_8,0.0,Statistical Outlier
2025-12-16 18.21.40.png,ROI_8,0.0,Statistical Outlier
2025-12-16 18.23.26.png,ROI_8,0.0,Statistical Outlier
