Filename,ROI_ID,Value,Reason
2025-12-16 17.59.19.png,ROI_52,The timestamp you provided is 17:49:00.,Invalid Time Format
2025-12-16 17.59.21.png,ROI_52,17:49,Invalid Time Format
2025-12-16 17.35.13.png,ROI_35,11111,Statistical Outlier
2025-12-16 18.06.24.png,ROI_35,21111,Statistical Outlier
2025-12-16 18.20.35.png,ROI_35,0,Statistical Outlier
2025-12-16 18.20.38.png,ROI_35,0,Statistical Outlier
2025-12-16 18.20.41.png,ROI_35,0,Statistical Outlier
2025-12-16 18.20.44.png,ROI_35,0,Statistical Outlier
2025-12-16 18.20.48.png,ROI_35,0,Statistical Outlier
2025-12-16 18.20.57.png,ROI_35,0,Statistical Outlier
2025-12-16 18.21.00.png,ROI_35,0,Statistical Outlier
2025-12-16 18.21.03.png,ROI_35,0,Statistical Outlier
2025-12-16 18.21.06.png,ROI_35,0,Statistical Outlier
2025-12-16 18.21.08.png,ROI_35,0,Statistical Outlier
2025-12-16 18.21.11.png,ROI_35,0,Statistical Outlier
2025-12-16 18.21.14.png,ROI_35,0,Statistical Outlier
2025-12-16 18.21.17.png,ROI_35,0,Statistical Outlier
2025-12-16 18.21.20.png,ROI_35,0,Statistical Outlier
2025-12-16 18.21.26.png,ROI_35,0,Statistical Outlier
2025-12-16 18.21.28.png,ROI_35,0,Statistical Outlier
2025-12-16 18.21.31.png,ROI_35,0,Statistical Outlier
2025-12-16 18.21.34.png,ROI_35,0,Statistical Outlier
2025-12-16 18.21.37.png,ROI_35,0,Statistical Outlier
2025-12-16 18.21.40.png,ROI_35,0,Statistical Outlier
2025-12-16 18.21.49.png,ROI_35,0,Statistical Outlier
2025-12-16 18.21.52.png,ROI_35,0,Statistical Outlier
2025-12-16 18.21.55.png,ROI_35,0,Statistical Outlier
2025-12-16 18.21.58.png,ROI_35,0,Statistical Outlier
2025-12-16 18.22.01.png,ROI_35,0,Statistical Outlier
2025-12-16 18.22.03.png,ROI_35,0,Statistical Outlier
2025-12-16 18.22.06.png,ROI_35,0,Statistical Outlier
2025-12-16 18.22.09.png,ROI_35,0,Statistical Outlier
2025-12-16 18.22.12.png,ROI_35,0,Statistical Outlier
2025-12-16 18.22.15.png,ROI_35,0,Statistical Outlier
2025-12-16 18.22.18.png,ROI_35,0,Statistical Outlier
2025-12-16 18.22.21.png,ROI_35,0,Statistical Outlier
2025-12-16 18.22.24.png,ROI_35,0,Statistical Outlier
2025-12-16 18.22.27.png,ROI_35,0,Statistical Outlier
2025-12-16 18.22.30.png,ROI_35,0,Statistical Outlier
2025-12-16 18.22.36.png,ROI_35,0,Statistical Outlier
2025-12-16 18.22.38.png,ROI_35,0,Statistical Outlier
2025-12-16 18.22.45.png,ROI_35,0,Statistical Outlier
2025-12-16 18.22.49.png,ROI_35,0,Statistical Outlier
2025-12-16 18.22.52.png,ROI_35,0,Statistical Outlier
2025-12-16 18.22.58.png,ROI_35,0,Statistical Outlier
2025-12-16 18.23.01.png,ROI_35,0,Statistical Outlier
2025-12-16 18.23.07.png,ROI_35,0,Statistical Outlier
2025-12-16 18.23.10.png,ROI_35,0,Statistical Outlier
2025-12-16 18.23.12.png,ROI_35,0,Statistical Outlier
2025-12-16 18.23.15.png,ROI_35,0,Statistical Outlier
2025-12-16 18.23.26.png,ROI_35,0,Statistical Outlier
2025-12-16 18.20.35.png,ROI_37,0,Statistical Outlier
2025-12-16 18.20.38.png,ROI_37,0,Statistical Outlier
2025-12-16 18.20.41.png,ROI_37,0,Statistical Outlier
2025-12-16 18.20.44.png,ROI_37,0,Statistical Outlier
2025-12-16 18.20.48.png,ROI_37,0,Statistical Outlier
2025-12-16 18.20.57.png,ROI_37,0,Statistical Outlier
2025-12-16 18.21.00.png,ROI_37,0,Statistical Outlier
2025-12-16 18.21.03.png,ROI_37,0,Statistical Outlier
2025-12-16 18.21.06.png,ROI_37,0,Statistical Outlier
2025-12-16 18.21.08.png,ROI_37,0,Statistical Outlier
2025-12-16 18.21.11.png,ROI_37,0,Statistical Outlier
2025-12-16 18.21.14.png,ROI_37,0,Statistical Outlier
2025-12-16 18.21.17.png,ROI_37,0,Statistical Outlier
2025-12-16 18.21.20.png,ROI_37,0,Statistical Outlier
2025-12-16 18.21.26.png,ROI_37,0,Statistical Outlier
2025-12-16 18.21.28.png,ROI_37,0,Statistical Outlier
2025-12-16 18.21.31.png,ROI_37,0,Statistical Outlier
2025-12-16 18.21.34.png,ROI_37,0,Statistical Outlier
2025-12-16 18.21.37.png,ROI_37,0,Statistical Outlier
2025-12-16 18.21.40.png,ROI_37,0,Statistical Outlier
2025-12-16 18.21.49.png,ROI_37,0,Statistical Outlier
2025-12-16 18.21.52.png,ROI_37,0,Statistical Outlier
2025-12-16 18.21.55.png,ROI_37,0,Statistical Outlier
2025-12-16 18.21.58.png,ROI_37,0,Statistical Outlier
2025-12-16 18.22.01.png,ROI_37,0,Statistical Outlier
2025-12-16 18.22.03.png,ROI_37,0,Statistical Outlier
2025-12-16 18.22.06.png,ROI_37,0,Statistical Outlier
2025-12-16 18.22.09.png,ROI_37,0,Statistical Outlier
2025-12-16 18.22.12.png,ROI_37,0,Statistical Outlier
2025-12-16 18.22.15.png,ROI_37,0,Statistical Outlier
2025-12-16 18.22.18.png,ROI_37,0,Statistical Outlier
2025-12-16 18.22.21.png,ROI_37,0,Statistical Outlier
2025-12-16 18.22.24.png,ROI_37,0,Statistical Outlier
2025-12-16 18.22.27.png,ROI_37,0,Statistical Outlier
2025-12-16 18.22.30.png,ROI_37,0,Statistical Outlier
2025-12-16 18.22.36.png,ROI_37,0,Statistical Outlier
2025-12-16 18.22.38.png,ROI_37,0,Statistical Outlier
2025-12-16 18.22.45.png,ROI_37,0,Statistical Outlier
2025-12-16 18.22.49.png,ROI_37,0,Statistical Outlier
2025-12-16 18.22.52.png,ROI_37,0,Statistical Outlier
2025-12-16 18.22.58.png,ROI_37,0,Statistical Outlier
2025-12-16 18.23.01.png,ROI_37,0,Statistical Outlier
2025-12-16 18.23.07.png,ROI_37,0,Statistical Outlier
2025-12-16 18.23.10.png,ROI_37,0,Statistical Outlier
2025-12-16 18.23.12.png,ROI_37,0,Statistical Outlier
2025-12-16 18.23.15.png,ROI_37,0,Statistical Outlier
2025-12-16 18.23.26.png,ROI_37,0,Statistical Outlier
2025-12-16 17.43.37.png,ROI_39,7101247.0,Statistical Outlier
2025-12-16 17.33.35.png,ROI_41,0,Statistical Outlier
2025-12-16 17.17.36.png,ROI_45,44444,Statistical Outlier
2025-12-16 17.20.46.png,ROI_45,46000,Statistical Outlier
2025-12-16 17.21.14.png,ROI_45,41169,Statistical Outlier
2025-12-16 17.44.35.png,ROI_45,41149,Statistical Outlier
2025-12-16 18.13.55.png,ROI_45,44444,Statistical Outlier
2025-12-16 17.43.25.png,ROI_47,0.0,Statistical Outlier
2025-12-16 17.49.40.png,ROI_47,2622059.0,Statistical Outlier
2025-12-16 17.50.06.png,ROI_47,0.0,Statistical Outlier
2025-12-16 17.51.08.png,ROI_47,0.0,Statistical Outlier
2025-12-16 17.51.14.png,ROI_47,0.0,Statistical Outlier
2025-12-16 17.51.49.png,ROI_47,0.0,Statistical Outlier
2025-12-16 17.52.46.png,ROI_47,0.0,Statistical Outlier
2025-12-16 17.53.17.png,ROI_47,0.0,Statistical Outlier
2025-12-16 17.53.46.png,ROI_47,0.0,Statistical Outlier
2025-12-16 17.54.06.png,ROI_47,0.0,Statistical Outlier
2025-12-16 18.04.04.png,ROI_47,2920949.0,Statistical Outlier
2025-12-16 18.11.51.png,ROI_47,0.0,Statistical Outlier
2025-12-16 18.20.35.png,ROI_49,5529,Statistical Outlier
2025-12-16 18.20.38.png,ROI_49,5529,Statistical Outlier
2025-12-16 18.20.41.png,ROI_49,5387,Statistical Outlier
2025-12-16 18.20.44.png,ROI_49,5292,Statistical Outlier
2025-12-16 18.20.48.png,ROI_49,5292,Statistical Outlier
2025-12-16 18.20.57.png,ROI_49,5652,Statistical Outlier
2025-12-16 18.21.00.png,ROI_49,5248,Statistical Outlier
2025-12-16 18.21.03.png,ROI_49,5248,Statistical Outlier
2025-12-16 18.21.06.png,ROI_49,5502,Statistical Outlier
2025-12-16 18.21.11.png,ROI_49,5299,Statistical Outlier
2025-12-16 18.21.14.png,ROI_49,5299,Statistical Outlier
2025-12-16 18.21.17.png,ROI_49,5280,Statistical Outlier
2025-12-16 18.21.20.png,ROI_49,5280,Statistical Outlier
2025-12-16 18.21.26.png,ROI_49,5435,Statistical Outlier
2025-12-16 18.21.28.png,ROI_49,5393,Statistical Outlier
2025-12-16 18.21.31.png,ROI_49,5277,Statistical Outlier
2025-12-16 18.21.34.png,ROI_49,5277,Statistical Outlier
2025-12-16 18.21.37.png,ROI_49,5511,Statistical Outlier
2025-12-16 18.21.40.png,ROI_49,5511,Statistical Outlier
2025-12-16 18.21.49.png,ROI_49,5455,Statistical Outlier
2025-12-16 18.21.52.png,ROI_49,5455,Statistical Outlier
2025-12-16 18.21.55.png,ROI_49,5455,Statistical Outlier
2025-12-16 18.21.58.png,ROI_49,5455,Statistical Outlier
2025-12-16 18.22.01.png,ROI_49,5455,Statistical Outlier
2025-12-16 18.22.03.png,ROI_49,5455,Statistical Outlier
2025-12-16 18.22.09.png,ROI_49,5455,Statistical Outlier
2025-12-16 18.22.12.png,ROI_49,5455,Statistical Outlier
2025-12-16 18.22.15.png,ROI_49,5455,Statistical Outlier
2025-12-16 18.22.18.png,ROI_49,5455,Statistical Outlier
2025-12-16 18.22.21.png,ROI_49,5455,Statistical Outlier
2025-12-16 18.22.24.png,ROI_49,5455,Statistical Outlier
2025-12-16 18.22.27.png,ROI_49,5455,Statistical Outlier
2025-12-16 18.22.30.png,ROI_49,5455,Statistical Outlier
2025-12-16 18.22.36.png,ROI_49,5455,Statistical Outlier
2025-12-16 18.22.38.png,ROI_49,5455,Statistical Outlier
2025-12-16 18.22.45.png,ROI_49,5455,Statistical Outlier
2025-12-16 18.22.52.png,ROI_49,5455,Statistical Outlier
2025-12-16 18.22.58.png,ROI_49,5455,Statistical Outlier
2025-12-16 18.23.01.png,ROI_49,5455,Statistical Outlier
2025-12-16 18.23.07.png,ROI_49,5455,Statistical Outlier
2025-12-16 18.23.10.png,ROI_49,5455,Statistical Outlier
2025-12-16 18.23.12.png,ROI_49,5455,Statistical Outlier
2025-12-16 18.23.26.png,ROI_49,5455,Statistical Outlier
