Filename,ROI_52,Time_Status,Data_Redundancy
2025-12-16 17.18.56.png,17:08:34,Time Static,Unique
2025-12-16 17.20.43.png,17:10:21,Time Static,Unique
2025-12-16 17.27.30.png,17:17:03,Time Static,Unique
2025-12-16 17.33.32.png,17:23:11,Time Static,Unique
2025-12-16 17.37.59.png,17:27:40,Time Static,Unique
2025-12-16 17.43.28.png,17:33:08,Time Static,Unique
2025-12-16 17.43.34.png,17:33:13,Time Static,Unique
2025-12-16 17.44.35.png,17:34:13,Time Static,Unique
2025-12-16 18.04.04.png,17:53:44,Time Static,Unique
2025-12-16 18.06.21.png,17:55:59,Time Static,Unique
2025-12-16 18.07.48.png,17:57:28,Time Static,Unique
2025-12-16 18.11.48.png,18:01:26,Time Static,Unique
2025-12-16 18.13.58.png,18:03:38,Time Static,Unique
2025-12-16 18.21.06.png,18:10:43,Time Static,Unique
