Filename_Current,Filename_Compared,ROI_ID,Value_Current,Value_Compared,Similarity_Score,Reason,AI_7B_Read,Verdict,Image_Source
2025-12-16 17.20.12.png,2025-12-16 17.20.09.png,ROI_18,9.166,9.16,0.88,Redundant Row Value Mismatch,9.160,New Value (AI Disagrees with both),Primary
2025-12-16 17.21.26.png,2025-12-16 17.21.23.png,ROI_16,1.842,1.82,0.88,Redundant Row Value Mismatch,1.842,Genuine Change (OCR Correct),Primary
2025-12-16 17.23.17.png,2025-12-16 17.23.10.png,ROI_16,1.813,1.81,0.88,Redundant Row Value Mismatch,1.813,Genuine Change (OCR Correct),Primary
2025-12-16 17.26.52.png,2025-12-16 17.26.47.png,ROI_16,1.806,1.819,0.88,Redundant Row Value Mismatch,1.806,Genuine Change (OCR Correct),Primary
2025-12-16 17.28.17.png,2025-12-16 17.28.14.png,ROI_16,1.831,1.833,0.88,Redundant Row Value Mismatch,1.831,Genuine Change (OCR Correct),Primary
2025-12-16 17.32.57.png,2025-12-16 17.32.54.png,ROI_16,1.822,1.82,0.88,Redundant Row Value Mismatch,1.822,Genuine Change (OCR Correct),Fallback
2025-12-16 17.33.03.png,2025-12-16 17.33.00.png,ROI_18,9.15,9.153,0.88,Redundant Row Value Mismatch,9.15,Genuine Change (OCR Correct),Primary
2025-12-16 17.34.21.png,2025-12-16 17.34.18.png,ROI_16,1.842,1.84,0.88,Redundant Row Value Mismatch,1.842,Genuine Change (OCR Correct),Primary
2025-12-16 17.37.25.png,2025-12-16 17.37.22.png,ROI_16,1.831,1.833,0.88,Redundant Row Value Mismatch,1.831,Genuine Change (OCR Correct),Primary
2025-12-16 17.40.23.png,2025-12-16 17.40.20.png,ROI_16,1.833,1.838,0.88,Redundant Row Value Mismatch,1.833,Genuine Change (OCR Correct),Primary
2025-12-16 17.41.19.png,2025-12-16 17.41.16.png,ROI_18,9.158,9.155,0.88,Redundant Row Value Mismatch,9.158,Genuine Change (OCR Correct),Primary
2025-12-16 17.42.48.png,2025-12-16 17.42.45.png,ROI_18,9.199,9.19,0.88,Redundant Row Value Mismatch,9.190,New Value (AI Disagrees with both),Primary
2025-12-16 17.47.57.png,2025-12-16 17.47.54.png,ROI_16,1.833,1.831,0.88,Redundant Row Value Mismatch,1.833,Genuine Change (OCR Correct),Primary
2025-12-16 17.48.00.png,2025-12-16 17.47.57.png,ROI_16,1.831,1.833,0.88,Redundant Row Value Mismatch,1.831,Genuine Change (OCR Correct),Primary
2025-12-16 17.48.02.png,2025-12-16 17.48.00.png,ROI_13,97.0,98.0,0.88,Redundant Row Value Mismatch,98,New Value (AI Disagrees with both),Primary
2025-12-16 17.48.11.png,2025-12-16 17.48.02.png,ROI_13,98.0,97.0,0.88,Redundant Row Value Mismatch,98.0,Genuine Change (OCR Correct),Primary
2025-12-16 17.48.14.png,2025-12-16 17.48.11.png,ROI_16,1.833,1.831,0.88,Redundant Row Value Mismatch,1.833,Genuine Change (OCR Correct),Primary
2025-12-16 17.48.26.png,2025-12-16 17.48.14.png,ROI_16,1.831,1.833,0.88,Redundant Row Value Mismatch,1.831,Genuine Change (OCR Correct),Primary
2025-12-16 17.48.29.png,2025-12-16 17.48.26.png,ROI_16,1.833,1.831,0.88,Redundant Row Value Mismatch,1.833,Genuine Change (OCR Correct),Primary
2025-12-16 17.48.50.png,2025-12-16 17.48.29.png,ROI_16,1.831,1.833,0.88,Redundant Row Value Mismatch,1.831,Genuine Change (OCR Correct),Primary
2025-12-16 17.48.53.png,2025-12-16 17.48.50.png,ROI_16,1.833,1.831,0.88,Redundant Row Value Mismatch,1.833,Genuine Change (OCR Correct),Primary
2025-12-16 17.48.56.png,2025-12-16 17.48.53.png,ROI_16,1.831,1.833,0.88,Redundant Row Value Mismatch,1.831,Genuine Change (OCR Correct),Primary
2025-12-16 17.48.59.png,2025-12-16 17.48.56.png,ROI_16,1.833,1.831,0.88,Redundant Row Value Mismatch,1.831,Confirmed Redundant (OCR Error),Primary
2025-12-16 17.49.25.png,2025-12-16 17.48.59.png,ROI_16,1.831,1.833,0.88,Redundant Row Value Mismatch,1.831,Genuine Change (OCR Correct),Primary
2025-12-16 17.49.28.png,2025-12-16 17.49.25.png,ROI_16,1.833,1.831,0.88,Redundant Row Value Mismatch,1.831,Confirmed Redundant (OCR Error),Primary
2025-12-16 17.49.34.png,2025-12-16 17.49.28.png,ROI_16,1.831,1.833,0.88,Redundant Row Value Mismatch,1.831,Genuine Change (OCR Correct),Primary
2025-12-16 17.49.36.png,2025-12-16 17.49.34.png,ROI_16,1.833,1.831,0.88,Redundant Row Value Mismatch,1.833,Genuine Change (OCR Correct),Primary
2025-12-16 17.50.15.png,2025-12-16 17.49.36.png,ROI_16,1.831,1.833,0.88,Redundant Row Value Mismatch,1.831,Genuine Change (OCR Correct),Primary
2025-12-16 17.50.51.png,2025-12-16 17.50.48.png,ROI_16,1.833,1.831,0.88,Redundant Row Value Mismatch,1.833,Genuine Change (OCR Correct),Fallback
2025-12-16 17.51.34.png,2025-12-16 17.50.51.png,ROI_16,1.831,1.833,0.88,Redundant Row Value Mismatch,1.831,Genuine Change (OCR Correct),Primary
2025-12-16 17.51.37.png,2025-12-16 17.51.34.png,ROI_16,1.833,1.831,0.88,Redundant Row Value Mismatch,1.833,Genuine Change (OCR Correct),Primary
2025-12-16 17.51.52.png,2025-12-16 17.51.37.png,ROI_16,1.831,1.833,0.88,Redundant Row Value Mismatch,1.831,Genuine Change (OCR Correct),Primary
2025-12-16 17.52.43.png,2025-12-16 17.51.52.png,ROI_16,1.833,1.831,0.88,Redundant Row Value Mismatch,1.833,Genuine Change (OCR Correct),Primary
2025-12-16 17.53.11.png,2025-12-16 17.52.56.png,ROI_16,1.831,1.833,0.88,Redundant Row Value Mismatch,1.831,Genuine Change (OCR Correct),Primary
2025-12-16 17.54.11.png,2025-12-16 17.54.09.png,ROI_16,1.833,1.831,0.88,Redundant Row Value Mismatch,1.833,Genuine Change (OCR Correct),Primary
2025-12-16 17.56.49.png,2025-12-16 17.56.46.png,ROI_16,1.8,1.807,0.88,Redundant Row Value Mismatch,1.8,Genuine Change (OCR Correct),Primary
2025-12-16 18.00.45.png,2025-12-16 18.00.43.png,ROI_16,1.816,1.81,0.88,Redundant Row Value Mismatch,1.816,Genuine Change (OCR Correct),Primary
2025-12-16 18.02.16.png,2025-12-16 18.02.10.png,ROI_16,1.824,1.804,0.88,Redundant Row Value Mismatch,1.824,Genuine Change (OCR Correct),Primary
2025-12-16 18.02.57.png,2025-12-16 18.02.54.png,ROI_16,1.83,1.837,0.88,Redundant Row Value Mismatch,1.837,Confirmed Redundant (OCR Error),Fallback
2025-12-16 18.03.53.png,2025-12-16 18.03.50.png,ROI_18,9.177,9.178,0.88,Redundant Row Value Mismatch,9.177,Genuine Change (OCR Correct),Primary
2025-12-16 18.05.29.png,2025-12-16 18.05.26.png,ROI_16,1.82,1.822,0.88,Redundant Row Value Mismatch,1.82,Genuine Change (OCR Correct),Primary
2025-12-16 18.08.08.png,2025-12-16 18.08.05.png,ROI_16,1.82,1.822,0.88,Redundant Row Value Mismatch,1.82,Genuine Change (OCR Correct),Primary
2025-12-16 18.10.09.png,2025-12-16 18.10.06.png,ROI_16,1.79,1.799,0.88,Redundant Row Value Mismatch,1.79,Genuine Change (OCR Correct),Primary
2025-12-16 18.10.25.png,2025-12-16 18.10.09.png,ROI_16,1.799,1.79,0.88,Redundant Row Value Mismatch,1.799,Genuine Change (OCR Correct),Primary
2025-12-16 18.14.04.png,2025-12-16 18.13.58.png,ROI_16,1.823,1.787,0.88,Redundant Row Value Mismatch,1.823,Genuine Change (OCR Correct),Primary
2025-12-16 18.15.10.png,2025-12-16 18.15.08.png,ROI_18,9.15,9.153,0.88,Redundant Row Value Mismatch,9.15,Genuine Change (OCR Correct),Primary
2025-12-16 18.15.49.png,2025-12-16 18.15.10.png,ROI_18,9.153,9.15,0.88,Redundant Row Value Mismatch,9.153,Genuine Change (OCR Correct),Primary
2025-12-16 18.19.49.png,2025-12-16 18.19.46.png,ROI_16,1.831,1.833,0.88,Redundant Row Value Mismatch,1.831,Genuine Change (OCR Correct),Primary
