Filename_Current,Filename_Compared,ROI_ID,Value_Current,Value_Compared,Similarity_Score,Reason,AI_7B_Read,Verdict,Image_Source
2025-12-16 17.15.58.png,2025-12-16 17.15.52.png,ROI_23,5.723,5.717,0.91,Redundant Row Value Mismatch,5.723,Genuine Change (OCR Correct),Primary
2025-12-16 17.16.07.png,2025-12-16 17.16.01.png,ROI_23,5.719,5.723,0.91,Redundant Row Value Mismatch,5.719,Genuine Change (OCR Correct),Primary
2025-12-16 17.16.13.png,2025-12-16 17.16.07.png,ROI_23,5.718,5.719,0.91,Redundant Row Value Mismatch,5.718,Genuine Change (OCR Correct),Primary
2025-12-16 17.16.18.png,2025-12-16 17.16.13.png,ROI_23,5.726,5.718,0.91,Redundant Row Value Mismatch,5.726,Genuine Change (OCR Correct),Primary
2025-12-16 17.16.21.png,2025-12-16 17.16.18.png,ROI_23,5.721,5.726,0.91,Redundant Row Value Mismatch,5.721,Genuine Change (OCR Correct),Primary
2025-12-16 17.16.26.png,2025-12-16 17.16.21.png,ROI_23,5.725,5.721,0.91,Redundant Row Value Mismatch,5.725,Genuine Change (OCR Correct),Primary
2025-12-16 17.16.32.png,2025-12-16 17.16.26.png,ROI_23,5.721,5.725,0.91,Redundant Row Value Mismatch,5.721,Genuine Change (OCR Correct),Primary
2025-12-16 17.16.37.png,2025-12-16 17.16.32.png,ROI_23,5.727,5.721,0.91,Redundant Row Value Mismatch,5.727,Genuine Change (OCR Correct),Primary
2025-12-16 17.16.43.png,2025-12-16 17.16.37.png,ROI_23,5.72,5.727,0.91,Redundant Row Value Mismatch,5.72,Genuine Change (OCR Correct),Primary
2025-12-16 17.16.46.png,2025-12-16 17.16.43.png,ROI_23,5.724,5.72,0.91,Redundant Row Value Mismatch,5.724,Genuine Change (OCR Correct),Primary
2025-12-16 17.16.52.png,2025-12-16 17.16.46.png,ROI_23,5.719,5.724,0.91,Redundant Row Value Mismatch,5.719,Genuine Change (OCR Correct),Primary
2025-12-16 17.16.57.png,2025-12-16 17.16.52.png,ROI_23,5.723,5.719,0.91,Redundant Row Value Mismatch,5.723,Genuine Change (OCR Correct),Primary
2025-12-16 17.17.03.png,2025-12-16 17.16.57.png,ROI_23,5.719,5.723,0.91,Redundant Row Value Mismatch,5.719,Genuine Change (OCR Correct),Primary
2025-12-16 17.17.08.png,2025-12-16 17.17.03.png,ROI_23,5.724,5.719,0.91,Redundant Row Value Mismatch,5.724,Genuine Change (OCR Correct),Primary
2025-12-16 17.17.11.png,2025-12-16 17.17.08.png,ROI_23,5.723,5.724,0.91,Redundant Row Value Mismatch,5.723,Genuine Change (OCR Correct),Primary
2025-12-16 17.17.17.png,2025-12-16 17.17.11.png,ROI_23,5.726,5.723,0.91,Redundant Row Value Mismatch,5.726,Genuine Change (OCR Correct),Primary
2025-12-16 17.17.22.png,2025-12-16 17.17.17.png,ROI_23,5.722,5.726,0.91,Redundant Row Value Mismatch,5.722,Genuine Change (OCR Correct),Primary
2025-12-16 17.17.28.png,2025-12-16 17.17.22.png,ROI_23,5.724,5.722,0.91,Redundant Row Value Mismatch,5.724,Genuine Change (OCR Correct),Primary
2025-12-16 17.17.33.png,2025-12-16 17.17.28.png,ROI_23,5.717,5.724,0.91,Redundant Row Value Mismatch,5.717,Genuine Change (OCR Correct),Primary
2025-12-16 17.17.40.png,2025-12-16 17.17.33.png,ROI_23,5.718,5.717,0.91,Redundant Row Value Mismatch,5.718,Genuine Change (OCR Correct),Primary
2025-12-16 17.17.43.png,2025-12-16 17.17.40.png,ROI_23,5.723,5.718,0.91,Redundant Row Value Mismatch,5.723,Genuine Change (OCR Correct),Primary
2025-12-16 17.17.49.png,2025-12-16 17.17.43.png,ROI_23,5.726,5.723,0.91,Redundant Row Value Mismatch,5.726,Genuine Change (OCR Correct),Primary
2025-12-16 17.17.52.png,2025-12-16 17.17.49.png,ROI_23,5.718,5.726,0.91,Redundant Row Value Mismatch,5.718,Genuine Change (OCR Correct),Primary
2025-12-16 17.17.58.png,2025-12-16 17.17.52.png,ROI_23,5.723,5.718,0.91,Redundant Row Value Mismatch,5.723,Genuine Change (OCR Correct),Primary
2025-12-16 17.18.01.png,2025-12-16 17.17.58.png,ROI_23,5.72,5.723,0.91,Redundant Row Value Mismatch,5.72,Genuine Change (OCR Correct),Primary
2025-12-16 17.18.08.png,2025-12-16 17.18.05.png,ROI_23,5.721,5.72,0.91,Redundant Row Value Mismatch,5.721,Genuine Change (OCR Correct),Primary
2025-12-16 17.18.14.png,2025-12-16 17.18.08.png,ROI_23,5.719,5.721,0.91,Redundant Row Value Mismatch,5.719,Genuine Change (OCR Correct),Primary
2025-12-16 17.18.20.png,2025-12-16 17.18.14.png,ROI_23,5.725,5.719,0.91,Redundant Row Value Mismatch,5.725,Genuine Change (OCR Correct),Primary
2025-12-16 17.18.23.png,2025-12-16 17.18.20.png,ROI_23,5.72,5.725,0.91,Redundant Row Value Mismatch,5.72,Genuine Change (OCR Correct),Primary
2025-12-16 17.18.28.png,2025-12-16 17.18.23.png,ROI_23,5.727,5.72,0.91,Redundant Row Value Mismatch,5.727,Genuine Change (OCR Correct),Primary
2025-12-16 17.18.34.png,2025-12-16 17.18.28.png,ROI_23,5.716,5.727,0.91,Redundant Row Value Mismatch,5.716,Genuine Change (OCR Correct),Primary
2025-12-16 17.18.39.png,2025-12-16 17.18.34.png,ROI_23,5.724,5.716,0.91,Redundant Row Value Mismatch,5.724,Genuine Change (OCR Correct),Primary
2025-12-16 17.18.45.png,2025-12-16 17.18.39.png,ROI_23,5.728,5.724,0.91,Redundant Row Value Mismatch,5.728,Genuine Change (OCR Correct),Primary
2025-12-16 17.18.50.png,2025-12-16 17.18.45.png,ROI_23,5.716,5.728,0.91,Redundant Row Value Mismatch,5.716,Genuine Change (OCR Correct),Primary
2025-12-16 17.18.56.png,2025-12-16 17.18.50.png,ROI_23,5.726,5.716,0.91,Redundant Row Value Mismatch,5.726,Genuine Change (OCR Correct),Primary
2025-12-16 17.18.59.png,2025-12-16 17.18.56.png,ROI_23,5.72,5.726,0.91,Redundant Row Value Mismatch,5.72,Genuine Change (OCR Correct),Primary
2025-12-16 17.19.04.png,2025-12-16 17.18.59.png,ROI_23,5.722,5.72,0.91,Redundant Row Value Mismatch,5.722,Genuine Change (OCR Correct),Primary
2025-12-16 17.19.10.png,2025-12-16 17.19.04.png,ROI_23,5.719,5.722,0.91,Redundant Row Value Mismatch,5.719,Genuine Change (OCR Correct),Primary
2025-12-16 17.19.16.png,2025-12-16 17.19.10.png,ROI_23,5.718,5.719,0.91,Redundant Row Value Mismatch,5.718,Genuine Change (OCR Correct),Primary
2025-12-16 17.19.18.png,2025-12-16 17.19.16.png,ROI_23,5.72,5.718,0.91,Redundant Row Value Mismatch,5.720,New Value (AI Disagrees with both),Primary
2025-12-16 17.19.24.png,2025-12-16 17.19.18.png,ROI_23,5.724,5.72,0.91,Redundant Row Value Mismatch,5.724,Genuine Change (OCR Correct),Primary
2025-12-16 17.19.29.png,2025-12-16 17.19.24.png,ROI_23,5.725,5.724,0.91,Redundant Row Value Mismatch,5.725,Genuine Change (OCR Correct),Primary
2025-12-16 17.19.35.png,2025-12-16 17.19.29.png,ROI_23,5.719,5.725,0.91,Redundant Row Value Mismatch,5.719,Genuine Change (OCR Correct),Primary
2025-12-16 17.19.41.png,2025-12-16 17.19.35.png,ROI_23,5.726,5.719,0.91,Redundant Row Value Mismatch,5.726,Genuine Change (OCR Correct),Primary
2025-12-16 17.19.46.png,2025-12-16 17.19.41.png,ROI_23,5.725,5.726,0.91,Redundant Row Value Mismatch,5.725,Genuine Change (OCR Correct),Primary
2025-12-16 17.19.52.png,2025-12-16 17.19.46.png,ROI_23,5.728,5.725,0.91,Redundant Row Value Mismatch,5.728,Genuine Change (OCR Correct),Primary
2025-12-16 17.19.57.png,2025-12-16 17.19.52.png,ROI_23,5.72,5.728,0.91,Redundant Row Value Mismatch,5.72,Genuine Change (OCR Correct),Primary
2025-12-16 17.20.00.png,2025-12-16 17.19.57.png,ROI_23,5.725,5.72,0.91,Redundant Row Value Mismatch,5.725,Genuine Change (OCR Correct),Primary
2025-12-16 17.20.06.png,2025-12-16 17.20.00.png,ROI_23,5.72,5.725,0.91,Redundant Row Value Mismatch,5.72,Genuine Change (OCR Correct),Primary
2025-12-16 17.20.12.png,2025-12-16 17.20.06.png,ROI_23,5.721,5.72,0.91,Redundant Row Value Mismatch,5.721,Genuine Change (OCR Correct),Primary
2025-12-16 17.20.17.png,2025-12-16 17.20.12.png,ROI_23,5.724,5.721,0.91,Redundant Row Value Mismatch,5.724,Genuine Change (OCR Correct),Primary
2025-12-16 17.20.21.png,2025-12-16 17.20.17.png,ROI_23,5.726,5.724,0.91,Redundant Row Value Mismatch,5.726,Genuine Change (OCR Correct),Primary
2025-12-16 17.20.32.png,2025-12-16 17.20.27.png,ROI_23,5.725,5.726,0.91,Redundant Row Value Mismatch,5.725,Genuine Change (OCR Correct),Primary
2025-12-16 17.20.35.png,2025-12-16 17.20.32.png,ROI_23,5.726,5.725,0.91,Redundant Row Value Mismatch,5.726,Genuine Change (OCR Correct),Primary
2025-12-16 17.20.40.png,2025-12-16 17.20.37.png,ROI_23,5.718,5.726,0.91,Redundant Row Value Mismatch,5.718,Genuine Change (OCR Correct),Primary
2025-12-16 17.20.46.png,2025-12-16 17.20.43.png,ROI_23,5.722,5.718,0.91,Redundant Row Value Mismatch,5.722,Genuine Change (OCR Correct),Primary
2025-12-16 17.20.51.png,2025-12-16 17.20.46.png,ROI_23,5.72,5.722,0.91,Redundant Row Value Mismatch,5.72,Genuine Change (OCR Correct),Primary
2025-12-16 17.20.57.png,2025-12-16 17.20.51.png,ROI_23,5.728,5.72,0.91,Redundant Row Value Mismatch,5.728,Genuine Change (OCR Correct),Primary
2025-12-16 17.21.03.png,2025-12-16 17.20.57.png,ROI_23,5.726,5.728,0.91,Redundant Row Value Mismatch,5.726,Genuine Change (OCR Correct),Primary
2025-12-16 17.21.06.png,2025-12-16 17.21.03.png,ROI_23,5.721,5.726,0.91,Redundant Row Value Mismatch,5.721,Genuine Change (OCR Correct),Primary
2025-12-16 17.21.11.png,2025-12-16 17.21.06.png,ROI_23,5.719,5.721,0.91,Redundant Row Value Mismatch,5.719,Genuine Change (OCR Correct),Primary
2025-12-16 17.21.17.png,2025-12-16 17.21.11.png,ROI_23,5.72,5.719,0.91,Redundant Row Value Mismatch,5.720,New Value (AI Disagrees with both),Primary
2025-12-16 17.21.20.png,2025-12-16 17.21.17.png,ROI_23,5.724,5.72,0.91,Redundant Row Value Mismatch,5.724,Genuine Change (OCR Correct),Fallback
2025-12-16 17.21.26.png,2025-12-16 17.21.20.png,ROI_23,5.725,5.724,0.91,Redundant Row Value Mismatch,5.725,Genuine Change (OCR Correct),Primary
2025-12-16 17.21.32.png,2025-12-16 17.21.26.png,ROI_23,5.721,5.725,0.91,Redundant Row Value Mismatch,5.721,Genuine Change (OCR Correct),Primary
2025-12-16 17.21.37.png,2025-12-16 17.21.32.png,ROI_23,5.725,5.721,0.91,Redundant Row Value Mismatch,5.725,Genuine Change (OCR Correct),Primary
2025-12-16 17.21.43.png,2025-12-16 17.21.37.png,ROI_23,5.72,5.725,0.91,Redundant Row Value Mismatch,5.72,Genuine Change (OCR Correct),Primary
2025-12-16 17.21.49.png,2025-12-16 17.21.43.png,ROI_23,5.724,5.72,0.91,Redundant Row Value Mismatch,5.724,Genuine Change (OCR Correct),Primary
2025-12-16 17.21.52.png,2025-12-16 17.21.49.png,ROI_23,5.719,5.724,0.91,Redundant Row Value Mismatch,5.719,Genuine Change (OCR Correct),Primary
2025-12-16 17.21.58.png,2025-12-16 17.21.52.png,ROI_23,5.72,5.719,0.91,Redundant Row Value Mismatch,5.720,New Value (AI Disagrees with both),Primary
2025-12-16 17.22.04.png,2025-12-16 17.21.58.png,ROI_23,5.725,5.72,0.91,Redundant Row Value Mismatch,5.725,Genuine Change (OCR Correct),Primary
2025-12-16 17.22.10.png,2025-12-16 17.22.04.png,ROI_23,5.72,5.725,0.91,Redundant Row Value Mismatch,5.72,Genuine Change (OCR Correct),Primary
2025-12-16 17.22.15.png,2025-12-16 17.22.10.png,ROI_23,5.722,5.72,0.91,Redundant Row Value Mismatch,5.722,Genuine Change (OCR Correct),Primary
2025-12-16 17.22.24.png,2025-12-16 17.22.18.png,ROI_23,5.721,5.722,0.91,Redundant Row Value Mismatch,5.721,Genuine Change (OCR Correct),Primary
2025-12-16 17.22.35.png,2025-12-16 17.22.30.png,ROI_23,5.725,5.721,0.91,Redundant Row Value Mismatch,5.725,Genuine Change (OCR Correct),Primary
2025-12-16 17.22.38.png,2025-12-16 17.22.35.png,ROI_23,5.722,5.725,0.91,Redundant Row Value Mismatch,5.722,Genuine Change (OCR Correct),Primary
2025-12-16 17.22.41.png,2025-12-16 17.22.38.png,ROI_23,5.72,5.722,0.91,Redundant Row Value Mismatch,5.72,Genuine Change (OCR Correct),Primary
2025-12-16 17.22.46.png,2025-12-16 17.22.41.png,ROI_23,5.726,5.72,0.91,Redundant Row Value Mismatch,5.726,Genuine Change (OCR Correct),Primary
2025-12-16 17.22.49.png,2025-12-16 17.22.46.png,ROI_23,5.723,5.726,0.91,Redundant Row Value Mismatch,5.723,Genuine Change (OCR Correct),Primary
2025-12-16 17.22.55.png,2025-12-16 17.22.49.png,ROI_23,5.726,5.723,0.91,Redundant Row Value Mismatch,5.726,Genuine Change (OCR Correct),Primary
2025-12-16 17.23.00.png,2025-12-16 17.22.55.png,ROI_23,5.727,5.726,0.91,Redundant Row Value Mismatch,5.727,Genuine Change (OCR Correct),Primary
2025-12-16 17.23.04.png,2025-12-16 17.23.00.png,ROI_23,5.723,5.727,0.91,Redundant Row Value Mismatch,5.723,Genuine Change (OCR Correct),Primary
2025-12-16 17.23.10.png,2025-12-16 17.23.04.png,ROI_23,5.727,5.723,0.91,Redundant Row Value Mismatch,5.727,Genuine Change (OCR Correct),Primary
2025-12-16 17.23.17.png,2025-12-16 17.23.10.png,ROI_23,5.729,5.727,0.91,Redundant Row Value Mismatch,5.729,Genuine Change (OCR Correct),Primary
2025-12-16 17.23.20.png,2025-12-16 17.23.17.png,ROI_23,5.728,5.729,0.91,Redundant Row Value Mismatch,5.728,Genuine Change (OCR Correct),Primary
2025-12-16 17.23.26.png,2025-12-16 17.23.20.png,ROI_23,5.72,5.728,0.91,Redundant Row Value Mismatch,5.72,Genuine Change (OCR Correct),Primary
2025-12-16 17.23.32.png,2025-12-16 17.23.26.png,ROI_23,5.721,5.72,0.91,Redundant Row Value Mismatch,5.721,Genuine Change (OCR Correct),Primary
2025-12-16 17.23.38.png,2025-12-16 17.23.32.png,ROI_23,5.719,5.721,0.91,Redundant Row Value Mismatch,5.719,Genuine Change (OCR Correct),Primary
2025-12-16 17.23.41.png,2025-12-16 17.23.38.png,ROI_23,5.72,5.719,0.91,Redundant Row Value Mismatch,5.720,New Value (AI Disagrees with both),Primary
2025-12-16 17.23.46.png,2025-12-16 17.23.41.png,ROI_23,5.728,5.72,0.91,Redundant Row Value Mismatch,5.728,Genuine Change (OCR Correct),Primary
2025-12-16 17.23.52.png,2025-12-16 17.23.46.png,ROI_23,5.726,5.728,0.91,Redundant Row Value Mismatch,5.726,Genuine Change (OCR Correct),Primary
2025-12-16 17.23.58.png,2025-12-16 17.23.52.png,ROI_23,5.727,5.726,0.91,Redundant Row Value Mismatch,5.727,Genuine Change (OCR Correct),Primary
2025-12-16 17.24.54.png,2025-12-16 17.24.07.png,ROI_23,5.722,5.727,0.91,Redundant Row Value Mismatch,5.722,Genuine Change (OCR Correct),Primary
2025-12-16 17.26.27.png,2025-12-16 17.26.21.png,ROI_23,5.727,5.722,0.91,Redundant Row Value Mismatch,5.727,Genuine Change (OCR Correct),Primary
2025-12-16 17.26.32.png,2025-12-16 17.26.27.png,ROI_23,5.72,5.727,0.91,Redundant Row Value Mismatch,5.72,Genuine Change (OCR Correct),Primary
2025-12-16 17.26.38.png,2025-12-16 17.26.32.png,ROI_23,5.727,5.72,0.91,Redundant Row Value Mismatch,5.727,Genuine Change (OCR Correct),Primary
2025-12-16 17.26.44.png,2025-12-16 17.26.38.png,ROI_23,5.72,5.727,0.91,Redundant Row Value Mismatch,5.72,Genuine Change (OCR Correct),Primary
2025-12-16 17.26.47.png,2025-12-16 17.26.44.png,ROI_23,5.723,5.72,0.91,Redundant Row Value Mismatch,5.723,Genuine Change (OCR Correct),Primary
2025-12-16 17.26.52.png,2025-12-16 17.26.47.png,ROI_23,5.72,5.723,0.91,Redundant Row Value Mismatch,5.72,Genuine Change (OCR Correct),Primary
2025-12-16 17.26.59.png,2025-12-16 17.26.52.png,ROI_23,5.728,5.72,0.91,Redundant Row Value Mismatch,5.728,Genuine Change (OCR Correct),Primary
2025-12-16 17.27.04.png,2025-12-16 17.26.59.png,ROI_23,5.722,5.728,0.91,Redundant Row Value Mismatch,5.722,Genuine Change (OCR Correct),Primary
2025-12-16 17.27.07.png,2025-12-16 17.27.04.png,ROI_23,5.724,5.722,0.91,Redundant Row Value Mismatch,5.724,Genuine Change (OCR Correct),Primary
2025-12-16 17.27.10.png,2025-12-16 17.27.07.png,ROI_23,5.72,5.724,0.91,Redundant Row Value Mismatch,5.72,Genuine Change (OCR Correct),Primary
2025-12-16 17.27.12.png,2025-12-16 17.27.10.png,ROI_23,5.722,5.72,0.91,Redundant Row Value Mismatch,5.722,Genuine Change (OCR Correct),Primary
2025-12-16 17.27.18.png,2025-12-16 17.27.12.png,ROI_23,5.724,5.722,0.91,Redundant Row Value Mismatch,5.724,Genuine Change (OCR Correct),Primary
2025-12-16 17.27.35.png,2025-12-16 17.27.18.png,ROI_23,5.721,5.724,0.91,Redundant Row Value Mismatch,5.721,Genuine Change (OCR Correct),Primary
2025-12-16 17.27.42.png,2025-12-16 17.27.35.png,ROI_23,5.726,5.721,0.91,Redundant Row Value Mismatch,5.726,Genuine Change (OCR Correct),Primary
2025-12-16 17.27.47.png,2025-12-16 17.27.42.png,ROI_23,5.721,5.726,0.91,Redundant Row Value Mismatch,5.721,Genuine Change (OCR Correct),Primary
2025-12-16 17.27.51.png,2025-12-16 17.27.47.png,ROI_23,5.726,5.721,0.91,Redundant Row Value Mismatch,5.726,Genuine Change (OCR Correct),Primary
2025-12-16 17.27.57.png,2025-12-16 17.27.51.png,ROI_23,5.724,5.726,0.91,Redundant Row Value Mismatch,5.724,Genuine Change (OCR Correct),Primary
2025-12-16 17.28.00.png,2025-12-16 17.27.57.png,ROI_23,5.73,5.724,0.91,Redundant Row Value Mismatch,5.730,New Value (AI Disagrees with both),Primary
2025-12-16 17.28.08.png,2025-12-16 17.28.02.png,ROI_23,5.718,5.73,0.91,Redundant Row Value Mismatch,5.718,Genuine Change (OCR Correct),Primary
2025-12-16 17.28.11.png,2025-12-16 17.28.08.png,ROI_23,5.728,5.718,0.91,Redundant Row Value Mismatch,5.728,Genuine Change (OCR Correct),Primary
2025-12-16 17.28.17.png,2025-12-16 17.28.11.png,ROI_23,5.721,5.728,0.91,Redundant Row Value Mismatch,5.721,Genuine Change (OCR Correct),Primary
2025-12-16 17.28.23.png,2025-12-16 17.28.17.png,ROI_23,5.727,5.721,0.91,Redundant Row Value Mismatch,5.727,Genuine Change (OCR Correct),Primary
2025-12-16 17.28.26.png,2025-12-16 17.28.23.png,ROI_23,5.718,5.727,0.91,Redundant Row Value Mismatch,5.718,Genuine Change (OCR Correct),Primary
2025-12-16 17.28.31.png,2025-12-16 17.28.26.png,ROI_23,5.729,5.718,0.91,Redundant Row Value Mismatch,5.729,Genuine Change (OCR Correct),Primary
2025-12-16 17.28.34.png,2025-12-16 17.28.31.png,ROI_23,5.718,5.729,0.91,Redundant Row Value Mismatch,5.718,Genuine Change (OCR Correct),Primary
2025-12-16 17.28.40.png,2025-12-16 17.28.37.png,ROI_23,5.725,5.718,0.91,Redundant Row Value Mismatch,5.725,Genuine Change (OCR Correct),Primary
2025-12-16 17.28.46.png,2025-12-16 17.28.40.png,ROI_23,5.718,5.725,0.91,Redundant Row Value Mismatch,5.718,Genuine Change (OCR Correct),Primary
2025-12-16 17.28.52.png,2025-12-16 17.28.46.png,ROI_23,5.725,5.718,0.91,Redundant Row Value Mismatch,5.725,Genuine Change (OCR Correct),Primary
2025-12-16 17.28.58.png,2025-12-16 17.28.52.png,ROI_23,5.723,5.725,0.91,Redundant Row Value Mismatch,5.723,Genuine Change (OCR Correct),Primary
2025-12-16 17.29.00.png,2025-12-16 17.28.58.png,ROI_23,5.724,5.723,0.91,Redundant Row Value Mismatch,5.724,Genuine Change (OCR Correct),Fallback
2025-12-16 17.29.06.png,2025-12-16 17.29.00.png,ROI_23,5.716,5.724,0.91,Redundant Row Value Mismatch,5.716,Genuine Change (OCR Correct),Primary
2025-12-16 17.29.12.png,2025-12-16 17.29.06.png,ROI_23,5.726,5.716,0.91,Redundant Row Value Mismatch,5.726,Genuine Change (OCR Correct),Primary
2025-12-16 17.29.16.png,2025-12-16 17.29.12.png,ROI_23,5.721,5.726,0.91,Redundant Row Value Mismatch,5.721,Genuine Change (OCR Correct),Primary
2025-12-16 17.29.22.png,2025-12-16 17.29.16.png,ROI_23,5.727,5.721,0.91,Redundant Row Value Mismatch,5.727,Genuine Change (OCR Correct),Primary
2025-12-16 17.29.28.png,2025-12-16 17.29.22.png,ROI_23,5.722,5.727,0.91,Redundant Row Value Mismatch,5.722,Genuine Change (OCR Correct),Primary
2025-12-16 17.29.31.png,2025-12-16 17.29.28.png,ROI_23,5.726,5.722,0.91,Redundant Row Value Mismatch,5.726,Genuine Change (OCR Correct),Primary
2025-12-16 17.29.37.png,2025-12-16 17.29.31.png,ROI_23,5.72,5.726,0.91,Redundant Row Value Mismatch,5.72,Genuine Change (OCR Correct),Primary
2025-12-16 17.29.40.png,2025-12-16 17.29.37.png,ROI_23,5.725,5.72,0.91,Redundant Row Value Mismatch,5.725,Genuine Change (OCR Correct),Primary
2025-12-16 17.29.46.png,2025-12-16 17.29.40.png,ROI_23,5.719,5.725,0.91,Redundant Row Value Mismatch,5.719,Genuine Change (OCR Correct),Primary
2025-12-16 17.29.52.png,2025-12-16 17.29.46.png,ROI_23,5.723,5.719,0.91,Redundant Row Value Mismatch,5.723,Genuine Change (OCR Correct),Primary
2025-12-16 17.29.58.png,2025-12-16 17.29.52.png,ROI_23,5.718,5.723,0.91,Redundant Row Value Mismatch,5.718,Genuine Change (OCR Correct),Primary
2025-12-16 17.30.01.png,2025-12-16 17.29.58.png,ROI_23,5.723,5.718,0.91,Redundant Row Value Mismatch,5.723,Genuine Change (OCR Correct),Primary
2025-12-16 17.30.04.png,2025-12-16 17.30.01.png,ROI_23,5.72,5.723,0.91,Redundant Row Value Mismatch,5.72,Genuine Change (OCR Correct),Primary
2025-12-16 17.30.07.png,2025-12-16 17.30.04.png,ROI_23,5.722,5.72,0.91,Redundant Row Value Mismatch,5.722,Genuine Change (OCR Correct),Primary
2025-12-16 17.30.12.png,2025-12-16 17.30.07.png,ROI_23,5.725,5.722,0.91,Redundant Row Value Mismatch,5.725,Genuine Change (OCR Correct),Primary
2025-12-16 17.30.15.png,2025-12-16 17.30.12.png,ROI_23,5.719,5.725,0.91,Redundant Row Value Mismatch,5.719,Genuine Change (OCR Correct),Primary
2025-12-16 17.30.38.png,2025-12-16 17.30.31.png,ROI_23,5.723,5.719,0.91,Redundant Row Value Mismatch,5.723,Genuine Change (OCR Correct),Primary
2025-12-16 17.30.40.png,2025-12-16 17.30.38.png,ROI_23,5.72,5.723,0.91,Redundant Row Value Mismatch,5.72,Genuine Change (OCR Correct),Primary
2025-12-16 17.30.47.png,2025-12-16 17.30.40.png,ROI_23,5.726,5.72,0.91,Redundant Row Value Mismatch,5.726,Genuine Change (OCR Correct),Primary
2025-12-16 17.30.53.png,2025-12-16 17.30.47.png,ROI_23,5.723,5.726,0.91,Redundant Row Value Mismatch,5.723,Genuine Change (OCR Correct),Primary
2025-12-16 17.30.55.png,2025-12-16 17.30.53.png,ROI_23,5.725,5.723,0.91,Redundant Row Value Mismatch,5.725,Genuine Change (OCR Correct),Primary
2025-12-16 17.31.02.png,2025-12-16 17.30.55.png,ROI_23,5.717,5.725,0.91,Redundant Row Value Mismatch,5.717,Genuine Change (OCR Correct),Primary
2025-12-16 17.31.07.png,2025-12-16 17.31.02.png,ROI_23,5.725,5.717,0.91,Redundant Row Value Mismatch,5.725,Genuine Change (OCR Correct),Primary
2025-12-16 17.31.13.png,2025-12-16 17.31.07.png,ROI_23,5.721,5.725,0.91,Redundant Row Value Mismatch,5.721,Genuine Change (OCR Correct),Primary
2025-12-16 17.31.18.png,2025-12-16 17.31.13.png,ROI_23,5.727,5.721,0.91,Redundant Row Value Mismatch,5.727,Genuine Change (OCR Correct),Primary
2025-12-16 17.31.21.png,2025-12-16 17.31.18.png,ROI_23,5.719,5.727,0.91,Redundant Row Value Mismatch,5.719,Genuine Change (OCR Correct),Primary
2025-12-16 17.31.27.png,2025-12-16 17.31.21.png,ROI_23,5.728,5.719,0.91,Redundant Row Value Mismatch,5.728,Genuine Change (OCR Correct),Primary
2025-12-16 17.31.32.png,2025-12-16 17.31.27.png,ROI_23,5.723,5.728,0.91,Redundant Row Value Mismatch,5.723,Genuine Change (OCR Correct),Primary
2025-12-16 17.31.38.png,2025-12-16 17.31.32.png,ROI_23,5.726,5.723,0.91,Redundant Row Value Mismatch,5.726,Genuine Change (OCR Correct),Primary
2025-12-16 17.31.41.png,2025-12-16 17.31.38.png,ROI_23,5.719,5.726,0.91,Redundant Row Value Mismatch,5.719,Genuine Change (OCR Correct),Primary
2025-12-16 17.31.47.png,2025-12-16 17.31.41.png,ROI_23,5.727,5.719,0.91,Redundant Row Value Mismatch,5.727,Genuine Change (OCR Correct),Primary
2025-12-16 17.31.52.png,2025-12-16 17.31.47.png,ROI_23,5.722,5.727,0.91,Redundant Row Value Mismatch,5.722,Genuine Change (OCR Correct),Primary
2025-12-16 17.31.59.png,2025-12-16 17.31.52.png,ROI_23,5.725,5.722,0.91,Redundant Row Value Mismatch,5.725,Genuine Change (OCR Correct),Primary
2025-12-16 17.32.01.png,2025-12-16 17.31.59.png,ROI_23,5.718,5.725,0.91,Redundant Row Value Mismatch,5.718,Genuine Change (OCR Correct),Primary
2025-12-16 17.32.04.png,2025-12-16 17.32.01.png,ROI_23,5.723,5.718,0.91,Redundant Row Value Mismatch,5.723,Genuine Change (OCR Correct),Primary
2025-12-16 17.32.13.png,2025-12-16 17.32.07.png,ROI_23,5.722,5.723,0.91,Redundant Row Value Mismatch,5.722,Genuine Change (OCR Correct),Primary
2025-12-16 17.32.16.png,2025-12-16 17.32.13.png,ROI_23,5.725,5.722,0.91,Redundant Row Value Mismatch,5.725,Genuine Change (OCR Correct),Primary
2025-12-16 17.32.23.png,2025-12-16 17.32.16.png,ROI_23,5.722,5.725,0.91,Redundant Row Value Mismatch,5.722,Genuine Change (OCR Correct),Primary
2025-12-16 17.32.26.png,2025-12-16 17.32.23.png,ROI_23,5.727,5.722,0.91,Redundant Row Value Mismatch,5.727,Genuine Change (OCR Correct),Primary
2025-12-16 17.32.32.png,2025-12-16 17.32.26.png,ROI_23,5.721,5.727,0.91,Redundant Row Value Mismatch,5.721,Genuine Change (OCR Correct),Primary
2025-12-16 17.32.36.png,2025-12-16 17.32.32.png,ROI_23,5.722,5.721,0.91,Redundant Row Value Mismatch,5.722,Genuine Change (OCR Correct),Primary
2025-12-16 17.32.42.png,2025-12-16 17.32.36.png,ROI_23,5.721,5.722,0.91,Redundant Row Value Mismatch,5.721,Genuine Change (OCR Correct),Primary
2025-12-16 17.32.48.png,2025-12-16 17.32.42.png,ROI_23,5.725,5.721,0.91,Redundant Row Value Mismatch,5.725,Genuine Change (OCR Correct),Primary
2025-12-16 17.32.51.png,2025-12-16 17.32.48.png,ROI_23,5.72,5.725,0.91,Redundant Row Value Mismatch,5.72,Genuine Change (OCR Correct),Primary
2025-12-16 17.32.57.png,2025-12-16 17.32.51.png,ROI_23,5.728,5.72,0.91,Redundant Row Value Mismatch,5.728,Genuine Change (OCR Correct),Fallback
2025-12-16 17.33.03.png,2025-12-16 17.32.57.png,ROI_23,5.722,5.728,0.91,Redundant Row Value Mismatch,5.722,Genuine Change (OCR Correct),Primary
2025-12-16 17.33.09.png,2025-12-16 17.33.03.png,ROI_23,5.727,5.722,0.91,Redundant Row Value Mismatch,5.727,Genuine Change (OCR Correct),Primary
2025-12-16 17.33.21.png,2025-12-16 17.33.09.png,ROI_23,5.721,5.727,0.91,Redundant Row Value Mismatch,5.721,Genuine Change (OCR Correct),Primary
2025-12-16 17.33.32.png,2025-12-16 17.33.26.png,ROI_23,5.725,5.721,0.91,Redundant Row Value Mismatch,5.725,Genuine Change (OCR Correct),Primary
2025-12-16 17.33.35.png,2025-12-16 17.33.32.png,ROI_23,5.723,5.725,0.91,Redundant Row Value Mismatch,5.723,Genuine Change (OCR Correct),Primary
2025-12-16 17.33.40.png,2025-12-16 17.33.35.png,ROI_23,5.726,5.723,0.91,Redundant Row Value Mismatch,5.726,Genuine Change (OCR Correct),Primary
2025-12-16 17.33.50.png,2025-12-16 17.33.47.png,ROI_23,5.724,5.726,0.91,Redundant Row Value Mismatch,5.724,Genuine Change (OCR Correct),Primary
2025-12-16 17.33.56.png,2025-12-16 17.33.50.png,ROI_23,5.716,5.724,0.91,Redundant Row Value Mismatch,5.716,Genuine Change (OCR Correct),Primary
2025-12-16 17.33.59.png,2025-12-16 17.33.56.png,ROI_23,5.726,5.716,0.91,Redundant Row Value Mismatch,5.726,Genuine Change (OCR Correct),Primary
2025-12-16 17.34.07.png,2025-12-16 17.34.02.png,ROI_23,5.722,5.726,0.91,Redundant Row Value Mismatch,5.724,New Value (AI Disagrees with both),Primary
2025-12-16 17.34.10.png,2025-12-16 17.34.07.png,ROI_23,5.724,5.722,0.91,Redundant Row Value Mismatch,5.724,Genuine Change (OCR Correct),Primary
2025-12-16 17.34.13.png,2025-12-16 17.34.10.png,ROI_23,5.719,5.724,0.91,Redundant Row Value Mismatch,5.719,Genuine Change (OCR Correct),Primary
2025-12-16 17.34.21.png,2025-12-16 17.34.15.png,ROI_23,5.727,5.719,0.91,Redundant Row Value Mismatch,5.727,Genuine Change (OCR Correct),Primary
2025-12-16 17.34.27.png,2025-12-16 17.34.21.png,ROI_23,5.725,5.727,0.91,Redundant Row Value Mismatch,5.725,Genuine Change (OCR Correct),Primary
2025-12-16 17.34.30.png,2025-12-16 17.34.27.png,ROI_23,5.728,5.725,0.91,Redundant Row Value Mismatch,5.728,Genuine Change (OCR Correct),Primary
2025-12-16 17.34.35.png,2025-12-16 17.34.30.png,ROI_23,5.721,5.728,0.91,Redundant Row Value Mismatch,5.721,Genuine Change (OCR Correct),Primary
2025-12-16 17.34.41.png,2025-12-16 17.34.35.png,ROI_23,5.73,5.721,0.91,Redundant Row Value Mismatch,5.730,New Value (AI Disagrees with both),Primary
2025-12-16 17.34.44.png,2025-12-16 17.34.41.png,ROI_23,5.724,5.73,0.91,Redundant Row Value Mismatch,5.724,Genuine Change (OCR Correct),Primary
2025-12-16 17.34.50.png,2025-12-16 17.34.47.png,ROI_23,5.73,5.724,0.91,Redundant Row Value Mismatch,5.730,New Value (AI Disagrees with both),Primary
2025-12-16 17.34.56.png,2025-12-16 17.34.50.png,ROI_23,5.725,5.73,0.91,Redundant Row Value Mismatch,5.725,Genuine Change (OCR Correct),Primary
2025-12-16 17.35.07.png,2025-12-16 17.35.02.png,ROI_23,5.72,5.725,0.91,Redundant Row Value Mismatch,5.72,Genuine Change (OCR Correct),Primary
2025-12-16 17.35.10.png,2025-12-16 17.35.07.png,ROI_23,5.724,5.72,0.91,Redundant Row Value Mismatch,5.724,Genuine Change (OCR Correct),Primary
2025-12-16 17.35.17.png,2025-12-16 17.35.10.png,ROI_23,5.719,5.724,0.91,Redundant Row Value Mismatch,5.719,Genuine Change (OCR Correct),Primary
2025-12-16 17.35.20.png,2025-12-16 17.35.17.png,ROI_23,5.727,5.719,0.91,Redundant Row Value Mismatch,5.727,Genuine Change (OCR Correct),Primary
2025-12-16 17.35.26.png,2025-12-16 17.35.20.png,ROI_23,5.719,5.727,0.91,Redundant Row Value Mismatch,5.719,Genuine Change (OCR Correct),Primary
2025-12-16 17.35.32.png,2025-12-16 17.35.26.png,ROI_23,5.727,5.719,0.91,Redundant Row Value Mismatch,5.727,Genuine Change (OCR Correct),Primary
2025-12-16 17.35.35.png,2025-12-16 17.35.32.png,ROI_23,5.719,5.727,0.91,Redundant Row Value Mismatch,5.719,Genuine Change (OCR Correct),Primary
2025-12-16 17.35.41.png,2025-12-16 17.35.35.png,ROI_23,5.725,5.719,0.91,Redundant Row Value Mismatch,5.725,Genuine Change (OCR Correct),Primary
2025-12-16 17.35.47.png,2025-12-16 17.35.41.png,ROI_23,5.72,5.725,0.91,Redundant Row Value Mismatch,5.72,Genuine Change (OCR Correct),Primary
2025-12-16 17.35.50.png,2025-12-16 17.35.47.png,ROI_23,5.723,5.72,0.91,Redundant Row Value Mismatch,5.723,Genuine Change (OCR Correct),Primary
2025-12-16 17.35.57.png,2025-12-16 17.35.50.png,ROI_23,5.719,5.723,0.91,Redundant Row Value Mismatch,5.719,Genuine Change (OCR Correct),Primary
2025-12-16 17.36.00.png,2025-12-16 17.35.57.png,ROI_23,5.725,5.719,0.91,Redundant Row Value Mismatch,5.725,Genuine Change (OCR Correct),Primary
2025-12-16 17.36.19.png,2025-12-16 17.36.00.png,ROI_23,5.722,5.725,0.91,Redundant Row Value Mismatch,5.722,Genuine Change (OCR Correct),Primary
2025-12-16 17.36.24.png,2025-12-16 17.36.19.png,ROI_23,5.726,5.722,0.91,Redundant Row Value Mismatch,5.726,Genuine Change (OCR Correct),Primary
2025-12-16 17.36.30.png,2025-12-16 17.36.24.png,ROI_23,5.722,5.726,0.91,Redundant Row Value Mismatch,5.722,Genuine Change (OCR Correct),Primary
2025-12-16 17.36.35.png,2025-12-16 17.36.30.png,ROI_23,5.726,5.722,0.91,Redundant Row Value Mismatch,5.726,Genuine Change (OCR Correct),Primary
2025-12-16 17.36.41.png,2025-12-16 17.36.35.png,ROI_23,5.72,5.726,0.91,Redundant Row Value Mismatch,5.72,Genuine Change (OCR Correct),Primary
2025-12-16 17.36.44.png,2025-12-16 17.36.41.png,ROI_23,5.727,5.72,0.91,Redundant Row Value Mismatch,5.727,Genuine Change (OCR Correct),Primary
2025-12-16 17.36.50.png,2025-12-16 17.36.44.png,ROI_23,5.718,5.727,0.91,Redundant Row Value Mismatch,5.718,Genuine Change (OCR Correct),Primary
2025-12-16 17.36.53.png,2025-12-16 17.36.50.png,ROI_23,5.726,5.718,0.91,Redundant Row Value Mismatch,5.726,Genuine Change (OCR Correct),Primary
2025-12-16 17.36.59.png,2025-12-16 17.36.53.png,ROI_23,5.722,5.726,0.91,Redundant Row Value Mismatch,5.722,Genuine Change (OCR Correct),Primary
2025-12-16 17.37.05.png,2025-12-16 17.36.59.png,ROI_23,5.723,5.722,0.91,Redundant Row Value Mismatch,5.723,Genuine Change (OCR Correct),Primary
2025-12-16 17.37.08.png,2025-12-16 17.37.05.png,ROI_23,5.718,5.723,0.91,Redundant Row Value Mismatch,5.718,Genuine Change (OCR Correct),Primary
2025-12-16 17.37.14.png,2025-12-16 17.37.11.png,ROI_23,5.726,5.718,0.91,Redundant Row Value Mismatch,5.726,Genuine Change (OCR Correct),Fallback
2025-12-16 17.37.19.png,2025-12-16 17.37.14.png,ROI_23,5.724,5.726,0.91,Redundant Row Value Mismatch,5.724,Genuine Change (OCR Correct),Primary
2025-12-16 17.37.22.png,2025-12-16 17.37.19.png,ROI_23,5.729,5.724,0.91,Redundant Row Value Mismatch,5.729,Genuine Change (OCR Correct),Primary
2025-12-16 17.37.28.png,2025-12-16 17.37.25.png,ROI_23,5.718,5.729,0.91,Redundant Row Value Mismatch,5.718,Genuine Change (OCR Correct),Primary
2025-12-16 17.37.36.png,2025-12-16 17.37.31.png,ROI_23,5.726,5.718,0.91,Redundant Row Value Mismatch,5.726,Genuine Change (OCR Correct),Primary
2025-12-16 17.37.39.png,2025-12-16 17.37.36.png,ROI_23,5.722,5.726,0.91,Redundant Row Value Mismatch,5.722,Genuine Change (OCR Correct),Primary
2025-12-16 17.37.46.png,2025-12-16 17.37.39.png,ROI_23,5.729,5.722,0.91,Redundant Row Value Mismatch,5.729,Genuine Change (OCR Correct),Primary
2025-12-16 17.37.51.png,2025-12-16 17.37.46.png,ROI_23,5.72,5.729,0.91,Redundant Row Value Mismatch,5.72,Genuine Change (OCR Correct),Primary
2025-12-16 17.37.54.png,2025-12-16 17.37.51.png,ROI_23,5.724,5.72,0.91,Redundant Row Value Mismatch,5.724,Genuine Change (OCR Correct),Primary
2025-12-16 17.37.59.png,2025-12-16 17.37.54.png,ROI_23,5.721,5.724,0.91,Redundant Row Value Mismatch,5.721,Genuine Change (OCR Correct),Primary
2025-12-16 17.38.05.png,2025-12-16 17.37.59.png,ROI_23,5.722,5.721,0.91,Redundant Row Value Mismatch,5.722,Genuine Change (OCR Correct),Primary
2025-12-16 17.38.10.png,2025-12-16 17.38.05.png,ROI_23,5.721,5.722,0.91,Redundant Row Value Mismatch,5.721,Genuine Change (OCR Correct),Primary
2025-12-16 17.38.16.png,2025-12-16 17.38.10.png,ROI_23,5.724,5.721,0.91,Redundant Row Value Mismatch,5.724,Genuine Change (OCR Correct),Primary
2025-12-16 17.38.21.png,2025-12-16 17.38.16.png,ROI_23,5.721,5.724,0.91,Redundant Row Value Mismatch,5.721,Genuine Change (OCR Correct),Primary
2025-12-16 17.38.26.png,2025-12-16 17.38.21.png,ROI_23,5.722,5.721,0.91,Redundant Row Value Mismatch,5.724,New Value (AI Disagrees with both),Primary
2025-12-16 17.38.32.png,2025-12-16 17.38.26.png,ROI_23,5.72,5.722,0.91,Redundant Row Value Mismatch,5.72,Genuine Change (OCR Correct),Primary
2025-12-16 17.38.34.png,2025-12-16 17.38.32.png,ROI_23,5.726,5.72,0.91,Redundant Row Value Mismatch,5.726,Genuine Change (OCR Correct),Primary
2025-12-16 17.38.41.png,2025-12-16 17.38.34.png,ROI_23,5.719,5.726,0.91,Redundant Row Value Mismatch,5.719,Genuine Change (OCR Correct),Primary
2025-12-16 17.38.47.png,2025-12-16 17.38.41.png,ROI_23,5.728,5.719,0.91,Redundant Row Value Mismatch,5.728,Genuine Change (OCR Correct),Primary
2025-12-16 17.38.50.png,2025-12-16 17.38.47.png,ROI_23,5.72,5.728,0.91,Redundant Row Value Mismatch,5.72,Genuine Change (OCR Correct),Primary
2025-12-16 17.38.57.png,2025-12-16 17.38.50.png,ROI_23,5.726,5.72,0.91,Redundant Row Value Mismatch,5.726,Genuine Change (OCR Correct),Primary
2025-12-16 17.39.08.png,2025-12-16 17.38.57.png,ROI_23,5.722,5.726,0.91,Redundant Row Value Mismatch,5.722,Genuine Change (OCR Correct),Primary
2025-12-16 17.39.10.png,2025-12-16 17.39.08.png,ROI_23,5.72,5.722,0.91,Redundant Row Value Mismatch,5.72,Genuine Change (OCR Correct),Primary
2025-12-16 17.39.19.png,2025-12-16 17.39.13.png,ROI_23,5.727,5.72,0.91,Redundant Row Value Mismatch,5.727,Genuine Change (OCR Correct),Primary
2025-12-16 17.39.23.png,2025-12-16 17.39.19.png,ROI_23,5.721,5.727,0.91,Redundant Row Value Mismatch,5.721,Genuine Change (OCR Correct),Primary
2025-12-16 17.39.28.png,2025-12-16 17.39.23.png,ROI_23,5.729,5.721,0.91,Redundant Row Value Mismatch,5.729,Genuine Change (OCR Correct),Primary
2025-12-16 17.39.34.png,2025-12-16 17.39.28.png,ROI_23,5.723,5.729,0.91,Redundant Row Value Mismatch,5.723,Genuine Change (OCR Correct),Primary
2025-12-16 17.39.37.png,2025-12-16 17.39.34.png,ROI_23,5.729,5.723,0.91,Redundant Row Value Mismatch,5.729,Genuine Change (OCR Correct),Primary
2025-12-16 17.39.40.png,2025-12-16 17.39.37.png,ROI_23,5.72,5.729,0.91,Redundant Row Value Mismatch,5.72,Genuine Change (OCR Correct),Fallback
2025-12-16 17.39.54.png,2025-12-16 17.39.43.png,ROI_23,5.722,5.72,0.91,Redundant Row Value Mismatch,5.722,Genuine Change (OCR Correct),Primary
2025-12-16 17.39.58.png,2025-12-16 17.39.54.png,ROI_23,5.728,5.722,0.91,Redundant Row Value Mismatch,5.728,Genuine Change (OCR Correct),Fallback
2025-12-16 17.40.04.png,2025-12-16 17.39.58.png,ROI_23,5.722,5.728,0.91,Redundant Row Value Mismatch,5.722,Genuine Change (OCR Correct),Primary
2025-12-16 17.40.09.png,2025-12-16 17.40.04.png,ROI_23,5.727,5.722,0.91,Redundant Row Value Mismatch,5.727,Genuine Change (OCR Correct),Primary
2025-12-16 17.40.15.png,2025-12-16 17.40.09.png,ROI_23,5.724,5.727,0.91,Redundant Row Value Mismatch,5.724,Genuine Change (OCR Correct),Primary
2025-12-16 17.40.20.png,2025-12-16 17.40.15.png,ROI_23,5.726,5.724,0.91,Redundant Row Value Mismatch,5.726,Genuine Change (OCR Correct),Primary
2025-12-16 17.40.23.png,2025-12-16 17.40.20.png,ROI_23,5.721,5.726,0.91,Redundant Row Value Mismatch,5.721,Genuine Change (OCR Correct),Primary
2025-12-16 17.40.29.png,2025-12-16 17.40.23.png,ROI_23,5.731,5.721,0.91,Redundant Row Value Mismatch,5.731,Genuine Change (OCR Correct),Primary
2025-12-16 17.40.35.png,2025-12-16 17.40.29.png,ROI_23,5.724,5.731,0.91,Redundant Row Value Mismatch,5.724,Genuine Change (OCR Correct),Primary
2025-12-16 17.40.38.png,2025-12-16 17.40.35.png,ROI_23,5.73,5.724,0.91,Redundant Row Value Mismatch,5.730,New Value (AI Disagrees with both),Primary
2025-12-16 17.40.45.png,2025-12-16 17.40.38.png,ROI_23,5.723,5.73,0.91,Redundant Row Value Mismatch,5.723,Genuine Change (OCR Correct),Primary
2025-12-16 17.40.48.png,2025-12-16 17.40.45.png,ROI_23,5.726,5.723,0.91,Redundant Row Value Mismatch,5.726,Genuine Change (OCR Correct),Primary
2025-12-16 17.40.54.png,2025-12-16 17.40.48.png,ROI_23,5.722,5.726,0.91,Redundant Row Value Mismatch,5.722,Genuine Change (OCR Correct),Primary
2025-12-16 17.41.00.png,2025-12-16 17.40.54.png,ROI_23,5.726,5.722,0.91,Redundant Row Value Mismatch,5.726,Genuine Change (OCR Correct),Primary
2025-12-16 17.41.05.png,2025-12-16 17.41.00.png,ROI_23,5.722,5.726,0.91,Redundant Row Value Mismatch,5.722,Genuine Change (OCR Correct),Primary
2025-12-16 17.41.10.png,2025-12-16 17.41.05.png,ROI_23,5.727,5.722,0.91,Redundant Row Value Mismatch,5.727,Genuine Change (OCR Correct),Primary
2025-12-16 17.41.13.png,2025-12-16 17.41.10.png,ROI_23,5.721,5.727,0.91,Redundant Row Value Mismatch,5.721,Genuine Change (OCR Correct),Primary
2025-12-16 17.41.19.png,2025-12-16 17.41.13.png,ROI_23,5.722,5.721,0.91,Redundant Row Value Mismatch,5.722,Genuine Change (OCR Correct),Primary
2025-12-16 17.41.25.png,2025-12-16 17.41.19.png,ROI_23,5.716,5.722,0.91,Redundant Row Value Mismatch,5.716,Genuine Change (OCR Correct),Primary
2025-12-16 17.41.28.png,2025-12-16 17.41.25.png,ROI_23,5.724,5.716,0.91,Redundant Row Value Mismatch,5.724,Genuine Change (OCR Correct),Primary
2025-12-16 17.41.34.png,2025-12-16 17.41.28.png,ROI_23,5.723,5.724,0.91,Redundant Row Value Mismatch,5.723,Genuine Change (OCR Correct),Primary
2025-12-16 17.41.37.png,2025-12-16 17.41.34.png,ROI_23,5.73,5.723,0.91,Redundant Row Value Mismatch,5.730,New Value (AI Disagrees with both),Primary
2025-12-16 17.41.46.png,2025-12-16 17.41.40.png,ROI_23,5.72,5.73,0.91,Redundant Row Value Mismatch,5.720,New Value (AI Disagrees with both),Primary
2025-12-16 17.41.48.png,2025-12-16 17.41.46.png,ROI_23,5.726,5.72,0.91,Redundant Row Value Mismatch,5.726,Genuine Change (OCR Correct),Primary
2025-12-16 17.42.07.png,2025-12-16 17.41.48.png,ROI_23,5.722,5.726,0.91,Redundant Row Value Mismatch,5.722,Genuine Change (OCR Correct),Primary
2025-12-16 17.42.13.png,2025-12-16 17.42.07.png,ROI_23,5.723,5.722,0.91,Redundant Row Value Mismatch,5.723,Genuine Change (OCR Correct),Primary
2025-12-16 17.42.16.png,2025-12-16 17.42.13.png,ROI_23,5.721,5.723,0.91,Redundant Row Value Mismatch,5.721,Genuine Change (OCR Correct),Primary
2025-12-16 17.42.23.png,2025-12-16 17.42.16.png,ROI_23,5.722,5.721,0.91,Redundant Row Value Mismatch,5.722,Genuine Change (OCR Correct),Primary
2025-12-16 17.42.29.png,2025-12-16 17.42.23.png,ROI_23,5.721,5.722,0.91,Redundant Row Value Mismatch,5.721,Genuine Change (OCR Correct),Primary
2025-12-16 17.42.31.png,2025-12-16 17.42.29.png,ROI_23,5.728,5.721,0.91,Redundant Row Value Mismatch,5.728,Genuine Change (OCR Correct),Primary
2025-12-16 17.42.38.png,2025-12-16 17.42.31.png,ROI_23,5.719,5.728,0.91,Redundant Row Value Mismatch,5.719,Genuine Change (OCR Correct),Primary
2025-12-16 17.42.41.png,2025-12-16 17.42.38.png,ROI_23,5.722,5.719,0.91,Redundant Row Value Mismatch,5.722,Genuine Change (OCR Correct),Primary
2025-12-16 17.42.48.png,2025-12-16 17.42.41.png,ROI_23,5.72,5.722,0.91,Redundant Row Value Mismatch,5.72,Genuine Change (OCR Correct),Primary
2025-12-16 17.42.54.png,2025-12-16 17.42.48.png,ROI_23,5.728,5.72,0.91,Redundant Row Value Mismatch,5.728,Genuine Change (OCR Correct),Primary
2025-12-16 17.42.57.png,2025-12-16 17.42.54.png,ROI_23,5.717,5.728,0.91,Redundant Row Value Mismatch,5.717,Genuine Change (OCR Correct),Fallback
2025-12-16 17.43.02.png,2025-12-16 17.42.57.png,ROI_23,5.727,5.717,0.91,Redundant Row Value Mismatch,5.727,Genuine Change (OCR Correct),Primary
2025-12-16 17.43.08.png,2025-12-16 17.43.02.png,ROI_23,5.721,5.727,0.91,Redundant Row Value Mismatch,5.721,Genuine Change (OCR Correct),Primary
2025-12-16 17.43.14.png,2025-12-16 17.43.08.png,ROI_23,5.727,5.721,0.91,Redundant Row Value Mismatch,5.727,Genuine Change (OCR Correct),Primary
2025-12-16 17.43.17.png,2025-12-16 17.43.14.png,ROI_23,5.719,5.727,0.91,Redundant Row Value Mismatch,5.719,Genuine Change (OCR Correct),Primary
2025-12-16 17.43.20.png,2025-12-16 17.43.17.png,ROI_23,5.724,5.719,0.91,Redundant Row Value Mismatch,5.724,Genuine Change (OCR Correct),Primary
2025-12-16 17.43.28.png,2025-12-16 17.43.22.png,ROI_23,5.725,5.724,0.91,Redundant Row Value Mismatch,5.725,Genuine Change (OCR Correct),Primary
2025-12-16 17.43.31.png,2025-12-16 17.43.28.png,ROI_23,5.726,5.725,0.91,Redundant Row Value Mismatch,5.726,Genuine Change (OCR Correct),Primary
2025-12-16 17.43.37.png,2025-12-16 17.43.34.png,ROI_23,5.718,5.726,0.91,Redundant Row Value Mismatch,5.718,Genuine Change (OCR Correct),Primary
2025-12-16 17.43.44.png,2025-12-16 17.43.37.png,ROI_23,5.725,5.718,0.91,Redundant Row Value Mismatch,5.725,Genuine Change (OCR Correct),Primary
2025-12-16 17.43.49.png,2025-12-16 17.43.44.png,ROI_23,5.718,5.725,0.91,Redundant Row Value Mismatch,5.718,Genuine Change (OCR Correct),Primary
2025-12-16 17.43.52.png,2025-12-16 17.43.49.png,ROI_23,5.724,5.718,0.91,Redundant Row Value Mismatch,5.724,Genuine Change (OCR Correct),Primary
2025-12-16 17.43.58.png,2025-12-16 17.43.52.png,ROI_23,5.721,5.724,0.91,Redundant Row Value Mismatch,5.721,Genuine Change (OCR Correct),Primary
2025-12-16 17.44.04.png,2025-12-16 17.43.58.png,ROI_23,5.728,5.721,0.91,Redundant Row Value Mismatch,5.728,Genuine Change (OCR Correct),Primary
2025-12-16 17.44.09.png,2025-12-16 17.44.04.png,ROI_23,5.72,5.728,0.91,Redundant Row Value Mismatch,5.72,Genuine Change (OCR Correct),Primary
2025-12-16 17.44.12.png,2025-12-16 17.44.09.png,ROI_23,5.724,5.72,0.91,Redundant Row Value Mismatch,5.724,Genuine Change (OCR Correct),Primary
2025-12-16 17.44.18.png,2025-12-16 17.44.14.png,ROI_23,5.722,5.724,0.91,Redundant Row Value Mismatch,5.722,Genuine Change (OCR Correct),Primary
2025-12-16 17.44.24.png,2025-12-16 17.44.18.png,ROI_23,5.725,5.722,0.91,Redundant Row Value Mismatch,5.725,Genuine Change (OCR Correct),Primary
2025-12-16 17.44.29.png,2025-12-16 17.44.24.png,ROI_23,5.721,5.725,0.91,Redundant Row Value Mismatch,5.721,Genuine Change (OCR Correct),Primary
2025-12-16 17.44.35.png,2025-12-16 17.44.29.png,ROI_23,5.723,5.721,0.91,Redundant Row Value Mismatch,5.723,Genuine Change (OCR Correct),Primary
2025-12-16 17.44.38.png,2025-12-16 17.44.35.png,ROI_23,5.719,5.723,0.91,Redundant Row Value Mismatch,5.719,Genuine Change (OCR Correct),Primary
2025-12-16 17.44.43.png,2025-12-16 17.44.38.png,ROI_23,5.727,5.719,0.91,Redundant Row Value Mismatch,5.727,Genuine Change (OCR Correct),Primary
2025-12-16 17.45.03.png,2025-12-16 17.44.43.png,ROI_23,5.717,5.727,0.91,Redundant Row Value Mismatch,5.717,Genuine Change (OCR Correct),Primary
2025-12-16 17.45.06.png,2025-12-16 17.45.03.png,ROI_23,5.725,5.717,0.91,Redundant Row Value Mismatch,5.725,Genuine Change (OCR Correct),Primary
2025-12-16 17.45.11.png,2025-12-16 17.45.06.png,ROI_23,5.723,5.725,0.91,Redundant Row Value Mismatch,5.723,Genuine Change (OCR Correct),Primary
2025-12-16 17.45.17.png,2025-12-16 17.45.11.png,ROI_23,5.721,5.723,0.91,Redundant Row Value Mismatch,5.721,Genuine Change (OCR Correct),Primary
2025-12-16 17.45.28.png,2025-12-16 17.45.23.png,ROI_23,5.727,5.721,0.91,Redundant Row Value Mismatch,5.727,Genuine Change (OCR Correct),Primary
2025-12-16 17.45.31.png,2025-12-16 17.45.28.png,ROI_23,5.72,5.727,0.91,Redundant Row Value Mismatch,5.72,Genuine Change (OCR Correct),Primary
2025-12-16 17.45.37.png,2025-12-16 17.45.31.png,ROI_23,5.728,5.72,0.91,Redundant Row Value Mismatch,5.728,Genuine Change (OCR Correct),Primary
2025-12-16 17.45.43.png,2025-12-16 17.45.37.png,ROI_23,5.723,5.728,0.91,Redundant Row Value Mismatch,5.723,Genuine Change (OCR Correct),Primary
2025-12-16 17.45.48.png,2025-12-16 17.45.43.png,ROI_23,5.724,5.723,0.91,Redundant Row Value Mismatch,5.724,Genuine Change (OCR Correct),Primary
2025-12-16 17.45.51.png,2025-12-16 17.45.48.png,ROI_23,5.718,5.724,0.91,Redundant Row Value Mismatch,5.718,Genuine Change (OCR Correct),Primary
2025-12-16 17.45.57.png,2025-12-16 17.45.51.png,ROI_23,5.725,5.718,0.91,Redundant Row Value Mismatch,5.725,Genuine Change (OCR Correct),Primary
2025-12-16 17.46.02.png,2025-12-16 17.45.57.png,ROI_23,5.723,5.725,0.91,Redundant Row Value Mismatch,5.723,Genuine Change (OCR Correct),Primary
2025-12-16 17.46.08.png,2025-12-16 17.46.02.png,ROI_23,5.724,5.723,0.91,Redundant Row Value Mismatch,5.724,Genuine Change (OCR Correct),Primary
2025-12-16 17.46.11.png,2025-12-16 17.46.08.png,ROI_23,5.722,5.724,0.91,Redundant Row Value Mismatch,5.722,Genuine Change (OCR Correct),Primary
2025-12-16 17.46.17.png,2025-12-16 17.46.11.png,ROI_23,5.728,5.722,0.91,Redundant Row Value Mismatch,5.728,Genuine Change (OCR Correct),Primary
2025-12-16 17.46.21.png,2025-12-16 17.46.17.png,ROI_23,5.724,5.728,0.91,Redundant Row Value Mismatch,5.724,Genuine Change (OCR Correct),Primary
2025-12-16 17.46.27.png,2025-12-16 17.46.21.png,ROI_23,5.727,5.724,0.91,Redundant Row Value Mismatch,5.727,Genuine Change (OCR Correct),Primary
2025-12-16 17.46.30.png,2025-12-16 17.46.27.png,ROI_23,5.722,5.727,0.91,Redundant Row Value Mismatch,5.722,Genuine Change (OCR Correct),Fallback
2025-12-16 17.46.36.png,2025-12-16 17.46.33.png,ROI_23,5.726,5.722,0.91,Redundant Row Value Mismatch,5.726,Genuine Change (OCR Correct),Primary
2025-12-16 17.46.42.png,2025-12-16 17.46.36.png,ROI_23,5.719,5.726,0.91,Redundant Row Value Mismatch,5.719,Genuine Change (OCR Correct),Primary
2025-12-16 17.46.47.png,2025-12-16 17.46.42.png,ROI_23,5.724,5.719,0.91,Redundant Row Value Mismatch,5.724,Genuine Change (OCR Correct),Primary
2025-12-16 17.46.53.png,2025-12-16 17.46.47.png,ROI_23,5.72,5.724,0.91,Redundant Row Value Mismatch,5.72,Genuine Change (OCR Correct),Primary
2025-12-16 17.46.57.png,2025-12-16 17.46.53.png,ROI_23,5.726,5.72,0.91,Redundant Row Value Mismatch,5.726,Genuine Change (OCR Correct),Primary
2025-12-16 17.47.03.png,2025-12-16 17.46.57.png,ROI_23,5.723,5.726,0.91,Redundant Row Value Mismatch,5.723,Genuine Change (OCR Correct),Primary
2025-12-16 17.47.09.png,2025-12-16 17.47.03.png,ROI_23,5.728,5.723,0.91,Redundant Row Value Mismatch,5.728,Genuine Change (OCR Correct),Primary
2025-12-16 17.47.11.png,2025-12-16 17.47.09.png,ROI_23,5.72,5.728,0.91,Redundant Row Value Mismatch,5.72,Genuine Change (OCR Correct),Primary
2025-12-16 17.47.18.png,2025-12-16 17.47.11.png,ROI_23,5.727,5.72,0.91,Redundant Row Value Mismatch,5.727,Genuine Change (OCR Correct),Primary
2025-12-16 17.47.23.png,2025-12-16 17.47.18.png,ROI_23,5.724,5.727,0.91,Redundant Row Value Mismatch,5.724,Genuine Change (OCR Correct),Primary
2025-12-16 17.47.26.png,2025-12-16 17.47.23.png,ROI_23,5.726,5.724,0.91,Redundant Row Value Mismatch,5.726,Genuine Change (OCR Correct),Primary
2025-12-16 17.47.32.png,2025-12-16 17.47.26.png,ROI_23,5.718,5.726,0.91,Redundant Row Value Mismatch,5.718,Genuine Change (OCR Correct),Primary
2025-12-16 17.47.38.png,2025-12-16 17.47.32.png,ROI_23,5.724,5.718,0.91,Redundant Row Value Mismatch,5.724,Genuine Change (OCR Correct),Primary
2025-12-16 17.48.05.png,2025-12-16 17.47.38.png,ROI_23,5.721,5.724,0.91,Redundant Row Value Mismatch,5.721,Genuine Change (OCR Correct),Primary
2025-12-16 17.49.06.png,2025-12-16 17.49.03.png,ROI_23,5.722,5.721,0.91,Redundant Row Value Mismatch,5.722,Genuine Change (OCR Correct),Primary
2025-12-16 17.50.36.png,2025-12-16 17.49.06.png,ROI_23,5.721,5.722,0.91,Redundant Row Value Mismatch,5.721,Genuine Change (OCR Correct),Primary
2025-12-16 17.52.10.png,2025-12-16 17.52.07.png,ROI_23,5.722,5.721,0.91,Redundant Row Value Mismatch,5.722,Genuine Change (OCR Correct),Primary
2025-12-16 17.52.46.png,2025-12-16 17.52.10.png,ROI_23,5.721,5.722,0.91,Redundant Row Value Mismatch,5.721,Genuine Change (OCR Correct),Primary
2025-12-16 17.52.54.png,2025-12-16 17.52.48.png,ROI_23,5.722,5.721,0.91,Redundant Row Value Mismatch,5.722,Genuine Change (OCR Correct),Primary
2025-12-16 17.53.11.png,2025-12-16 17.52.54.png,ROI_23,5.721,5.722,0.91,Redundant Row Value Mismatch,5.721,Genuine Change (OCR Correct),Primary
2025-12-16 17.54.17.png,2025-12-16 17.54.11.png,ROI_23,5.727,5.721,0.91,Redundant Row Value Mismatch,5.727,Genuine Change (OCR Correct),Fallback
2025-12-16 17.54.24.png,2025-12-16 17.54.17.png,ROI_23,5.718,5.727,0.91,Redundant Row Value Mismatch,5.718,Genuine Change (OCR Correct),Primary
2025-12-16 17.54.27.png,2025-12-16 17.54.24.png,ROI_23,5.723,5.718,0.91,Redundant Row Value Mismatch,5.723,Genuine Change (OCR Correct),Primary
2025-12-16 17.54.33.png,2025-12-16 17.54.27.png,ROI_23,5.719,5.723,0.91,Redundant Row Value Mismatch,5.719,Genuine Change (OCR Correct),Primary
2025-12-16 17.54.39.png,2025-12-16 17.54.33.png,ROI_23,5.723,5.719,0.91,Redundant Row Value Mismatch,5.723,Genuine Change (OCR Correct),Primary
2025-12-16 17.54.42.png,2025-12-16 17.54.39.png,ROI_23,5.716,5.723,0.91,Redundant Row Value Mismatch,5.716,Genuine Change (OCR Correct),Primary
2025-12-16 17.54.49.png,2025-12-16 17.54.42.png,ROI_23,5.723,5.716,0.91,Redundant Row Value Mismatch,5.723,Genuine Change (OCR Correct),Primary
2025-12-16 17.54.51.png,2025-12-16 17.54.49.png,ROI_23,5.717,5.723,0.91,Redundant Row Value Mismatch,5.717,Genuine Change (OCR Correct),Primary
2025-12-16 17.54.58.png,2025-12-16 17.54.51.png,ROI_23,5.724,5.717,0.91,Redundant Row Value Mismatch,5.724,Genuine Change (OCR Correct),Primary
2025-12-16 17.55.04.png,2025-12-16 17.54.58.png,ROI_23,5.719,5.724,0.91,Redundant Row Value Mismatch,5.719,Genuine Change (OCR Correct),Primary
2025-12-16 17.55.07.png,2025-12-16 17.55.04.png,ROI_23,5.724,5.719,0.91,Redundant Row Value Mismatch,5.724,Genuine Change (OCR Correct),Primary
2025-12-16 17.55.14.png,2025-12-16 17.55.07.png,ROI_23,5.72,5.724,0.91,Redundant Row Value Mismatch,5.72,Genuine Change (OCR Correct),Primary
2025-12-16 17.55.17.png,2025-12-16 17.55.14.png,ROI_23,5.722,5.72,0.91,Redundant Row Value Mismatch,5.725,New Value (AI Disagrees with both),Primary
2025-12-16 17.55.19.png,2025-12-16 17.55.17.png,ROI_23,5.725,5.722,0.91,Redundant Row Value Mismatch,5.725,Genuine Change (OCR Correct),Primary
2025-12-16 17.55.22.png,2025-12-16 17.55.19.png,ROI_23,5.72,5.725,0.91,Redundant Row Value Mismatch,5.72,Genuine Change (OCR Correct),Primary
2025-12-16 17.55.27.png,2025-12-16 17.55.22.png,ROI_23,5.724,5.72,0.91,Redundant Row Value Mismatch,5.724,Genuine Change (OCR Correct),Primary
2025-12-16 17.55.34.png,2025-12-16 17.55.27.png,ROI_23,5.715,5.724,0.91,Redundant Row Value Mismatch,5.715,Genuine Change (OCR Correct),Primary
2025-12-16 17.55.39.png,2025-12-16 17.55.34.png,ROI_23,5.723,5.715,0.91,Redundant Row Value Mismatch,5.723,Genuine Change (OCR Correct),Primary
2025-12-16 17.55.45.png,2025-12-16 17.55.39.png,ROI_23,5.72,5.723,0.91,Redundant Row Value Mismatch,5.72,Genuine Change (OCR Correct),Primary
2025-12-16 17.55.48.png,2025-12-16 17.55.45.png,ROI_23,5.727,5.72,0.91,Redundant Row Value Mismatch,5.727,Genuine Change (OCR Correct),Primary
2025-12-16 17.55.54.png,2025-12-16 17.55.48.png,ROI_23,5.722,5.727,0.91,Redundant Row Value Mismatch,5.722,Genuine Change (OCR Correct),Primary
2025-12-16 17.56.00.png,2025-12-16 17.55.54.png,ROI_23,5.726,5.722,0.91,Redundant Row Value Mismatch,5.726,Genuine Change (OCR Correct),Primary
2025-12-16 17.56.03.png,2025-12-16 17.56.00.png,ROI_23,5.718,5.726,0.91,Redundant Row Value Mismatch,5.718,Genuine Change (OCR Correct),Primary
2025-12-16 17.56.09.png,2025-12-16 17.56.03.png,ROI_23,5.724,5.718,0.91,Redundant Row Value Mismatch,5.724,Genuine Change (OCR Correct),Primary
2025-12-16 17.56.15.png,2025-12-16 17.56.09.png,ROI_23,5.721,5.724,0.91,Redundant Row Value Mismatch,5.721,Genuine Change (OCR Correct),Primary
2025-12-16 17.56.17.png,2025-12-16 17.56.15.png,ROI_23,5.726,5.721,0.91,Redundant Row Value Mismatch,5.726,Genuine Change (OCR Correct),Primary
2025-12-16 17.56.23.png,2025-12-16 17.56.17.png,ROI_23,5.718,5.726,0.91,Redundant Row Value Mismatch,5.718,Genuine Change (OCR Correct),Primary
2025-12-16 17.56.28.png,2025-12-16 17.56.23.png,ROI_23,5.724,5.718,0.91,Redundant Row Value Mismatch,5.724,Genuine Change (OCR Correct),Primary
2025-12-16 17.56.35.png,2025-12-16 17.56.28.png,ROI_23,5.72,5.724,0.91,Redundant Row Value Mismatch,5.72,Genuine Change (OCR Correct),Primary
2025-12-16 17.56.37.png,2025-12-16 17.56.35.png,ROI_23,5.727,5.72,0.91,Redundant Row Value Mismatch,5.727,Genuine Change (OCR Correct),Primary
2025-12-16 17.56.43.png,2025-12-16 17.56.37.png,ROI_23,5.716,5.727,0.91,Redundant Row Value Mismatch,5.716,Genuine Change (OCR Correct),Primary
2025-12-16 17.56.49.png,2025-12-16 17.56.43.png,ROI_23,5.724,5.716,0.91,Redundant Row Value Mismatch,5.724,Genuine Change (OCR Correct),Primary
2025-12-16 17.56.54.png,2025-12-16 17.56.49.png,ROI_23,5.721,5.724,0.91,Redundant Row Value Mismatch,5.721,Genuine Change (OCR Correct),Primary
2025-12-16 17.56.57.png,2025-12-16 17.56.54.png,ROI_23,5.725,5.721,0.91,Redundant Row Value Mismatch,5.725,Genuine Change (OCR Correct),Primary
2025-12-16 17.57.06.png,2025-12-16 17.56.57.png,ROI_23,5.718,5.725,0.91,Redundant Row Value Mismatch,5.718,Genuine Change (OCR Correct),Primary
2025-12-16 17.58.31.png,2025-12-16 17.58.25.png,ROI_23,5.725,5.718,0.91,Redundant Row Value Mismatch,5.725,Genuine Change (OCR Correct),Primary
2025-12-16 17.58.35.png,2025-12-16 17.58.31.png,ROI_23,5.72,5.725,0.91,Redundant Row Value Mismatch,5.72,Genuine Change (OCR Correct),Primary
2025-12-16 17.58.40.png,2025-12-16 17.58.35.png,ROI_23,5.728,5.72,0.91,Redundant Row Value Mismatch,5.728,Genuine Change (OCR Correct),Primary
2025-12-16 17.58.45.png,2025-12-16 17.58.40.png,ROI_23,5.708,5.728,0.91,Redundant Row Value Mismatch,5.708,Genuine Change (OCR Correct),Primary
2025-12-16 17.58.49.png,2025-12-16 17.58.45.png,ROI_23,5.723,5.708,0.91,Redundant Row Value Mismatch,5.723,Genuine Change (OCR Correct),Primary
2025-12-16 17.58.54.png,2025-12-16 17.58.49.png,ROI_23,5.717,5.723,0.91,Redundant Row Value Mismatch,5.717,Genuine Change (OCR Correct),Primary
2025-12-16 17.59.01.png,2025-12-16 17.58.54.png,ROI_23,5.722,5.717,0.91,Redundant Row Value Mismatch,5.722,Genuine Change (OCR Correct),Primary
2025-12-16 17.59.06.png,2025-12-16 17.59.01.png,ROI_23,5.717,5.722,0.91,Redundant Row Value Mismatch,5.717,Genuine Change (OCR Correct),Primary
2025-12-16 17.59.09.png,2025-12-16 17.59.06.png,ROI_23,5.722,5.717,0.91,Redundant Row Value Mismatch,5.722,Genuine Change (OCR Correct),Primary
2025-12-16 17.59.16.png,2025-12-16 17.59.09.png,ROI_23,5.721,5.722,0.91,Redundant Row Value Mismatch,5.721,Genuine Change (OCR Correct),Primary
2025-12-16 17.59.25.png,2025-12-16 17.59.16.png,ROI_23,5.724,5.721,0.91,Redundant Row Value Mismatch,5.724,Genuine Change (OCR Correct),Fallback
2025-12-16 17.59.34.png,2025-12-16 17.59.32.png,ROI_23,5.719,5.724,0.91,Redundant Row Value Mismatch,5.719,Genuine Change (OCR Correct),Primary
2025-12-16 17.59.41.png,2025-12-16 17.59.34.png,ROI_23,5.724,5.719,0.91,Redundant Row Value Mismatch,5.724,Genuine Change (OCR Correct),Primary
2025-12-16 17.59.46.png,2025-12-16 17.59.41.png,ROI_23,5.72,5.724,0.91,Redundant Row Value Mismatch,5.72,Genuine Change (OCR Correct),Primary
2025-12-16 17.59.52.png,2025-12-16 17.59.46.png,ROI_23,5.726,5.72,0.91,Redundant Row Value Mismatch,5.726,Genuine Change (OCR Correct),Primary
2025-12-16 17.59.55.png,2025-12-16 17.59.52.png,ROI_23,5.719,5.726,0.91,Redundant Row Value Mismatch,5.719,Genuine Change (OCR Correct),Primary
2025-12-16 18.00.01.png,2025-12-16 17.59.55.png,ROI_23,5.724,5.719,0.91,Redundant Row Value Mismatch,5.724,Genuine Change (OCR Correct),Primary
2025-12-16 18.00.04.png,2025-12-16 18.00.01.png,ROI_23,5.718,5.724,0.91,Redundant Row Value Mismatch,5.718,Genuine Change (OCR Correct),Primary
2025-12-16 18.00.10.png,2025-12-16 18.00.07.png,ROI_23,5.728,5.718,0.91,Redundant Row Value Mismatch,5.728,Genuine Change (OCR Correct),Primary
2025-12-16 18.00.16.png,2025-12-16 18.00.10.png,ROI_23,5.722,5.728,0.91,Redundant Row Value Mismatch,5.722,Genuine Change (OCR Correct),Primary
2025-12-16 18.00.22.png,2025-12-16 18.00.16.png,ROI_23,5.725,5.722,0.91,Redundant Row Value Mismatch,5.725,Genuine Change (OCR Correct),Primary
2025-12-16 18.00.25.png,2025-12-16 18.00.22.png,ROI_23,5.717,5.725,0.91,Redundant Row Value Mismatch,5.717,Genuine Change (OCR Correct),Primary
2025-12-16 18.00.31.png,2025-12-16 18.00.25.png,ROI_23,5.725,5.717,0.91,Redundant Row Value Mismatch,5.725,Genuine Change (OCR Correct),Primary
2025-12-16 18.00.37.png,2025-12-16 18.00.31.png,ROI_23,5.72,5.725,0.91,Redundant Row Value Mismatch,5.72,Genuine Change (OCR Correct),Primary
2025-12-16 18.00.40.png,2025-12-16 18.00.37.png,ROI_23,5.727,5.72,0.91,Redundant Row Value Mismatch,5.727,Genuine Change (OCR Correct),Primary
2025-12-16 18.00.48.png,2025-12-16 18.00.43.png,ROI_23,5.716,5.727,0.91,Redundant Row Value Mismatch,5.716,Genuine Change (OCR Correct),Primary
2025-12-16 18.00.51.png,2025-12-16 18.00.48.png,ROI_23,5.725,5.716,0.91,Redundant Row Value Mismatch,5.725,Genuine Change (OCR Correct),Primary
2025-12-16 18.00.54.png,2025-12-16 18.00.51.png,ROI_23,5.723,5.725,0.91,Redundant Row Value Mismatch,5.723,Genuine Change (OCR Correct),Primary
2025-12-16 18.01.02.png,2025-12-16 18.00.56.png,ROI_23,5.727,5.723,0.91,Redundant Row Value Mismatch,5.727,Genuine Change (OCR Correct),Primary
2025-12-16 18.01.08.png,2025-12-16 18.01.02.png,ROI_23,5.717,5.727,0.91,Redundant Row Value Mismatch,5.717,Genuine Change (OCR Correct),Primary
2025-12-16 18.01.13.png,2025-12-16 18.01.08.png,ROI_23,5.726,5.717,0.91,Redundant Row Value Mismatch,5.726,Genuine Change (OCR Correct),Primary
2025-12-16 18.01.19.png,2025-12-16 18.01.13.png,ROI_23,5.721,5.726,0.91,Redundant Row Value Mismatch,5.721,Genuine Change (OCR Correct),Primary
2025-12-16 18.01.25.png,2025-12-16 18.01.22.png,ROI_23,5.726,5.721,0.91,Redundant Row Value Mismatch,5.726,Genuine Change (OCR Correct),Primary
2025-12-16 18.01.31.png,2025-12-16 18.01.25.png,ROI_23,5.718,5.726,0.91,Redundant Row Value Mismatch,5.718,Genuine Change (OCR Correct),Primary
2025-12-16 18.01.38.png,2025-12-16 18.01.31.png,ROI_23,5.727,5.718,0.91,Redundant Row Value Mismatch,5.727,Genuine Change (OCR Correct),Primary
2025-12-16 18.01.41.png,2025-12-16 18.01.38.png,ROI_23,5.72,5.727,0.91,Redundant Row Value Mismatch,5.72,Genuine Change (OCR Correct),Primary
2025-12-16 18.01.46.png,2025-12-16 18.01.41.png,ROI_23,5.726,5.72,0.91,Redundant Row Value Mismatch,5.726,Genuine Change (OCR Correct),Primary
2025-12-16 18.01.52.png,2025-12-16 18.01.46.png,ROI_23,5.721,5.726,0.91,Redundant Row Value Mismatch,5.721,Genuine Change (OCR Correct),Primary
2025-12-16 18.01.57.png,2025-12-16 18.01.52.png,ROI_23,5.722,5.721,0.91,Redundant Row Value Mismatch,5.722,Genuine Change (OCR Correct),Primary
2025-12-16 18.02.01.png,2025-12-16 18.01.57.png,ROI_23,5.718,5.722,0.91,Redundant Row Value Mismatch,5.718,Genuine Change (OCR Correct),Primary
2025-12-16 18.02.07.png,2025-12-16 18.02.01.png,ROI_23,5.722,5.718,0.91,Redundant Row Value Mismatch,5.724,New Value (AI Disagrees with both),Primary
2025-12-16 18.02.10.png,2025-12-16 18.02.07.png,ROI_23,5.718,5.722,0.91,Redundant Row Value Mismatch,5.718,Genuine Change (OCR Correct),Primary
2025-12-16 18.02.16.png,2025-12-16 18.02.10.png,ROI_23,5.724,5.718,0.91,Redundant Row Value Mismatch,5.724,Genuine Change (OCR Correct),Primary
2025-12-16 18.02.21.png,2025-12-16 18.02.16.png,ROI_23,5.721,5.724,0.91,Redundant Row Value Mismatch,5.721,Genuine Change (OCR Correct),Primary
2025-12-16 18.02.27.png,2025-12-16 18.02.21.png,ROI_23,5.723,5.721,0.91,Redundant Row Value Mismatch,5.723,Genuine Change (OCR Correct),Primary
2025-12-16 18.02.32.png,2025-12-16 18.02.27.png,ROI_23,5.722,5.723,0.91,Redundant Row Value Mismatch,5.722,Genuine Change (OCR Correct),Primary
2025-12-16 18.02.38.png,2025-12-16 18.02.32.png,ROI_23,5.726,5.722,0.91,Redundant Row Value Mismatch,5.726,Genuine Change (OCR Correct),Primary
2025-12-16 18.02.41.png,2025-12-16 18.02.38.png,ROI_23,5.721,5.726,0.91,Redundant Row Value Mismatch,5.721,Genuine Change (OCR Correct),Primary
2025-12-16 18.02.46.png,2025-12-16 18.02.41.png,ROI_23,5.727,5.721,0.91,Redundant Row Value Mismatch,5.727,Genuine Change (OCR Correct),Primary
2025-12-16 18.02.52.png,2025-12-16 18.02.46.png,ROI_23,5.718,5.727,0.91,Redundant Row Value Mismatch,5.718,Genuine Change (OCR Correct),Primary
2025-12-16 18.02.57.png,2025-12-16 18.02.52.png,ROI_23,5.727,5.718,0.91,Redundant Row Value Mismatch,5.727,Genuine Change (OCR Correct),Fallback
2025-12-16 18.03.02.png,2025-12-16 18.02.57.png,ROI_23,5.723,5.727,0.91,Redundant Row Value Mismatch,5.723,Genuine Change (OCR Correct),Primary
2025-12-16 18.03.08.png,2025-12-16 18.03.02.png,ROI_23,5.726,5.723,0.91,Redundant Row Value Mismatch,5.726,Genuine Change (OCR Correct),Primary
2025-12-16 18.03.12.png,2025-12-16 18.03.08.png,ROI_23,5.719,5.726,0.91,Redundant Row Value Mismatch,5.719,Genuine Change (OCR Correct),Primary
2025-12-16 18.03.18.png,2025-12-16 18.03.12.png,ROI_23,5.727,5.719,0.91,Redundant Row Value Mismatch,5.727,Genuine Change (OCR Correct),Primary
2025-12-16 18.03.21.png,2025-12-16 18.03.18.png,ROI_23,5.725,5.727,0.91,Redundant Row Value Mismatch,5.725,Genuine Change (OCR Correct),Primary
2025-12-16 18.03.27.png,2025-12-16 18.03.21.png,ROI_23,5.726,5.725,0.91,Redundant Row Value Mismatch,5.726,Genuine Change (OCR Correct),Primary
2025-12-16 18.03.32.png,2025-12-16 18.03.27.png,ROI_23,5.718,5.726,0.91,Redundant Row Value Mismatch,5.718,Genuine Change (OCR Correct),Primary
2025-12-16 18.03.35.png,2025-12-16 18.03.32.png,ROI_23,5.722,5.718,0.91,Redundant Row Value Mismatch,5.722,Genuine Change (OCR Correct),Primary
2025-12-16 18.03.58.png,2025-12-16 18.03.53.png,ROI_23,5.727,5.722,0.91,Redundant Row Value Mismatch,5.727,Genuine Change (OCR Correct),Primary
2025-12-16 18.04.04.png,2025-12-16 18.03.58.png,ROI_23,5.719,5.727,0.91,Redundant Row Value Mismatch,5.719,Genuine Change (OCR Correct),Primary
2025-12-16 18.04.09.png,2025-12-16 18.04.04.png,ROI_23,5.727,5.719,0.91,Redundant Row Value Mismatch,5.727,Genuine Change (OCR Correct),Primary
2025-12-16 18.04.13.png,2025-12-16 18.04.09.png,ROI_23,5.721,5.727,0.91,Redundant Row Value Mismatch,5.721,Genuine Change (OCR Correct),Primary
2025-12-16 18.04.19.png,2025-12-16 18.04.13.png,ROI_23,5.728,5.721,0.91,Redundant Row Value Mismatch,5.728,Genuine Change (OCR Correct),Primary
2025-12-16 18.04.22.png,2025-12-16 18.04.19.png,ROI_23,5.721,5.728,0.91,Redundant Row Value Mismatch,5.721,Genuine Change (OCR Correct),Primary
2025-12-16 18.04.29.png,2025-12-16 18.04.22.png,ROI_23,5.724,5.721,0.91,Redundant Row Value Mismatch,5.724,Genuine Change (OCR Correct),Primary
2025-12-16 18.04.34.png,2025-12-16 18.04.29.png,ROI_23,5.72,5.724,0.91,Redundant Row Value Mismatch,5.72,Genuine Change (OCR Correct),Primary
2025-12-16 18.04.38.png,2025-12-16 18.04.34.png,ROI_23,5.725,5.72,0.91,Redundant Row Value Mismatch,5.725,Genuine Change (OCR Correct),Primary
2025-12-16 18.04.44.png,2025-12-16 18.04.38.png,ROI_23,5.72,5.725,0.91,Redundant Row Value Mismatch,5.72,Genuine Change (OCR Correct),Primary
2025-12-16 18.04.50.png,2025-12-16 18.04.44.png,ROI_23,5.726,5.72,0.91,Redundant Row Value Mismatch,5.726,Genuine Change (OCR Correct),Primary
2025-12-16 18.04.53.png,2025-12-16 18.04.50.png,ROI_23,5.715,5.726,0.91,Redundant Row Value Mismatch,5.715,Genuine Change (OCR Correct),Primary
2025-12-16 18.04.59.png,2025-12-16 18.04.53.png,ROI_23,5.726,5.715,0.91,Redundant Row Value Mismatch,5.726,Genuine Change (OCR Correct),Primary
2025-12-16 18.05.05.png,2025-12-16 18.04.59.png,ROI_23,5.72,5.726,0.91,Redundant Row Value Mismatch,5.72,Genuine Change (OCR Correct),Primary
2025-12-16 18.05.08.png,2025-12-16 18.05.05.png,ROI_23,5.722,5.72,0.91,Redundant Row Value Mismatch,5.722,Genuine Change (OCR Correct),Primary
2025-12-16 18.05.14.png,2025-12-16 18.05.08.png,ROI_23,5.719,5.722,0.91,Redundant Row Value Mismatch,5.719,Genuine Change (OCR Correct),Primary
2025-12-16 18.05.20.png,2025-12-16 18.05.14.png,ROI_23,5.721,5.719,0.91,Redundant Row Value Mismatch,5.721,Genuine Change (OCR Correct),Fallback
2025-12-16 18.05.23.png,2025-12-16 18.05.20.png,ROI_23,5.719,5.721,0.91,Redundant Row Value Mismatch,5.719,Genuine Change (OCR Correct),Primary
2025-12-16 18.05.29.png,2025-12-16 18.05.23.png,ROI_23,5.724,5.719,0.91,Redundant Row Value Mismatch,5.724,Genuine Change (OCR Correct),Primary
2025-12-16 18.05.35.png,2025-12-16 18.05.29.png,ROI_23,5.722,5.724,0.91,Redundant Row Value Mismatch,5.722,Genuine Change (OCR Correct),Primary
2025-12-16 18.05.38.png,2025-12-16 18.05.35.png,ROI_23,5.723,5.722,0.91,Redundant Row Value Mismatch,5.723,Genuine Change (OCR Correct),Primary
2025-12-16 18.05.44.png,2025-12-16 18.05.38.png,ROI_23,5.718,5.723,0.91,Redundant Row Value Mismatch,5.718,Genuine Change (OCR Correct),Primary
2025-12-16 18.05.50.png,2025-12-16 18.05.44.png,ROI_23,5.725,5.718,0.91,Redundant Row Value Mismatch,5.725,Genuine Change (OCR Correct),Primary
2025-12-16 18.05.53.png,2025-12-16 18.05.50.png,ROI_23,5.722,5.725,0.91,Redundant Row Value Mismatch,5.722,Genuine Change (OCR Correct),Primary
2025-12-16 18.05.57.png,2025-12-16 18.05.53.png,ROI_23,5.726,5.722,0.91,Redundant Row Value Mismatch,5.726,Genuine Change (OCR Correct),Primary
2025-12-16 18.06.03.png,2025-12-16 18.06.00.png,ROI_23,5.719,5.726,0.91,Redundant Row Value Mismatch,5.719,Genuine Change (OCR Correct),Primary
2025-12-16 18.06.09.png,2025-12-16 18.06.06.png,ROI_23,5.723,5.719,0.91,Redundant Row Value Mismatch,5.723,Genuine Change (OCR Correct),Primary
2025-12-16 18.06.15.png,2025-12-16 18.06.09.png,ROI_23,5.721,5.723,0.91,Redundant Row Value Mismatch,5.721,Genuine Change (OCR Correct),Primary
2025-12-16 18.06.18.png,2025-12-16 18.06.15.png,ROI_23,5.722,5.721,0.91,Redundant Row Value Mismatch,5.724,New Value (AI Disagrees with both),Primary
2025-12-16 18.06.21.png,2025-12-16 18.06.18.png,ROI_23,5.724,5.722,0.91,Redundant Row Value Mismatch,5.724,Genuine Change (OCR Correct),Primary
2025-12-16 18.06.24.png,2025-12-16 18.06.21.png,ROI_23,5.717,5.724,0.91,Redundant Row Value Mismatch,5.717,Genuine Change (OCR Correct),Primary
2025-12-16 18.06.27.png,2025-12-16 18.06.24.png,ROI_23,5.728,5.717,0.91,Redundant Row Value Mismatch,5.728,Genuine Change (OCR Correct),Primary
2025-12-16 18.06.33.png,2025-12-16 18.06.29.png,ROI_23,5.722,5.728,0.91,Redundant Row Value Mismatch,5.721,New Value (AI Disagrees with both),Primary
2025-12-16 18.06.47.png,2025-12-16 18.06.33.png,ROI_23,5.721,5.722,0.91,Redundant Row Value Mismatch,5.721,Genuine Change (OCR Correct),Primary
2025-12-16 18.06.53.png,2025-12-16 18.06.47.png,ROI_23,5.725,5.721,0.91,Redundant Row Value Mismatch,5.725,Genuine Change (OCR Correct),Primary
2025-12-16 18.06.59.png,2025-12-16 18.06.53.png,ROI_23,5.72,5.725,0.91,Redundant Row Value Mismatch,5.72,Genuine Change (OCR Correct),Primary
2025-12-16 18.07.02.png,2025-12-16 18.06.59.png,ROI_23,5.724,5.72,0.91,Redundant Row Value Mismatch,5.724,Genuine Change (OCR Correct),Primary
2025-12-16 18.07.08.png,2025-12-16 18.07.02.png,ROI_23,5.719,5.724,0.91,Redundant Row Value Mismatch,5.719,Genuine Change (OCR Correct),Primary
2025-12-16 18.07.13.png,2025-12-16 18.07.08.png,ROI_23,5.726,5.719,0.91,Redundant Row Value Mismatch,5.726,Genuine Change (OCR Correct),Primary
2025-12-16 18.07.17.png,2025-12-16 18.07.13.png,ROI_23,5.722,5.726,0.91,Redundant Row Value Mismatch,5.722,Genuine Change (OCR Correct),Primary
2025-12-16 18.07.23.png,2025-12-16 18.07.17.png,ROI_23,5.725,5.722,0.91,Redundant Row Value Mismatch,5.725,Genuine Change (OCR Correct),Primary
2025-12-16 18.07.29.png,2025-12-16 18.07.23.png,ROI_23,5.72,5.725,0.91,Redundant Row Value Mismatch,5.72,Genuine Change (OCR Correct),Primary
2025-12-16 18.07.32.png,2025-12-16 18.07.29.png,ROI_23,5.722,5.72,0.91,Redundant Row Value Mismatch,5.722,Genuine Change (OCR Correct),Primary
2025-12-16 18.07.41.png,2025-12-16 18.07.38.png,ROI_23,5.724,5.722,0.91,Redundant Row Value Mismatch,5.724,Genuine Change (OCR Correct),Primary
2025-12-16 18.07.48.png,2025-12-16 18.07.41.png,ROI_23,5.718,5.724,0.91,Redundant Row Value Mismatch,5.718,Genuine Change (OCR Correct),Primary
2025-12-16 18.07.54.png,2025-12-16 18.07.48.png,ROI_23,5.725,5.718,0.91,Redundant Row Value Mismatch,5.725,Genuine Change (OCR Correct),Primary
2025-12-16 18.07.59.png,2025-12-16 18.07.54.png,ROI_23,5.719,5.725,0.91,Redundant Row Value Mismatch,5.719,Genuine Change (OCR Correct),Fallback
2025-12-16 18.08.02.png,2025-12-16 18.07.59.png,ROI_23,5.725,5.719,0.91,Redundant Row Value Mismatch,5.725,Genuine Change (OCR Correct),Primary
2025-12-16 18.08.08.png,2025-12-16 18.08.05.png,ROI_23,5.721,5.725,0.91,Redundant Row Value Mismatch,5.721,Genuine Change (OCR Correct),Primary
2025-12-16 18.08.14.png,2025-12-16 18.08.08.png,ROI_23,5.723,5.721,0.91,Redundant Row Value Mismatch,5.723,Genuine Change (OCR Correct),Primary
2025-12-16 18.08.17.png,2025-12-16 18.08.14.png,ROI_23,5.722,5.723,0.91,Redundant Row Value Mismatch,5.722,Genuine Change (OCR Correct),Primary
2025-12-16 18.08.30.png,2025-12-16 18.08.24.png,ROI_23,5.717,5.722,0.91,Redundant Row Value Mismatch,5.717,Genuine Change (OCR Correct),Primary
2025-12-16 18.08.34.png,2025-12-16 18.08.30.png,ROI_23,5.725,5.717,0.91,Redundant Row Value Mismatch,5.725,Genuine Change (OCR Correct),Primary
2025-12-16 18.08.40.png,2025-12-16 18.08.34.png,ROI_23,5.717,5.725,0.91,Redundant Row Value Mismatch,5.717,Genuine Change (OCR Correct),Primary
2025-12-16 18.08.43.png,2025-12-16 18.08.40.png,ROI_23,5.724,5.717,0.91,Redundant Row Value Mismatch,5.724,Genuine Change (OCR Correct),Primary
2025-12-16 18.08.53.png,2025-12-16 18.08.50.png,ROI_23,5.725,5.724,0.91,Redundant Row Value Mismatch,5.725,Genuine Change (OCR Correct),Primary
2025-12-16 18.08.59.png,2025-12-16 18.08.53.png,ROI_23,5.718,5.725,0.91,Redundant Row Value Mismatch,5.718,Genuine Change (OCR Correct),Fallback
2025-12-16 18.09.05.png,2025-12-16 18.08.59.png,ROI_23,5.727,5.718,0.91,Redundant Row Value Mismatch,5.727,Genuine Change (OCR Correct),Primary
2025-12-16 18.09.08.png,2025-12-16 18.09.05.png,ROI_23,5.723,5.727,0.91,Redundant Row Value Mismatch,5.723,Genuine Change (OCR Correct),Primary
2025-12-16 18.09.10.png,2025-12-16 18.09.08.png,ROI_23,5.726,5.723,0.91,Redundant Row Value Mismatch,5.726,Genuine Change (OCR Correct),Primary
2025-12-16 18.09.19.png,2025-12-16 18.09.14.png,ROI_23,5.719,5.726,0.91,Redundant Row Value Mismatch,5.719,Genuine Change (OCR Correct),Primary
2025-12-16 18.09.38.png,2025-12-16 18.09.19.png,ROI_23,5.726,5.719,0.91,Redundant Row Value Mismatch,5.726,Genuine Change (OCR Correct),Primary
2025-12-16 18.09.42.png,2025-12-16 18.09.38.png,ROI_23,5.722,5.726,0.91,Redundant Row Value Mismatch,5.722,Genuine Change (OCR Correct),Primary
2025-12-16 18.09.48.png,2025-12-16 18.09.42.png,ROI_23,5.726,5.722,0.91,Redundant Row Value Mismatch,5.726,Genuine Change (OCR Correct),Fallback
2025-12-16 18.09.53.png,2025-12-16 18.09.48.png,ROI_23,5.719,5.726,0.91,Redundant Row Value Mismatch,5.719,Genuine Change (OCR Correct),Fallback
2025-12-16 18.09.57.png,2025-12-16 18.09.53.png,ROI_23,5.724,5.719,0.91,Redundant Row Value Mismatch,5.724,Genuine Change (OCR Correct),Primary
2025-12-16 18.10.02.png,2025-12-16 18.09.57.png,ROI_23,5.72,5.724,0.91,Redundant Row Value Mismatch,5.72,Genuine Change (OCR Correct),Primary
2025-12-16 18.11.03.png,2025-12-16 18.10.02.png,ROI_23,5.722,5.72,0.91,Redundant Row Value Mismatch,5.722,Genuine Change (OCR Correct),Primary
2025-12-16 18.11.07.png,2025-12-16 18.11.03.png,ROI_23,5.72,5.722,0.91,Redundant Row Value Mismatch,5.72,Genuine Change (OCR Correct),Primary
2025-12-16 18.11.21.png,2025-12-16 18.11.07.png,ROI_23,5.722,5.72,0.91,Redundant Row Value Mismatch,5.722,Genuine Change (OCR Correct),Primary
2025-12-16 18.11.27.png,2025-12-16 18.11.21.png,ROI_23,5.72,5.722,0.91,Redundant Row Value Mismatch,5.72,Genuine Change (OCR Correct),Primary
2025-12-16 18.11.33.png,2025-12-16 18.11.27.png,ROI_23,5.724,5.72,0.91,Redundant Row Value Mismatch,5.724,Genuine Change (OCR Correct),Primary
2025-12-16 18.11.36.png,2025-12-16 18.11.33.png,ROI_23,5.722,5.724,0.91,Redundant Row Value Mismatch,5.722,Genuine Change (OCR Correct),Primary
2025-12-16 18.11.42.png,2025-12-16 18.11.36.png,ROI_23,5.726,5.722,0.91,Redundant Row Value Mismatch,5.726,Genuine Change (OCR Correct),Primary
2025-12-16 18.11.48.png,2025-12-16 18.11.42.png,ROI_23,5.722,5.726,0.91,Redundant Row Value Mismatch,5.722,Genuine Change (OCR Correct),Primary
2025-12-16 18.11.54.png,2025-12-16 18.11.51.png,ROI_23,5.721,5.722,0.91,Redundant Row Value Mismatch,5.721,Genuine Change (OCR Correct),Primary
2025-12-16 18.11.59.png,2025-12-16 18.11.57.png,ROI_23,5.727,5.721,0.91,Redundant Row Value Mismatch,5.727,Genuine Change (OCR Correct),Primary
2025-12-16 18.12.08.png,2025-12-16 18.12.03.png,ROI_23,5.722,5.727,0.91,Redundant Row Value Mismatch,5.722,Genuine Change (OCR Correct),Primary
2025-12-16 18.12.12.png,2025-12-16 18.12.08.png,ROI_23,5.726,5.722,0.91,Redundant Row Value Mismatch,5.726,Genuine Change (OCR Correct),Primary
2025-12-16 18.12.17.png,2025-12-16 18.12.12.png,ROI_23,5.722,5.726,0.91,Redundant Row Value Mismatch,5.722,Genuine Change (OCR Correct),Primary
2025-12-16 18.12.23.png,2025-12-16 18.12.17.png,ROI_23,5.726,5.722,0.91,Redundant Row Value Mismatch,5.726,Genuine Change (OCR Correct),Primary
2025-12-16 18.12.32.png,2025-12-16 18.12.23.png,ROI_23,5.721,5.726,0.91,Redundant Row Value Mismatch,5.721,Genuine Change (OCR Correct),Primary
2025-12-16 18.13.29.png,2025-12-16 18.13.23.png,ROI_23,5.73,5.721,0.91,Redundant Row Value Mismatch,5.730,New Value (AI Disagrees with both),Primary
2025-12-16 18.13.32.png,2025-12-16 18.13.29.png,ROI_23,5.726,5.73,0.91,Redundant Row Value Mismatch,5.726,Genuine Change (OCR Correct),Primary
2025-12-16 18.13.38.png,2025-12-16 18.13.32.png,ROI_23,5.727,5.726,0.91,Redundant Row Value Mismatch,5.727,Genuine Change (OCR Correct),Primary
2025-12-16 18.13.44.png,2025-12-16 18.13.38.png,ROI_23,5.723,5.727,0.91,Redundant Row Value Mismatch,5.723,Genuine Change (OCR Correct),Primary
2025-12-16 18.13.50.png,2025-12-16 18.13.44.png,ROI_23,5.729,5.723,0.91,Redundant Row Value Mismatch,5.729,Genuine Change (OCR Correct),Primary
2025-12-16 18.13.52.png,2025-12-16 18.13.50.png,ROI_23,5.721,5.729,0.91,Redundant Row Value Mismatch,5.721,Genuine Change (OCR Correct),Primary
2025-12-16 18.13.58.png,2025-12-16 18.13.52.png,ROI_23,5.727,5.721,0.91,Redundant Row Value Mismatch,5.727,Genuine Change (OCR Correct),Primary
2025-12-16 18.14.04.png,2025-12-16 18.13.58.png,ROI_23,5.721,5.727,0.91,Redundant Row Value Mismatch,5.721,Genuine Change (OCR Correct),Primary
2025-12-16 18.14.07.png,2025-12-16 18.14.04.png,ROI_23,5.727,5.721,0.91,Redundant Row Value Mismatch,5.727,Genuine Change (OCR Correct),Primary
2025-12-16 18.14.15.png,2025-12-16 18.14.07.png,ROI_23,5.72,5.727,0.91,Redundant Row Value Mismatch,5.72,Genuine Change (OCR Correct),Primary
2025-12-16 18.14.18.png,2025-12-16 18.14.15.png,ROI_23,5.724,5.72,0.91,Redundant Row Value Mismatch,5.724,Genuine Change (OCR Correct),Primary
2025-12-16 18.14.25.png,2025-12-16 18.14.18.png,ROI_23,5.717,5.724,0.91,Redundant Row Value Mismatch,5.717,Genuine Change (OCR Correct),Primary
2025-12-16 18.14.28.png,2025-12-16 18.14.25.png,ROI_23,5.722,5.717,0.91,Redundant Row Value Mismatch,5.722,Genuine Change (OCR Correct),Primary
2025-12-16 18.15.14.png,2025-12-16 18.14.28.png,ROI_23,5.723,5.722,0.91,Redundant Row Value Mismatch,5.723,Genuine Change (OCR Correct),Primary
2025-12-16 18.19.10.png,2025-12-16 18.19.07.png,ROI_23,5.725,5.723,0.91,Redundant Row Value Mismatch,5.725,Genuine Change (OCR Correct),Primary
2025-12-16 18.19.19.png,2025-12-16 18.19.13.png,ROI_23,5.723,5.725,0.91,Redundant Row Value Mismatch,5.723,Genuine Change (OCR Correct),Primary
2025-12-16 18.19.30.png,2025-12-16 18.19.19.png,ROI_23,5.719,5.723,0.91,Redundant Row Value Mismatch,5.719,Genuine Change (OCR Correct),Primary
2025-12-16 18.19.35.png,2025-12-16 18.19.30.png,ROI_23,5.725,5.719,0.91,Redundant Row Value Mismatch,5.725,Genuine Change (OCR Correct),Primary
2025-12-16 18.19.39.png,2025-12-16 18.19.35.png,ROI_23,5.722,5.725,0.91,Redundant Row Value Mismatch,5.722,Genuine Change (OCR Correct),Primary
2025-12-16 18.19.42.png,2025-12-16 18.19.39.png,ROI_23,5.724,5.722,0.91,Redundant Row Value Mismatch,5.724,Genuine Change (OCR Correct),Primary
2025-12-16 18.19.49.png,2025-12-16 18.19.42.png,ROI_23,5.72,5.724,0.91,Redundant Row Value Mismatch,5.72,Genuine Change (OCR Correct),Primary
2025-12-16 18.19.55.png,2025-12-16 18.19.49.png,ROI_23,5.724,5.72,0.91,Redundant Row Value Mismatch,5.724,Genuine Change (OCR Correct),Primary
2025-12-16 18.19.58.png,2025-12-16 18.19.55.png,ROI_23,5.722,5.724,0.91,Redundant Row Value Mismatch,5.722,Genuine Change (OCR Correct),Primary
2025-12-16 18.20.03.png,2025-12-16 18.19.58.png,ROI_23,5.718,5.722,0.91,Redundant Row Value Mismatch,5.718,Genuine Change (OCR Correct),Primary
2025-12-16 18.20.06.png,2025-12-16 18.20.03.png,ROI_23,5.726,5.718,0.91,Redundant Row Value Mismatch,5.726,Genuine Change (OCR Correct),Primary
2025-12-16 18.20.15.png,2025-12-16 18.20.09.png,ROI_23,5.721,5.726,0.91,Redundant Row Value Mismatch,5.721,Genuine Change (OCR Correct),Primary
2025-12-16 18.20.18.png,2025-12-16 18.20.15.png,ROI_23,5.727,5.721,0.91,Redundant Row Value Mismatch,5.727,Genuine Change (OCR Correct),Primary
2025-12-16 18.20.25.png,2025-12-16 18.20.18.png,ROI_23,5.719,5.727,0.91,Redundant Row Value Mismatch,5.719,Genuine Change (OCR Correct),Primary
2025-12-16 18.20.28.png,2025-12-16 18.20.25.png,ROI_23,5.728,5.719,0.91,Redundant Row Value Mismatch,5.728,Genuine Change (OCR Correct),Primary
2025-12-16 18.20.35.png,2025-12-16 18.20.28.png,ROI_23,5.723,5.728,0.91,Redundant Row Value Mismatch,5.723,Genuine Change (OCR Correct),Primary
2025-12-16 18.20.38.png,2025-12-16 18.20.35.png,ROI_23,5.727,5.723,0.91,Redundant Row Value Mismatch,5.727,Genuine Change (OCR Correct),Primary
