Filename_Current,Filename_Compared,ROI_ID,Value_Current,Value_Compared,Similarity_Score,Reason
2025-12-16 17.16.18.png,2025-12-16 17.16.15.png,ROI_4,1.152,1.185,0.82,Redundant Row Value Mismatch
2025-12-16 17.16.18.png,2025-12-16 17.16.15.png,ROI_8,1.184,1.16,0.82,Redundant Row Value Mismatch
2025-12-16 17.16.26.png,2025-12-16 17.16.24.png,ROI_8,1.178,1.187,0.91,Redundant Row Value Mismatch
2025-12-16 17.16.32.png,2025-12-16 17.16.29.png,ROI_4,1.19,1.0,0.91,Redundant Row Value Mismatch
2025-12-16 17.17.25.png,2025-12-16 17.17.22.png,ROI_4,1.168,1.175,0.82,Redundant Row Value Mismatch
2025-12-16 17.17.25.png,2025-12-16 17.17.22.png,ROI_8,1.149,1.162,0.82,Redundant Row Value Mismatch
2025-12-16 17.17.40.png,2025-12-16 17.17.36.png,ROI_6,16.056,15.88,0.82,Redundant Row Value Mismatch
2025-12-16 17.17.40.png,2025-12-16 17.17.36.png,ROI_8,1.181,1.151,0.82,Redundant Row Value Mismatch
2025-12-16 17.18.01.png,2025-12-16 17.17.58.png,ROI_6,16.05,16.055,0.82,Redundant Row Value Mismatch
2025-12-16 17.18.01.png,2025-12-16 17.17.58.png,ROI_8,1.181,1.164,0.82,Redundant Row Value Mismatch
2025-12-16 17.20.06.png,2025-12-16 17.20.03.png,ROI_4,1.0,1.167,0.91,Redundant Row Value Mismatch
2025-12-16 17.20.27.png,2025-12-16 17.20.24.png,ROI_4,1.203,2.03,0.91,Redundant Row Value Mismatch
2025-12-16 17.20.37.png,2025-12-16 17.20.35.png,ROI_6,16.057,16.064,0.82,Redundant Row Value Mismatch
2025-12-16 17.20.37.png,2025-12-16 17.20.35.png,ROI_8,1.165,1.148,0.82,Redundant Row Value Mismatch
2025-12-16 17.21.17.png,2025-12-16 17.21.14.png,ROI_4,1.194,1.184,0.82,Redundant Row Value Mismatch
2025-12-16 17.21.17.png,2025-12-16 17.21.14.png,ROI_6,16.076,16.067,0.82,Redundant Row Value Mismatch
2025-12-16 17.22.24.png,2025-12-16 17.22.21.png,ROI_4,1.203,2.203,0.91,Redundant Row Value Mismatch
2025-12-16 17.28.08.png,2025-12-16 17.28.05.png,ROI_4,1.174,1.191,0.82,Redundant Row Value Mismatch
2025-12-16 17.28.08.png,2025-12-16 17.28.05.png,ROI_6,16.059,16.034,0.82,Redundant Row Value Mismatch
2025-12-16 17.28.14.png,2025-12-16 17.28.11.png,ROI_6,16.046,16.059,0.82,Redundant Row Value Mismatch
2025-12-16 17.28.14.png,2025-12-16 17.28.11.png,ROI_8,1.183,1.164,0.82,Redundant Row Value Mismatch
2025-12-16 17.30.07.png,2025-12-16 17.30.01.png,ROI_4,1.192,1.196,0.82,Redundant Row Value Mismatch
2025-12-16 17.30.07.png,2025-12-16 17.30.01.png,ROI_8,1.179,1.188,0.82,Redundant Row Value Mismatch
2025-12-16 17.31.27.png,2025-12-16 17.31.23.png,ROI_4,1.199,1.187,0.82,Redundant Row Value Mismatch
2025-12-16 17.31.27.png,2025-12-16 17.31.23.png,ROI_8,1.18,1.173,0.82,Redundant Row Value Mismatch
2025-12-16 17.31.30.png,2025-12-16 17.31.27.png,ROI_4,1.19,1.199,0.91,Redundant Row Value Mismatch
2025-12-16 17.32.07.png,2025-12-16 17.32.04.png,ROI_4,1.0,1.191,0.91,Redundant Row Value Mismatch
2025-12-16 17.33.09.png,2025-12-16 17.33.06.png,ROI_4,1.172,1.187,0.82,Redundant Row Value Mismatch
2025-12-16 17.33.09.png,2025-12-16 17.33.06.png,ROI_6,16.061,16.062,0.82,Redundant Row Value Mismatch
2025-12-16 17.36.35.png,2025-12-16 17.36.33.png,ROI_4,1.187,1.18,0.82,Redundant Row Value Mismatch
2025-12-16 17.36.35.png,2025-12-16 17.36.33.png,ROI_8,1.179,1.175,0.82,Redundant Row Value Mismatch
2025-12-16 17.37.08.png,2025-12-16 17.37.05.png,ROI_8,1.185,1.184,0.91,Redundant Row Value Mismatch
2025-12-16 17.37.14.png,2025-12-16 17.37.11.png,ROI_4,1.0,1.18,0.91,Redundant Row Value Mismatch
2025-12-16 17.37.36.png,2025-12-16 17.37.33.png,ROI_6,16.058,16.063,0.82,Redundant Row Value Mismatch
2025-12-16 17.37.36.png,2025-12-16 17.37.33.png,ROI_8,1.179,1.17,0.82,Redundant Row Value Mismatch
2025-12-16 17.38.10.png,2025-12-16 17.38.08.png,ROI_4,1.192,1.191,0.91,Redundant Row Value Mismatch
2025-12-16 17.38.24.png,2025-12-16 17.38.21.png,ROI_4,1.203,2.03,0.91,Redundant Row Value Mismatch
2025-12-16 17.39.19.png,2025-12-16 17.39.16.png,ROI_4,1.2,1.206,0.82,Redundant Row Value Mismatch
2025-12-16 17.39.19.png,2025-12-16 17.39.16.png,ROI_6,16.048,16.075,0.82,Redundant Row Value Mismatch
2025-12-16 17.39.34.png,2025-12-16 17.39.31.png,ROI_6,16.063,16.058,0.82,Redundant Row Value Mismatch
2025-12-16 17.39.34.png,2025-12-16 17.39.31.png,ROI_8,1.165,1.175,0.82,Redundant Row Value Mismatch
2025-12-16 17.41.10.png,2025-12-16 17.41.08.png,ROI_4,1.167,1.197,0.82,Redundant Row Value Mismatch
2025-12-16 17.41.10.png,2025-12-16 17.41.08.png,ROI_8,1.179,1.163,0.82,Redundant Row Value Mismatch
2025-12-16 17.41.40.png,2025-12-16 17.41.37.png,ROI_4,1.19,1.197,0.82,Redundant Row Value Mismatch
2025-12-16 17.41.40.png,2025-12-16 17.41.37.png,ROI_8,1.168,1.186,0.82,Redundant Row Value Mismatch
2025-12-16 17.42.07.png,2025-12-16 17.41.48.png,ROI_4,1.162,1.184,0.82,Redundant Row Value Mismatch
2025-12-16 17.42.07.png,2025-12-16 17.41.48.png,ROI_8,1.188,1.171,0.82,Redundant Row Value Mismatch
2025-12-16 17.45.43.png,2025-12-16 17.45.40.png,ROI_6,16.068,16.051,0.82,Redundant Row Value Mismatch
2025-12-16 17.45.43.png,2025-12-16 17.45.40.png,ROI_8,1.158,1.186,0.82,Redundant Row Value Mismatch
2025-12-16 17.45.51.png,2025-12-16 17.45.48.png,ROI_4,1.0,1.196,0.91,Redundant Row Value Mismatch
2025-12-16 17.46.57.png,2025-12-16 17.46.53.png,ROI_4,1.181,1.0,0.91,Redundant Row Value Mismatch
2025-12-16 17.50.09.png,2025-12-16 17.50.06.png,ROI_6,16.05,16.055,0.91,Redundant Row Value Mismatch
2025-12-16 17.54.11.png,2025-12-16 17.50.09.png,ROI_6,16.055,16.05,0.91,Redundant Row Value Mismatch
2025-12-16 17.55.07.png,2025-12-16 17.55.04.png,ROI_4,1.19,1.191,0.91,Redundant Row Value Mismatch
2025-12-16 17.55.14.png,2025-12-16 17.55.10.png,ROI_4,2.03,1.166,0.82,Redundant Row Value Mismatch
2025-12-16 17.55.14.png,2025-12-16 17.55.10.png,ROI_6,16.076,16.058,0.82,Redundant Row Value Mismatch
2025-12-16 17.55.17.png,2025-12-16 17.55.14.png,ROI_4,1.203,2.03,0.91,Redundant Row Value Mismatch
2025-12-16 17.55.19.png,2025-12-16 17.55.17.png,ROI_4,1.192,1.203,0.82,Redundant Row Value Mismatch
2025-12-16 17.55.19.png,2025-12-16 17.55.17.png,ROI_6,16.075,16.076,0.82,Redundant Row Value Mismatch
2025-12-16 17.58.25.png,2025-12-16 17.58.22.png,ROI_4,1.192,1.188,0.82,Redundant Row Value Mismatch
2025-12-16 17.58.25.png,2025-12-16 17.58.22.png,ROI_6,16.053,16.065,0.82,Redundant Row Value Mismatch
2025-12-16 18.00.13.png,2025-12-16 18.00.10.png,ROI_4,1.184,1.182,0.82,Redundant Row Value Mismatch
2025-12-16 18.00.13.png,2025-12-16 18.00.10.png,ROI_8,1.187,1.171,0.82,Redundant Row Value Mismatch
2025-12-16 18.00.16.png,2025-12-16 18.00.13.png,ROI_8,1.0,1.187,0.91,Redundant Row Value Mismatch
2025-12-16 18.00.31.png,2025-12-16 18.00.25.png,ROI_4,1.189,1.19,0.82,Redundant Row Value Mismatch
2025-12-16 18.00.31.png,2025-12-16 18.00.25.png,ROI_6,16.063,16.026,0.82,Redundant Row Value Mismatch
2025-12-16 18.01.22.png,2025-12-16 18.01.19.png,ROI_4,1.199,1.166,0.82,Redundant Row Value Mismatch
2025-12-16 18.01.22.png,2025-12-16 18.01.19.png,ROI_6,16.081,16.067,0.82,Redundant Row Value Mismatch
2025-12-16 18.02.04.png,2025-12-16 18.02.01.png,ROI_4,1.206,1.168,0.82,Redundant Row Value Mismatch
2025-12-16 18.02.04.png,2025-12-16 18.02.01.png,ROI_6,16.075,16.061,0.82,Redundant Row Value Mismatch
2025-12-16 18.02.27.png,2025-12-16 18.02.24.png,ROI_6,16.052,16.071,0.82,Redundant Row Value Mismatch
2025-12-16 18.02.27.png,2025-12-16 18.02.24.png,ROI_8,1.19,1.193,0.82,Redundant Row Value Mismatch
2025-12-16 18.02.29.png,2025-12-16 18.02.27.png,ROI_4,1.191,1.195,0.91,Redundant Row Value Mismatch
2025-12-16 18.03.18.png,2025-12-16 18.03.15.png,ROI_6,16.058,16.063,0.82,Redundant Row Value Mismatch
2025-12-16 18.03.18.png,2025-12-16 18.03.15.png,ROI_8,1.19,1.17,0.82,Redundant Row Value Mismatch
2025-12-16 18.03.38.png,2025-12-16 18.03.35.png,ROI_6,16.054,16.072,0.82,Redundant Row Value Mismatch
2025-12-16 18.03.38.png,2025-12-16 18.03.35.png,ROI_8,1.185,1.157,0.82,Redundant Row Value Mismatch
2025-12-16 18.04.59.png,2025-12-16 18.04.56.png,ROI_4,1.185,1.205,0.82,Redundant Row Value Mismatch
2025-12-16 18.04.59.png,2025-12-16 18.04.56.png,ROI_8,1.169,1.181,0.82,Redundant Row Value Mismatch
2025-12-16 18.05.05.png,2025-12-16 18.05.02.png,ROI_6,16.067,16.073,0.82,Redundant Row Value Mismatch
2025-12-16 18.05.05.png,2025-12-16 18.05.02.png,ROI_8,1.164,1.169,0.82,Redundant Row Value Mismatch
2025-12-16 18.05.29.png,2025-12-16 18.05.23.png,ROI_4,1.177,1.193,0.82,Redundant Row Value Mismatch
2025-12-16 18.05.29.png,2025-12-16 18.05.23.png,ROI_6,16.062,16.035,0.82,Redundant Row Value Mismatch
2025-12-16 18.07.38.png,2025-12-16 18.07.32.png,ROI_6,16.069,16.078,0.82,Redundant Row Value Mismatch
2025-12-16 18.07.38.png,2025-12-16 18.07.32.png,ROI_8,1.167,1.192,0.82,Redundant Row Value Mismatch
2025-12-16 18.09.53.png,2025-12-16 18.09.50.png,ROI_6,16.064,16.073,0.82,Redundant Row Value Mismatch
2025-12-16 18.09.53.png,2025-12-16 18.09.50.png,ROI_8,1.168,1.162,0.82,Redundant Row Value Mismatch
2025-12-16 18.10.28.png,2025-12-16 18.10.25.png,ROI_8,2.201,1.201,0.91,Redundant Row Value Mismatch
2025-12-16 18.10.31.png,2025-12-16 18.10.28.png,ROI_8,1.201,2.201,0.91,Redundant Row Value Mismatch
2025-12-16 18.10.37.png,2025-12-16 18.10.31.png,ROI_8,2.201,1.201,0.91,Redundant Row Value Mismatch
2025-12-16 18.10.40.png,2025-12-16 18.10.37.png,ROI_8,1.201,2.201,0.91,Redundant Row Value Mismatch
2025-12-16 18.10.42.png,2025-12-16 18.10.40.png,ROI_8,2.201,1.201,0.91,Redundant Row Value Mismatch
2025-12-16 18.10.46.png,2025-12-16 18.10.42.png,ROI_8,1.201,2.201,0.91,Redundant Row Value Mismatch
2025-12-16 18.10.52.png,2025-12-16 18.10.46.png,ROI_8,2.201,1.201,0.91,Redundant Row Value Mismatch
2025-12-16 18.10.58.png,2025-12-16 18.10.52.png,ROI_8,1.201,2.201,0.91,Redundant Row Value Mismatch
2025-12-16 18.11.00.png,2025-12-16 18.10.58.png,ROI_8,2.201,1.201,0.91,Redundant Row Value Mismatch
2025-12-16 18.11.07.png,2025-12-16 18.11.00.png,ROI_8,1.201,2.201,0.91,Redundant Row Value Mismatch
2025-12-16 18.11.10.png,2025-12-16 18.11.07.png,ROI_8,2.201,1.201,0.91,Redundant Row Value Mismatch
2025-12-16 18.11.13.png,2025-12-16 18.11.10.png,ROI_8,1.201,2.201,0.91,Redundant Row Value Mismatch
2025-12-16 18.12.14.png,2025-12-16 18.12.12.png,ROI_4,1.165,1.185,0.82,Redundant Row Value Mismatch
2025-12-16 18.12.14.png,2025-12-16 18.12.12.png,ROI_8,1.176,1.17,0.82,Redundant Row Value Mismatch
2025-12-16 18.12.20.png,2025-12-16 18.12.17.png,ROI_4,2.03,1.203,0.91,Redundant Row Value Mismatch
