Filename_Current,Filename_Compared,ROI_ID,Value_Current,Value_Compared,Similarity_Score,Reason
2025-12-16 17.18.59.png,2025-12-16 17.18.56.png,ROI_41,5633,563,0.95,Redundant Row Value Mismatch
2025-12-16 17.20.46.png,2025-12-16 17.20.43.png,ROI_45,46000,4600,0.95,Redundant Row Value Mismatch
2025-12-16 17.27.30.png,2025-12-16 17.27.27.png,ROI_41,5922,592,0.95,Redundant Row Value Mismatch
2025-12-16 17.27.35.png,2025-12-16 17.27.30.png,ROI_41,592,5922,0.95,Redundant Row Value Mismatch
2025-12-16 17.33.35.png,2025-12-16 17.33.32.png,ROI_41,0,2011,0.95,Redundant Row Value Mismatch
2025-12-16 17.37.59.png,2025-12-16 17.37.57.png,ROI_41,600,6000,0.95,Redundant Row Value Mismatch
2025-12-16 17.43.28.png,2025-12-16 17.43.25.png,ROI_47,19800.0,0.0,0.95,Redundant Row Value Mismatch
2025-12-16 17.43.37.png,2025-12-16 17.43.34.png,ROI_39,7101247.0,71740.0,0.95,Redundant Row Value Mismatch
2025-12-16 17.44.38.png,2025-12-16 17.44.35.png,ROI_45,4149,41149,0.95,Redundant Row Value Mismatch
2025-12-16 17.49.40.png,2025-12-16 17.49.36.png,ROI_47,2622059.0,19770.0,0.95,Redundant Row Value Mismatch
2025-12-16 17.49.52.png,2025-12-16 17.49.40.png,ROI_47,19770.0,2622059.0,0.95,Redundant Row Value Mismatch
2025-12-16 17.50.06.png,2025-12-16 17.50.03.png,ROI_47,0.0,19770.0,0.95,Redundant Row Value Mismatch
2025-12-16 17.50.09.png,2025-12-16 17.50.06.png,ROI_47,19770.0,0.0,0.95,Redundant Row Value Mismatch
2025-12-16 17.51.08.png,2025-12-16 17.51.05.png,ROI_47,0.0,19770.0,0.95,Redundant Row Value Mismatch
2025-12-16 17.51.11.png,2025-12-16 17.51.08.png,ROI_47,19770.0,0.0,0.95,Redundant Row Value Mismatch
2025-12-16 17.51.14.png,2025-12-16 17.51.11.png,ROI_47,0.0,19770.0,0.95,Redundant Row Value Mismatch
2025-12-16 17.51.17.png,2025-12-16 17.51.14.png,ROI_47,19770.0,0.0,0.95,Redundant Row Value Mismatch
2025-12-16 17.51.49.png,2025-12-16 17.51.46.png,ROI_47,0.0,19770.0,0.95,Redundant Row Value Mismatch
2025-12-16 17.52.05.png,2025-12-16 17.51.49.png,ROI_47,19770.0,0.0,0.95,Redundant Row Value Mismatch
2025-12-16 17.52.46.png,2025-12-16 17.52.43.png,ROI_47,0.0,19770.0,0.95,Redundant Row Value Mismatch
2025-12-16 17.52.48.png,2025-12-16 17.52.46.png,ROI_47,19770.0,0.0,0.95,Redundant Row Value Mismatch
2025-12-16 17.53.17.png,2025-12-16 17.53.14.png,ROI_47,0.0,19770.0,0.95,Redundant Row Value Mismatch
2025-12-16 17.53.20.png,2025-12-16 17.53.17.png,ROI_47,19770.0,0.0,0.95,Redundant Row Value Mismatch
2025-12-16 17.53.46.png,2025-12-16 17.53.43.png,ROI_47,0.0,19770.0,0.95,Redundant Row Value Mismatch
2025-12-16 17.53.49.png,2025-12-16 17.53.46.png,ROI_47,19770.0,0.0,0.95,Redundant Row Value Mismatch
2025-12-16 17.54.06.png,2025-12-16 17.54.03.png,ROI_47,0.0,19770.0,0.95,Redundant Row Value Mismatch
2025-12-16 17.54.11.png,2025-12-16 17.54.06.png,ROI_47,19770.0,0.0,0.95,Redundant Row Value Mismatch
2025-12-16 17.58.15.png,2025-12-16 17.58.13.png,ROI_47,33550.0,33530.0,0.95,Redundant Row Value Mismatch
2025-12-16 17.58.18.png,2025-12-16 17.58.15.png,ROI_47,33530.0,33550.0,0.95,Redundant Row Value Mismatch
2025-12-16 18.04.04.png,2025-12-16 18.04.01.png,ROI_47,2920949.0,19790.0,0.95,Redundant Row Value Mismatch
2025-12-16 18.06.24.png,2025-12-16 18.06.21.png,ROI_35,21111,2111,0.95,Redundant Row Value Mismatch
2025-12-16 18.07.48.png,2025-12-16 18.07.45.png,ROI_49,195,1195,0.95,Redundant Row Value Mismatch
2025-12-16 18.11.51.png,2025-12-16 18.11.48.png,ROI_47,0.0,19710.0,0.95,Redundant Row Value Mismatch
2025-12-16 18.13.58.png,2025-12-16 18.13.55.png,ROI_45,4444,44444,0.95,Redundant Row Value Mismatch
2025-12-16 18.20.41.png,2025-12-16 18.20.38.png,ROI_41,3471,3462,0.85,Redundant Row Value Mismatch
2025-12-16 18.20.41.png,2025-12-16 18.20.38.png,ROI_47,71780.0,71880.0,0.85,Redundant Row Value Mismatch
2025-12-16 18.20.41.png,2025-12-16 18.20.38.png,ROI_49,5387,5529,0.85,Redundant Row Value Mismatch
2025-12-16 18.20.44.png,2025-12-16 18.20.41.png,ROI_41,4043,3471,0.85,Redundant Row Value Mismatch
2025-12-16 18.20.44.png,2025-12-16 18.20.41.png,ROI_47,71870.0,71780.0,0.85,Redundant Row Value Mismatch
2025-12-16 18.20.44.png,2025-12-16 18.20.41.png,ROI_49,5292,5387,0.85,Redundant Row Value Mismatch
2025-12-16 18.21.06.png,2025-12-16 18.21.03.png,ROI_41,3493,4061,0.85,Redundant Row Value Mismatch
2025-12-16 18.21.06.png,2025-12-16 18.21.03.png,ROI_47,71850.0,71880.0,0.85,Redundant Row Value Mismatch
2025-12-16 18.21.06.png,2025-12-16 18.21.03.png,ROI_49,5502,5248,0.85,Redundant Row Value Mismatch
2025-12-16 18.21.08.png,2025-12-16 18.21.06.png,ROI_49,502,5502,0.95,Redundant Row Value Mismatch
2025-12-16 18.21.11.png,2025-12-16 18.21.08.png,ROI_41,3427,3493,0.8,Redundant Row Value Mismatch
2025-12-16 18.21.11.png,2025-12-16 18.21.08.png,ROI_43,8366,8365,0.8,Redundant Row Value Mismatch
2025-12-16 18.21.11.png,2025-12-16 18.21.08.png,ROI_47,71860.0,71850.0,0.8,Redundant Row Value Mismatch
2025-12-16 18.21.11.png,2025-12-16 18.21.08.png,ROI_49,5299,502,0.8,Redundant Row Value Mismatch
2025-12-16 18.21.17.png,2025-12-16 18.21.14.png,ROI_32,85,86,0.8,Redundant Row Value Mismatch
2025-12-16 18.21.17.png,2025-12-16 18.21.14.png,ROI_41,3457,3427,0.8,Redundant Row Value Mismatch
2025-12-16 18.21.17.png,2025-12-16 18.21.14.png,ROI_47,71870.0,71860.0,0.8,Redundant Row Value Mismatch
2025-12-16 18.21.17.png,2025-12-16 18.21.14.png,ROI_49,5280,5299,0.8,Redundant Row Value Mismatch
2025-12-16 18.21.49.png,2025-12-16 18.21.40.png,ROI_41,3454,3429,0.85,Redundant Row Value Mismatch
2025-12-16 18.21.49.png,2025-12-16 18.21.40.png,ROI_47,71890.0,71850.0,0.85,Redundant Row Value Mismatch
2025-12-16 18.21.49.png,2025-12-16 18.21.40.png,ROI_49,5455,5511,0.85,Redundant Row Value Mismatch
2025-12-16 18.22.01.png,2025-12-16 18.21.58.png,ROI_43,836,8366,0.95,Redundant Row Value Mismatch
2025-12-16 18.22.03.png,2025-12-16 18.22.01.png,ROI_43,8366,836,0.95,Redundant Row Value Mismatch
2025-12-16 18.22.06.png,2025-12-16 18.22.03.png,ROI_49,545,5455,0.95,Redundant Row Value Mismatch
2025-12-16 18.22.09.png,2025-12-16 18.22.06.png,ROI_49,5455,545,0.95,Redundant Row Value Mismatch
2025-12-16 18.22.49.png,2025-12-16 18.22.45.png,ROI_49,545,5455,0.95,Redundant Row Value Mismatch
2025-12-16 18.22.52.png,2025-12-16 18.22.49.png,ROI_49,5455,545,0.95,Redundant Row Value Mismatch
2025-12-16 18.23.12.png,2025-12-16 18.23.10.png,ROI_43,836,8366,0.95,Redundant Row Value Mismatch
2025-12-16 18.23.15.png,2025-12-16 18.23.12.png,ROI_43,8366,836,0.9,Redundant Row Value Mismatch
2025-12-16 18.23.15.png,2025-12-16 18.23.12.png,ROI_49,545,5455,0.9,Redundant Row Value Mismatch
2025-12-16 18.23.26.png,2025-12-16 18.23.15.png,ROI_49,5455,545,0.95,Redundant Row Value Mismatch
