Filename,Timestamp,ROI_ID,Value,Reason
2025-12-16 17.20.37.png,17:10:16,ROI_21,10,Statistical Outlier (Likely Missing Decimal)
2025-12-16 17.28.02.png,17:17:41,ROI_21,10,Statistical Outlier (Likely Missing Decimal)
2025-12-16 17.28.11.png,17:17:51,ROI_21,10000,Statistical Outlier (Likely Missing Decimal)
2025-12-16 17.28.37.png,17:18:16,ROI_21,1000,Statistical Outlier (Likely Missing Decimal)
2025-12-16 17.34.02.png,17:23:41,ROI_21,10000,Statistical Outlier (Likely Missing Decimal)
2025-12-16 17.35.02.png,17:24:41,ROI_21,10000,Statistical Outlier (Likely Missing Decimal)
2025-12-16 17.37.11.png,17:26:50,ROI_21,10,Statistical Outlier (Likely Missing Decimal)
2025-12-16 17.39.43.png,17:29:23,ROI_21,10,Statistical Outlier (Likely Missing Decimal)
2025-12-16 17.41.40.png,17:31:19,ROI_21,10,Statistical Outlier (Likely Missing Decimal)
2025-12-16 17.43.22.png,17:33:03,ROI_21,10,Statistical Outlier (Likely Missing Decimal)
2025-12-16 17.43.34.png,17:33:13,ROI_21,10,Statistical Outlier (Likely Missing Decimal)
2025-12-16 17.46.33.png,17:36:12,ROI_21,10,Statistical Outlier (Likely Missing Decimal)
2025-12-16 17.54.27.png,17:44:08,ROI_21,10,Statistical Outlier (Likely Missing Decimal)
2025-12-16 18.00.43.png,17:50:21,ROI_21,10000,Statistical Outlier (Likely Missing Decimal)
2025-12-16 18.00.56.png,17:50:36,ROI_21,10,Statistical Outlier (Likely Missing Decimal)
2025-12-16 18.06.00.png,17:55:39,ROI_21,10,Statistical Outlier (Likely Missing Decimal)
2025-12-16 18.06.29.png,17:56:09,ROI_21,10,Statistical Outlier (Likely Missing Decimal)
2025-12-16 18.09.14.png,17:58:54,ROI_21,10,Statistical Outlier (Likely Missing Decimal)
2025-12-16 18.12.03.png,18:01:42,ROI_21,10,Statistical Outlier (Likely Missing Decimal)
2025-12-16 18.14.07.png,18:03:48,ROI_21,10,Statistical Outlier (Likely Missing Decimal)
2025-12-16 18.14.18.png,18:03:58,ROI_21,10,Statistical Outlier (Likely Missing Decimal)
2025-12-16 18.20.44.png,18:10:23,ROI_21,0,Statistical Outlier (Likely Missing Decimal)
2025-12-16 18.20.48.png,18:10:29,ROI_21,0,Statistical Outlier (Likely Missing Decimal)
2025-12-16 18.20.54.png,18:10:34,ROI_21,0,Statistical Outlier (Likely Missing Decimal)
2025-12-16 18.21.06.png,18:10:43,ROI_21,0,Statistical Outlier (Likely Missing Decimal)
2025-12-16 18.21.11.png,18:10:49,ROI_21,0,Statistical Outlier (Likely Missing Decimal)
2025-12-16 18.21.17.png,18:10:55,ROI_21,0,Statistical Outlier (Likely Missing Decimal)
2025-12-16 18.21.20.png,18:11:00,ROI_21,0,Statistical Outlier (Likely Missing Decimal)
2025-12-16 18.21.26.png,18:11:05,ROI_21,0,Statistical Outlier (Likely Missing Decimal)
2025-12-16 18.21.31.png,18:11:10,ROI_21,0,Statistical Outlier (Likely Missing Decimal)
2025-12-16 18.21.37.png,18:11:16,ROI_21,0,Statistical Outlier (Likely Missing Decimal)
2025-12-16 18.21.40.png,18:11:21,ROI_21,0,Statistical Outlier (Likely Missing Decimal)
2025-12-16 18.23.26.png,18:11:26,ROI_21,0,Statistical Outlier (Likely Missing Decimal)
2025-12-16 18.20.44.png,18:10:23,ROI_23,0.3,Statistical Outlier (Likely Missing Decimal)
2025-12-16 18.20.48.png,18:10:29,ROI_23,0.3,Statistical Outlier (Likely Missing Decimal)
2025-12-16 18.21.06.png,18:10:43,ROI_23,0.3,Statistical Outlier (Likely Missing Decimal)
2025-12-16 18.21.11.png,18:10:49,ROI_23,0.3,Statistical Outlier (Likely Missing Decimal)
2025-12-16 18.21.17.png,18:10:55,ROI_23,0.3,Statistical Outlier (Likely Missing Decimal)
2025-12-16 18.21.20.png,18:11:00,ROI_23,0.3,Statistical Outlier (Likely Missing Decimal)
2025-12-16 18.21.26.png,18:11:05,ROI_23,0.3,Statistical Outlier (Likely Missing Decimal)
2025-12-16 18.21.40.png,18:11:21,ROI_23,0.3,Statistical Outlier (Likely Missing Decimal)
2025-12-16 18.23.26.png,18:11:26,ROI_23,0.3,Statistical Outlier (Likely Missing Decimal)
2025-12-16 18.19.07.png,14,ROI_52,14,Invalid Time
2025-12-16 17.16.57.png,17:06:37,ROI_23,5.7.723,Invalid Float
2025-12-16 17.17.11.png,17:06:52,ROI_23,5.7.7233,Invalid Float
2025-12-16 17.17.28.png,17:07:07,ROI_23,5.7.724,Invalid Float
2025-12-16 17.17.40.png,17:07:18,ROI_23,5.7.7118,Invalid Float
2025-12-16 17.17.58.png,17:07:38,ROI_23,5.7.7723,Invalid Float
2025-12-16 17.18.08.png,17:07:48,ROI_23,5.7221,Suspicious Pattern (>3 decimals)
2025-12-16 17.18.50.png,17:08:29,ROI_23,5.7.7.716,Invalid Float
2025-12-16 17.18.59.png,17:08:39,ROI_23,5.72002,Suspicious Pattern (>3 decimals)
2025-12-16 17.19.41.png,17:09:20,ROI_23,5.7.726,Invalid Float
2025-12-16 17.20.00.png,17:09:41,ROI_23,5.72.7225,Invalid Float
2025-12-16 17.20.32.png,17:10:11,ROI_23,5.7.725,Invalid Float
2025-12-16 17.20.46.png,17:10:26,ROI_23,5.7.7200,Invalid Float
2025-12-16 17.21.06.png,17:10:46,ROI_23,5.72121,Suspicious Pattern (>3 decimals)
2025-12-16 17.21.17.png,17:10:56,ROI_23,5.72.72200,Invalid Float
2025-12-16 17.21.37.png,17:11:17,ROI_23,5.72.725,Invalid Float
2025-12-16 17.21.52.png,17:11:33,ROI_23,5.71.71919,Invalid Float
2025-12-16 17.22.18.png,17:11:59,ROI_23,5.722.7200,Invalid Float
2025-12-16 17.23.04.png,17:12:45,ROI_23,5.7.7272,Invalid Float
2025-12-16 17.23.20.png,17:13:01,ROI_23,5.7.728,Invalid Float
2025-12-16 17.23.41.png,17:13:21,ROI_23,5.72.7200,Invalid Float
2025-12-16 17.24.01.png,17:13:41,ROI_23,5.7.7272,Invalid Float
2025-12-16 17.27.07.png,17:16:48,ROI_23,5.7.724,Invalid Float
2025-12-16 17.27.51.png,17:17:31,ROI_23,5.72.7226,Invalid Float
2025-12-16 17.28.08.png,17:17:46,ROI_23,5.718.718,Invalid Float
2025-12-16 17.28.11.png,17:17:51,ROI_23,5.7.728,Invalid Float
2025-12-16 17.28.52.png,17:18:32,ROI_23,5.72.7225,Invalid Float
2025-12-16 17.29.16.png,17:18:57,ROI_23,5.72121,Suspicious Pattern (>3 decimals)
2025-12-16 17.29.31.png,17:19:12,ROI_23,5.72.7226,Invalid Float
2025-12-16 17.29.40.png,17:19:22,ROI_23,5.7.725,Invalid Float
2025-12-16 17.30.53.png,17:20:31,ROI_23,5.72323,Suspicious Pattern (>3 decimals)
2025-12-16 17.31.02.png,17:20:41,ROI_23,5.7117,Suspicious Pattern (>3 decimals)
2025-12-16 17.31.18.png,17:20:56,ROI_23,5.7272,Suspicious Pattern (>3 decimals)
2025-12-16 17.31.21.png,17:21:02,ROI_23,5.719071,Suspicious Pattern (>3 decimals)
2025-12-16 17.31.41.png,17:21:22,ROI_23,5.7.71919,Invalid Float
2025-12-16 17.31.47.png,17:21:27,ROI_23,5.7.7272,Invalid Float
2025-12-16 17.32.26.png,17:22:07,ROI_23,5.7.7272,Invalid Float
2025-12-16 17.32.32.png,17:22:12,ROI_23,5.7.721,Invalid Float
2025-12-16 17.32.36.png,17:22:17,ROI_23,5.7.72727,Invalid Float
2025-12-16 17.32.48.png,17:22:27,ROI_23,5.7.725,Invalid Float
2025-12-16 17.32.51.png,17:22:32,ROI_23,5.7.72000,Invalid Float
2025-12-16 17.33.35.png,17:23:15,ROI_23,5.72.723,Invalid Float
2025-12-16 17.33.50.png,17:23:30,ROI_23,5.7.724,Invalid Float
2025-12-16 17.34.30.png,17:24:11,ROI_23,5.7.7228,Invalid Float
2025-12-16 17.35.10.png,17:24:51,ROI_23,5.724.724,Invalid Float
2025-12-16 17.35.35.png,17:25:16,ROI_23,5.7.719,Invalid Float
2025-12-16 17.35.50.png,17:25:31,ROI_23,5.7.7223,Invalid Float
2025-12-16 17.36.30.png,17:26:09,ROI_23,5.7.722,Invalid Float
2025-12-16 17.36.44.png,17:26:24,ROI_23,5.7.7272,Invalid Float
2025-12-16 17.37.19.png,17:27:00,ROI_23,5.7.724,Invalid Float
2025-12-16 17.37.05.png,17:27:26:45,ROI_52,17:27:26:45,Invalid Time
2025-12-16 17.39.49.png,17:27:29:29,ROI_52,17:27:29:29,Invalid Time
2025-12-16 17.37.54.png,17:27:35,ROI_23,5.7.724,Invalid Float
2025-12-16 17.38.34.png,17:28:15,ROI_23,5.7.726,Invalid Float
2025-12-16 17.39.23.png,17:29:03,ROI_23,5.72121,Suspicious Pattern (>3 decimals)
2025-12-16 17.39.37.png,17:29:18,ROI_23,5.729.729,Invalid Float
2025-12-16 17.39.54.png,17:29:34,ROI_23,5.7.7.722,Invalid Float
2025-12-16 17.40.04.png,17:29:44,ROI_23,5.7.77200,Invalid Float
2025-12-16 17.40.23.png,17:30:04,ROI_23,5.7.721,Invalid Float
2025-12-16 17.40.45.png,17:30:24,ROI_23,5.7.723,Invalid Float
2025-12-16 17.41.48.png,17:31:29,ROI_23,5.726226,Suspicious Pattern (>3 decimals)
2025-12-16 17.42.13.png,17:31:52,ROI_23,5.7.723,Invalid Float
2025-12-16 17.42.16.png,17:31:57,ROI_23,5.72.721,Invalid Float
2025-12-16 17.42.41.png,17:32:22,ROI_23,5.727227,Suspicious Pattern (>3 decimals)
2025-12-16 17.42.57.png,17:32:37,ROI_23,5.7.71717,Invalid Float
2025-12-16 17.43.17.png,17:32:58,ROI_23,5.719071,Suspicious Pattern (>3 decimals)
2025-12-16 17.43.37.png,17:33:18,ROI_23,5.7.7118,Invalid Float
2025-12-16 17.44.18.png,17:33:58,ROI_23,5.72.72020,Invalid Float
2025-12-16 17.45.06.png,17:34:47,ROI_23,5.7.725,Invalid Float
2025-12-16 17.46.02.png,17:35:42,ROI_23,5.7.723,Invalid Float
2025-12-16 17.46.08.png,17:35:47,ROI_23,5.7.724,Invalid Float
2025-12-16 17.46.33.png,17:36:12,ROI_23,5.722222,Suspicious Pattern (>3 decimals)
2025-12-16 17.46.57.png,17:36:37,ROI_23,5.7.7.726,Invalid Float
2025-12-16 17.47.03.png,17:36:42,ROI_23,5.72.7223,Invalid Float
2025-12-16 17.47.11.png,17:36:52,ROI_23,5.7.72,Invalid Float
2025-12-16 17.47.26.png,17:37:07,ROI_23,5.726226,Suspicious Pattern (>3 decimals)
2025-12-16 17.54.17.png,17:43:57,ROI_23,5.7.727,Invalid Float
2025-12-16 17.54.27.png,17:44:08,ROI_23,5.7.723,Invalid Float
2025-12-16 17.54.42.png,17:44:23,ROI_23,5.7.71716,Invalid Float
2025-12-16 17.54.51.png,17:44:33,ROI_23,5.7.71717,Invalid Float
2025-12-16 17.55.34.png,17:45:13,ROI_23,5.7.71715,Invalid Float
2025-12-16 17.55.48.png,17:45:28,ROI_23,5.7.77272,Invalid Float
2025-12-16 17.56.17.png,17:45:58,ROI_23,5.726226,Suspicious Pattern (>3 decimals)
2025-12-16 17.56.28.png,17:46:08,ROI_23,5.7.7224,Invalid Float
2025-12-16 17.56.49.png,17:46:28,ROI_23,5.7.724,Invalid Float
2025-12-16 17.58.35.png,17:48:15,ROI_23,5.7.7200,Invalid Float
2025-12-16 17.58.40.png,17:48:20,ROI_23,5.728288,Suspicious Pattern (>3 decimals)
2025-12-16 17.58.54.png,17:48:35,ROI_23,5.711717,Suspicious Pattern (>3 decimals)
2025-12-16 17.59.09.png,17:48:50,ROI_23,5.7.722,Invalid Float
2025-12-16 17.59.21.png,17:49,ROI_52,17:49,Invalid Time
2025-12-16 17.59.41.png,17:49:20,ROI_23,5.724244,Suspicious Pattern (>3 decimals)
2025-12-16 18.00.16.png,17:49:56,ROI_23,5.722222,Suspicious Pattern (>3 decimals)
2025-12-16 18.01.02.png,17:50:42,ROI_23,5.7.727,Invalid Float
2025-12-16 18.02.16.png,17:51:56,ROI_23,5.72424,Suspicious Pattern (>3 decimals)
2025-12-16 18.02.41.png,17:52:21,ROI_23,5.7.721,Invalid Float
2025-12-16 18.02.57.png,17:52:37,ROI_23,5.7.727,Invalid Float
2025-12-16 18.04.13.png,17:53:54,ROI_23,5.7.721,Invalid Float
2025-12-16 18.05.08.png,17:54:49,ROI_23,5.7.7222,Invalid Float
2025-12-16 18.07.41.png,17:57:23,ROI_23,5.7.724,Invalid Float
2025-12-16 18.08.17.png,17:57:58,ROI_23,5.7202,Suspicious Pattern (>3 decimals)
2025-12-16 18.08.24.png,17:58:03,ROI_23,5.7.722,Invalid Float
2025-12-16 18.08.34.png,17:58:13,ROI_23,5.7.725,Invalid Float
2025-12-16 18.09.08.png,17:58:48,ROI_23,5.7.7723,Invalid Float
2025-12-16 18.09.57.png,17:59:37,ROI_23,5.72.724,Invalid Float
2025-12-16 18.11.36.png,18:01:17,ROI_23,5.7.722,Invalid Float
2025-12-16 18.11.51.png,18:01:31,ROI_23,5.7272,Suspicious Pattern (>3 decimals)
2025-12-16 18.12.17.png,18:01:57,ROI_23,5.7.722,Invalid Float
2025-12-16 18.13.29.png,18:03:08,ROI_23,5.7.7300,Invalid Float
2025-12-16 18.14.25.png,18:04:04,ROI_23,5.7.717,Invalid Float
2025-12-16 18.14.28.png,18:04:09,ROI_23,5.7.727,Invalid Float
2025-12-16 18.19.19.png,18:08:57,ROI_23,5.7272,Suspicious Pattern (>3 decimals)
2025-12-16 18.19.39.png,18:09:19,ROI_23,5.7222,Suspicious Pattern (>3 decimals)
2025-12-16 18.19.42.png,18:09:24,ROI_23,5.7.724,Invalid Float
2025-12-16 18.20.25.png,18:10:04,ROI_23,5.7.719,Invalid Float
2025-12-16 18.20.28.png,18:10:09,ROI_23,5.7.7228,Invalid Float
2025-12-16 18.20.54.png,18:10:34,ROI_23,0.3.3000,Invalid Float
2025-12-16 18.21.31.png,18:11:10,ROI_23,0.300.30,Invalid Float
2025-12-16 18.21.37.png,18:11:16,ROI_23,0.300.300,Invalid Float
