Filename,Timestamp,ROI_ID,Value,Reason
2025-12-16 17.17.58.png,17:07:38,ROI_13,0,Statistical Outlier (Likely Missing Decimal)
2025-12-16 17.23.04.png,17:12:45,ROI_13,0,Statistical Outlier (Likely Missing Decimal)
2025-12-16 17.27.18.png,17:16:58,ROI_13,0,Statistical Outlier (Likely Missing Decimal)
2025-12-16 17.34.02.png,17:23:41,ROI_13,0,Statistical Outlier (Likely Missing Decimal)
2025-12-16 17.41.00.png,17:30:39,ROI_13,0,Statistical Outlier (Likely Missing Decimal)
2025-12-16 18.20.44.png,18:10:23,ROI_13,0,Statistical Outlier (Likely Missing Decimal)
2025-12-16 18.20.48.png,18:10:29,ROI_13,0,Statistical Outlier (Likely Missing Decimal)
2025-12-16 18.20.54.png,18:10:34,ROI_13,0,Statistical Outlier (Likely Missing Decimal)
2025-12-16 18.21.06.png,18:10:43,ROI_13,0,Statistical Outlier (Likely Missing Decimal)
2025-12-16 18.21.11.png,18:10:49,ROI_13,0,Statistical Outlier (Likely Missing Decimal)
2025-12-16 18.21.17.png,18:10:55,ROI_13,0,Statistical Outlier (Likely Missing Decimal)
2025-12-16 18.21.20.png,18:11:00,ROI_13,0,Statistical Outlier (Likely Missing Decimal)
2025-12-16 18.21.26.png,18:11:05,ROI_13,0,Statistical Outlier (Likely Missing Decimal)
2025-12-16 18.21.31.png,18:11:10,ROI_13,0,Statistical Outlier (Likely Missing Decimal)
2025-12-16 18.21.37.png,18:11:16,ROI_13,0,Statistical Outlier (Likely Missing Decimal)
2025-12-16 18.21.40.png,18:11:21,ROI_13,0,Statistical Outlier (Likely Missing Decimal)
2025-12-16 18.23.26.png,18:11:26,ROI_13,0,Statistical Outlier (Likely Missing Decimal)
2025-12-16 18.20.44.png,18:10:23,ROI_16,0.0001,Statistical Outlier (Likely Missing Decimal)
2025-12-16 18.21.06.png,18:10:43,ROI_16,0.0001,Statistical Outlier (Likely Missing Decimal)
2025-12-16 18.21.17.png,18:10:55,ROI_16,0.0001,Statistical Outlier (Likely Missing Decimal)
2025-12-16 18.21.20.png,18:11:00,ROI_16,0.000001,Statistical Outlier (Likely Missing Decimal)
2025-12-16 18.21.26.png,18:11:05,ROI_16,0.0001,Statistical Outlier (Likely Missing Decimal)
2025-12-16 18.21.31.png,18:11:10,ROI_16,0.0001,Statistical Outlier (Likely Missing Decimal)
2025-12-16 18.21.40.png,18:11:21,ROI_16,0.0001,Statistical Outlier (Likely Missing Decimal)
2025-12-16 18.23.26.png,18:11:26,ROI_16,0.001,Statistical Outlier (Likely Missing Decimal)
2025-12-16 18.20.44.png,18:10:23,ROI_18,0.0,Statistical Outlier (Likely Missing Decimal)
2025-12-16 18.20.48.png,18:10:29,ROI_18,0.0,Statistical Outlier (Likely Missing Decimal)
2025-12-16 18.20.54.png,18:10:34,ROI_18,0.0,Statistical Outlier (Likely Missing Decimal)
2025-12-16 18.21.06.png,18:10:43,ROI_18,0.0,Statistical Outlier (Likely Missing Decimal)
2025-12-16 18.21.11.png,18:10:49,ROI_18,0.0,Statistical Outlier (Likely Missing Decimal)
2025-12-16 18.21.17.png,18:10:55,ROI_18,0.0,Statistical Outlier (Likely Missing Decimal)
2025-12-16 18.21.20.png,18:11:00,ROI_18,0.0,Statistical Outlier (Likely Missing Decimal)
2025-12-16 18.21.26.png,18:11:05,ROI_18,0.0,Statistical Outlier (Likely Missing Decimal)
2025-12-16 18.21.31.png,18:11:10,ROI_18,0.0,Statistical Outlier (Likely Missing Decimal)
2025-12-16 18.21.37.png,18:11:16,ROI_18,0.0,Statistical Outlier (Likely Missing Decimal)
2025-12-16 18.23.26.png,18:11:26,ROI_18,0.0,Statistical Outlier (Likely Missing Decimal)
2025-12-16 18.19.07.png,14,ROI_52,14,Invalid Time
2025-12-16 17.16.01.png,17:05:41,ROI_16,1.81919,Suspicious Pattern (>3 decimals)
2025-12-16 17.16.18.png,17:05:57,ROI_16,1.845455,Suspicious Pattern (>3 decimals)
2025-12-16 17.16.18.png,17:05:57,ROI_18,9.1774,Suspicious Pattern (>3 decimals)
2025-12-16 17.16.26.png,17:06:07,ROI_18,9.17676.176,Invalid Float
2025-12-16 17.16.52.png,17:06:32,ROI_16,1.8284,Suspicious Pattern (>3 decimals)
2025-12-16 17.17.40.png,17:07:18,ROI_18,9.2.201,Invalid Float
2025-12-16 17.17.52.png,17:07:33,ROI_16,1.8264,Suspicious Pattern (>3 decimals)
2025-12-16 17.18.08.png,17:07:48,ROI_18,9.1117.17,Invalid Float
2025-12-16 17.18.23.png,17:08:04,ROI_18,9.15151,Suspicious Pattern (>3 decimals)
2025-12-16 17.18.59.png,17:08:39,ROI_16,1.8333,Suspicious Pattern (>3 decimals)
2025-12-16 17.19.18.png,17:08:59,ROI_16,1.816166,Suspicious Pattern (>3 decimals)
2025-12-16 17.19.52.png,17:09:30,ROI_18,9.12225,Suspicious Pattern (>3 decimals)
2025-12-16 17.20.21.png,17:10:01,ROI_18,9.1779,Suspicious Pattern (>3 decimals)
2025-12-16 17.20.51.png,17:10:31,ROI_16,1.8284228,Suspicious Pattern (>3 decimals)
2025-12-16 17.21.20.png,17:11:02,ROI_16,1.828228,Suspicious Pattern (>3 decimals)
2025-12-16 17.21.52.png,17:11:33,ROI_18,9.139.139,Invalid Float
2025-12-16 17.22.18.png,17:11:59,ROI_18,9.<|im_start|> 119,Invalid Float
2025-12-16 17.22.35.png,17:12:14,ROI_18,9.<|im_start|> <|im_start|> 1.140,Invalid Float
2025-12-16 17.22.41.png,17:12:19,ROI_18,9.06.068,Invalid Float
2025-12-16 17.22.49.png,17:12:30,ROI_18,9.168.168,Invalid Float
2025-12-16 17.22.55.png,17:12:35,ROI_16,1.8233,Suspicious Pattern (>3 decimals)
2025-12-16 17.23.52.png,17:13:31,ROI_16,1.8333,Suspicious Pattern (>3 decimals)
2025-12-16 17.24.07.png,17:13:47,ROI_18,9.13.136336,Invalid Float
2025-12-16 17.26.52.png,17:16:33,ROI_18,9.177888,Suspicious Pattern (>3 decimals)
2025-12-16 17.27.51.png,17:17:31,ROI_16,1.824244,Suspicious Pattern (>3 decimals)
2025-12-16 17.28.08.png,17:17:46,ROI_18,9.12.121,Invalid Float
2025-12-16 17.28.26.png,17:18:06,ROI_18,9.111112,Suspicious Pattern (>3 decimals)
2025-12-16 17.28.58.png,17:18:37,ROI_16,1.8333,Suspicious Pattern (>3 decimals)
2025-12-16 17.29.28.png,17:19:07,ROI_18,9.<|im_start|> <|im_start|> 1.134,Invalid Float
2025-12-16 17.29.31.png,17:19:12,ROI_18,9.14747.147,Invalid Float
2025-12-16 17.29.37.png,17:19:17,ROI_18,9.<|im_start|> <|im_start|> 9.062,Invalid Float
2025-12-16 17.31.41.png,17:21:22,ROI_18,9.12.124,Invalid Float
2025-12-16 17.32.01.png,17:21:42,ROI_16,1.8.818,Invalid Float
2025-12-16 17.32.13.png,17:21:52,ROI_16,1.8433,Suspicious Pattern (>3 decimals)
2025-12-16 17.32.13.png,17:21:52,ROI_18,9.0.081,Invalid Float
2025-12-16 17.32.16.png,17:21:57,ROI_16,1.8284,Suspicious Pattern (>3 decimals)
2025-12-16 17.32.26.png,17:22:07,ROI_16,1.8433,Suspicious Pattern (>3 decimals)
2025-12-16 17.32.26.png,17:22:07,ROI_18,9.<|im_start|> <|im_start|> 170,Invalid Float
2025-12-16 17.33.03.png,17:22:42,ROI_16,1.8264,Suspicious Pattern (>3 decimals)
2025-12-16 17.33.50.png,17:23:30,ROI_18,9.<|im_start|> <|im_start|> 103,Invalid Float
2025-12-16 17.34.02.png,17:23:41,ROI_16,1.8333,Suspicious Pattern (>3 decimals)
2025-12-16 17.34.27.png,17:24:06,ROI_16,1.8284,Suspicious Pattern (>3 decimals)
2025-12-16 17.34.35.png,17:24:16,ROI_16,1.8264,Suspicious Pattern (>3 decimals)
2025-12-16 17.34.50.png,17:24:31,ROI_18,9.1115,Suspicious Pattern (>3 decimals)
2025-12-16 17.35.20.png,17:25:01,ROI_18,9.171771,Suspicious Pattern (>3 decimals)
2025-12-16 17.36.44.png,17:26:24,ROI_16,1.7.788,Invalid Float
2025-12-16 17.36.53.png,17:26:34,ROI_16,1.8338,Suspicious Pattern (>3 decimals)
2025-12-16 17.37.11.png,17:26:50,ROI_16,1.8333,Suspicious Pattern (>3 decimals)
2025-12-16 17.37.36.png,17:27:15,ROI_16,1.8333,Suspicious Pattern (>3 decimals)
2025-12-16 17.37.39.png,17:27:20,ROI_18,9.14141,Suspicious Pattern (>3 decimals)
2025-12-16 17.37.05.png,17:27:26:45,ROI_52,17:27:26:45,Invalid Time
2025-12-16 17.39.49.png,17:27:29:29,ROI_52,17:27:29:29,Invalid Time
2025-12-16 17.37.54.png,17:27:35,ROI_18,9.199.199,Invalid Float
2025-12-16 17.38.41.png,17:28:20,ROI_16,1.8484,Suspicious Pattern (>3 decimals)
2025-12-16 17.39.34.png,17:29:13,ROI_16,1.8284,Suspicious Pattern (>3 decimals)
2025-12-16 17.39.46.png,17:29:29,ROI_16,1.8233,Suspicious Pattern (>3 decimals)
2025-12-16 17.40.23.png,17:30:04,ROI_16,1.8338,Suspicious Pattern (>3 decimals)
2025-12-16 17.40.38.png,17:30:19,ROI_18,9.1115,Suspicious Pattern (>3 decimals)
2025-12-16 17.40.48.png,17:30:29,ROI_18,9.12228,Suspicious Pattern (>3 decimals)
2025-12-16 17.40.54.png,17:30:34,ROI_16,1.8284,Suspicious Pattern (>3 decimals)
2025-12-16 17.41.46.png,17:31:24,ROI_18,9.13.1331,Invalid Float
2025-12-16 17.42.16.png,17:31:57,ROI_16,1.7.791,Invalid Float
2025-12-16 17.42.41.png,17:32:22,ROI_16,1.8233,Suspicious Pattern (>3 decimals)
2025-12-16 17.42.41.png,17:32:22,ROI_18,9.<|im_start|> <|im_start|> 196,Invalid Float
2025-12-16 17.42.48.png,17:32:27,ROI_16,1.8.8334,Invalid Float
2025-12-16 17.43.08.png,17:32:48,ROI_18,9.<|im_start|> <|im_start|> 166,Invalid Float
2025-12-16 17.43.28.png,17:33:08,ROI_16,1.8284,Suspicious Pattern (>3 decimals)
2025-12-16 17.43.28.png,17:33:08,ROI_18,9.2.2008,Invalid Float
2025-12-16 17.44.43.png,17:34:23,ROI_18,9.<|im_start|> <|im_start|> 139,Invalid Float
2025-12-16 17.46.11.png,17:35:52,ROI_16,1.8.837,Invalid Float
2025-12-16 17.46.21.png,17:36:02,ROI_16,1.82.8284,Invalid Float
2025-12-16 17.46.53.png,17:36:32,ROI_16,1.82828,Suspicious Pattern (>3 decimals)
2025-12-16 17.54.51.png,17:44:33,ROI_18,9.0.099.09,Invalid Float
2025-12-16 17.55.07.png,17:44:48,ROI_16,1.8.831,Invalid Float
2025-12-16 17.55.34.png,17:45:13,ROI_16,1.8433,Suspicious Pattern (>3 decimals)
2025-12-16 17.56.03.png,17:45:43,ROI_18,9.119.119,Invalid Float
2025-12-16 17.56.17.png,17:45:58,ROI_16,1.7.787,Invalid Float
2025-12-16 17.56.28.png,17:46:08,ROI_18,9.2.203,Invalid Float
2025-12-16 17.56.57.png,17:46:38,ROI_16,1.80808,Suspicious Pattern (>3 decimals)
2025-12-16 17.58.35.png,17:48:15,ROI_18,9.0.0.086,Invalid Float
2025-12-16 17.58.49.png,17:48:30,ROI_16,1.8484,Suspicious Pattern (>3 decimals)
2025-12-16 17.59.21.png,17:49,ROI_18,9.1.146,Invalid Float
2025-12-16 17.59.21.png,17:49,ROI_52,17:49,Invalid Time
2025-12-16 17.59.34.png,17:49:15,ROI_16,1.8333,Suspicious Pattern (>3 decimals)
2025-12-16 17.59.41.png,17:49:20,ROI_18,9.15.156,Invalid Float
2025-12-16 18.00.22.png,17:50:01,ROI_18,9.14.141,Invalid Float
2025-12-16 18.00.25.png,17:50:06,ROI_16,1.8433,Suspicious Pattern (>3 decimals)
2025-12-16 18.00.25.png,17:50:06,ROI_18,9.13.130330,Invalid Float
2025-12-16 18.00.31.png,17:50:11,ROI_18,9.2044,Suspicious Pattern (>3 decimals)
2025-12-16 18.00.51.png,17:50:32,ROI_16,1.8284,Suspicious Pattern (>3 decimals)
2025-12-16 18.02.10.png,17:51:51,ROI_18,9.1557,Suspicious Pattern (>3 decimals)
2025-12-16 18.03.12.png,17:52:52,ROI_18,9.1818181,Suspicious Pattern (>3 decimals)
2025-12-16 18.03.21.png,17:53:02,ROI_16,1.8233,Suspicious Pattern (>3 decimals)
2025-12-16 18.03.27.png,17:53:07,ROI_16,1.81818,Suspicious Pattern (>3 decimals)
2025-12-16 18.03.53.png,17:53:22,ROI_16,1.80.8000,Invalid Float
2025-12-16 18.03.58.png,17:53:39,ROI_18,9.11111,Suspicious Pattern (>3 decimals)
2025-12-16 18.04.04.png,17:53:44,ROI_18,9.122.125,Invalid Float
2025-12-16 18.04.13.png,17:53:54,ROI_16,1.84949,Suspicious Pattern (>3 decimals)
2025-12-16 18.05.08.png,17:54:49,ROI_16,1.8.841,Invalid Float
2025-12-16 18.05.08.png,17:54:49,ROI_18,9.17.178,Invalid Float
2025-12-16 18.05.14.png,17:54:54,ROI_16,1.8333,Suspicious Pattern (>3 decimals)
2025-12-16 18.05.20.png,17:54:59,ROI_16,1.7.799,Invalid Float
2025-12-16 18.05.38.png,17:55:19,ROI_16,1.7.797,Invalid Float
2025-12-16 18.05.44.png,17:55:24,ROI_16,1.8433,Suspicious Pattern (>3 decimals)
2025-12-16 18.06.09.png,17:55:49,ROI_18,9.2.216,Invalid Float
2025-12-16 18.06.24.png,17:56:04,ROI_16,1.8336,Suspicious Pattern (>3 decimals)
2025-12-16 18.06.24.png,17:56:04,ROI_18,9.18181,Suspicious Pattern (>3 decimals)
2025-12-16 18.07.08.png,17:56:48,ROI_16,1.8333,Suspicious Pattern (>3 decimals)
2025-12-16 18.07.32.png,17:57:13,ROI_16,1.8.820,Invalid Float
2025-12-16 18.07.32.png,17:57:13,ROI_18,9.13339,Suspicious Pattern (>3 decimals)
2025-12-16 18.08.43.png,17:58:23,ROI_16,1.8338,Suspicious Pattern (>3 decimals)
2025-12-16 18.08.43.png,17:58:23,ROI_18,9.2.20.209,Invalid Float
2025-12-16 18.08.53.png,17:58:33,ROI_16,1.81818,Suspicious Pattern (>3 decimals)
2025-12-16 18.08.53.png,17:58:33,ROI_18,9.11117,Suspicious Pattern (>3 decimals)
2025-12-16 18.09.14.png,17:58:54,ROI_16,,Empty/NaN
2025-12-16 18.09.42.png,17:59:22,ROI_18,9.200101,Suspicious Pattern (>3 decimals)
2025-12-16 18.09.48.png,17:59:27,ROI_18,9.115.115,Invalid Float
2025-12-16 18.11.48.png,18:01:26,ROI_16,1.8264,Suspicious Pattern (>3 decimals)
2025-12-16 18.11.51.png,18:01:31,ROI_16,1.8484,Suspicious Pattern (>3 decimals)
2025-12-16 18.12.12.png,18:01:52,ROI_18,9.17373,Suspicious Pattern (>3 decimals)
2025-12-16 18.13.52.png,18:03:33,ROI_18,9.15.153,Invalid Float
2025-12-16 18.14.07.png,18:03:48,ROI_18,9.21.210,Invalid Float
2025-12-16 18.14.18.png,18:03:58,ROI_18,9.11111,Suspicious Pattern (>3 decimals)
2025-12-16 18.19.58.png,18:09:39,ROI_16,1.8.831,Invalid Float
2025-12-16 18.20.18.png,18:09:59,ROI_18,9.122.122,Invalid Float
2025-12-16 18.20.38.png,18:10:19,ROI_16,1.80.808,Invalid Float
2025-12-16 18.20.44.png,18:10:23,ROI_16,0.0001,Suspicious Pattern (>3 decimals)
2025-12-16 18.20.48.png,18:10:29,ROI_16,0.0.001,Invalid Float
2025-12-16 18.20.54.png,18:10:34,ROI_16,0.0.0001,Invalid Float
2025-12-16 18.21.06.png,18:10:43,ROI_16,0.0001,Suspicious Pattern (>3 decimals)
2025-12-16 18.21.11.png,18:10:49,ROI_16,0.0.0001,Invalid Float
2025-12-16 18.21.17.png,18:10:55,ROI_16,0.0001,Suspicious Pattern (>3 decimals)
2025-12-16 18.21.20.png,18:11:00,ROI_16,0.000001,Suspicious Pattern (>3 decimals)
2025-12-16 18.21.26.png,18:11:05,ROI_16,0.0001,Suspicious Pattern (>3 decimals)
2025-12-16 18.21.31.png,18:11:10,ROI_16,0.0001,Suspicious Pattern (>3 decimals)
2025-12-16 18.21.37.png,18:11:16,ROI_16,0.0.,Invalid Float
2025-12-16 18.21.40.png,18:11:21,ROI_16,0.0001,Suspicious Pattern (>3 decimals)
2025-12-16 18.21.40.png,18:11:21,ROI_18,0.0.000,Invalid Float
