Filename,Timestamp,ROI_ID,Value,Reason
2025-12-16 18.20.38.png,18:10:19,ROI_2,0,Statistical Outlier (Likely Missing Decimal)
2025-12-16 18.20.44.png,18:10:23,ROI_2,0,Statistical Outlier (Likely Missing Decimal)
2025-12-16 18.20.48.png,18:10:29,ROI_2,0,Statistical Outlier (Likely Missing Decimal)
2025-12-16 18.21.00.png,18:10:38,ROI_2,0,Statistical Outlier (Likely Missing Decimal)
2025-12-16 18.21.06.png,18:10:43,ROI_2,0,Statistical Outlier (Likely Missing Decimal)
2025-12-16 18.21.11.png,18:10:49,ROI_2,0,Statistical Outlier (Likely Missing Decimal)
2025-12-16 18.21.17.png,18:10:55,ROI_2,0,Statistical Outlier (Likely Missing Decimal)
2025-12-16 18.21.20.png,18:11:00,ROI_2,0,Statistical Outlier (Likely Missing Decimal)
2025-12-16 18.21.26.png,18:11:05,ROI_2,0,Statistical Outlier (Likely Missing Decimal)
2025-12-16 18.21.31.png,18:11:10,ROI_2,0,Statistical Outlier (Likely Missing Decimal)
2025-12-16 18.21.37.png,18:11:16,ROI_2,0,Statistical Outlier (Likely Missing Decimal)
2025-12-16 18.21.40.png,18:11:21,ROI_2,0,Statistical Outlier (Likely Missing Decimal)
2025-12-16 18.23.26.png,18:11:26,ROI_2,0,Statistical Outlier (Likely Missing Decimal)
2025-12-16 17.17.43.png,17:07:23,ROI_4,171.0,Statistical Outlier (Likely Missing Decimal)
2025-12-16 17.19.24.png,17:09:04,ROI_4,191.0,Statistical Outlier (Likely Missing Decimal)
2025-12-16 17.21.52.png,17:11:33,ROI_4,2011.0,Statistical Outlier (Likely Missing Decimal)
2025-12-16 17.22.18.png,17:11:59,ROI_4,204.0,Statistical Outlier (Likely Missing Decimal)
2025-12-16 17.22.35.png,17:12:14,ROI_4,204.0,Statistical Outlier (Likely Missing Decimal)
2025-12-16 17.26.47.png,17:16:28,ROI_4,201.0,Statistical Outlier (Likely Missing Decimal)
2025-12-16 17.31.41.png,17:21:22,ROI_4,191.0,Statistical Outlier (Likely Missing Decimal)
2025-12-16 17.33.35.png,17:23:15,ROI_4,202.0,Statistical Outlier (Likely Missing Decimal)
2025-12-16 17.40.48.png,17:30:29,ROI_4,201.0,Statistical Outlier (Likely Missing Decimal)
2025-12-16 17.43.28.png,17:33:08,ROI_4,191.191,Statistical Outlier (Likely Missing Decimal)
2025-12-16 17.43.37.png,17:33:18,ROI_4,191.0,Statistical Outlier (Likely Missing Decimal)
2025-12-16 17.43.52.png,17:33:33,ROI_4,201.0,Statistical Outlier (Likely Missing Decimal)
2025-12-16 17.55.07.png,17:44:48,ROI_4,191.0,Statistical Outlier (Likely Missing Decimal)
2025-12-16 18.05.20.png,17:54:59,ROI_4,201.0,Statistical Outlier (Likely Missing Decimal)
2025-12-16 18.06.09.png,17:55:49,ROI_4,177.0,Statistical Outlier (Likely Missing Decimal)
2025-12-16 18.19.39.png,18:09:19,ROI_4,191.0,Statistical Outlier (Likely Missing Decimal)
2025-12-16 18.20.44.png,18:10:23,ROI_4,0.0,Statistical Outlier (Likely Missing Decimal)
2025-12-16 18.20.48.png,18:10:29,ROI_4,0.0,Statistical Outlier (Likely Missing Decimal)
2025-12-16 18.21.00.png,18:10:38,ROI_4,0.0,Statistical Outlier (Likely Missing Decimal)
2025-12-16 18.21.06.png,18:10:43,ROI_4,0.0,Statistical Outlier (Likely Missing Decimal)
2025-12-16 18.21.11.png,18:10:49,ROI_4,0.0,Statistical Outlier (Likely Missing Decimal)
2025-12-16 18.21.17.png,18:10:55,ROI_4,0.0,Statistical Outlier (Likely Missing Decimal)
2025-12-16 18.21.20.png,18:11:00,ROI_4,0.0,Statistical Outlier (Likely Missing Decimal)
2025-12-16 18.21.26.png,18:11:05,ROI_4,0.0,Statistical Outlier (Likely Missing Decimal)
2025-12-16 18.21.31.png,18:11:10,ROI_4,0.0,Statistical Outlier (Likely Missing Decimal)
2025-12-16 18.21.37.png,18:11:16,ROI_4,0.0,Statistical Outlier (Likely Missing Decimal)
2025-12-16 18.21.40.png,18:11:21,ROI_4,0.0,Statistical Outlier (Likely Missing Decimal)
2025-12-16 18.23.26.png,18:11:26,ROI_4,0.0,Statistical Outlier (Likely Missing Decimal)
2025-12-16 17.45.37.png,17:35:17,ROI_6,1606.065,Statistical Outlier (Likely Missing Decimal)
2025-12-16 17.56.00.png,17:45:38,ROI_6,1606.065,Statistical Outlier (Likely Missing Decimal)
2025-12-16 18.02.41.png,17:52:21,ROI_6,1606.06,Statistical Outlier (Likely Missing Decimal)
2025-12-16 18.20.38.png,18:10:19,ROI_6,0.0,Statistical Outlier (Likely Missing Decimal)
2025-12-16 18.20.48.png,18:10:29,ROI_6,0.0,Statistical Outlier (Likely Missing Decimal)
2025-12-16 18.21.00.png,18:10:38,ROI_6,0.0,Statistical Outlier (Likely Missing Decimal)
2025-12-16 18.21.11.png,18:10:49,ROI_6,0.0,Statistical Outlier (Likely Missing Decimal)
2025-12-16 18.21.17.png,18:10:55,ROI_6,0.0,Statistical Outlier (Likely Missing Decimal)
2025-12-16 18.21.20.png,18:11:00,ROI_6,0.0,Statistical Outlier (Likely Missing Decimal)
2025-12-16 18.21.31.png,18:11:10,ROI_6,0.0,Statistical Outlier (Likely Missing Decimal)
2025-12-16 18.21.40.png,18:11:21,ROI_6,0.0,Statistical Outlier (Likely Missing Decimal)
2025-12-16 18.23.26.png,18:11:26,ROI_6,0.0,Statistical Outlier (Likely Missing Decimal)
2025-12-16 17.16.01.png,17:05:41,ROI_8,187.0,Statistical Outlier (Likely Missing Decimal)
2025-12-16 17.16.26.png,17:06:07,ROI_8,1887.0,Statistical Outlier (Likely Missing Decimal)
2025-12-16 17.16.46.png,17:06:27,ROI_8,187.0,Statistical Outlier (Likely Missing Decimal)
2025-12-16 17.20.06.png,17:09:46,ROI_8,187.0,Statistical Outlier (Likely Missing Decimal)
2025-12-16 17.21.06.png,17:10:46,ROI_8,187.0,Statistical Outlier (Likely Missing Decimal)
2025-12-16 17.21.52.png,17:11:33,ROI_8,201.0,Statistical Outlier (Likely Missing Decimal)
2025-12-16 17.23.20.png,17:13:01,ROI_8,177.0,Statistical Outlier (Likely Missing Decimal)
2025-12-16 17.26.21.png,17:13:52,ROI_8,188.187,Statistical Outlier (Likely Missing Decimal)
2025-12-16 17.29.06.png,17:18:47,ROI_8,191.0,Statistical Outlier (Likely Missing Decimal)
2025-12-16 17.29.16.png,17:18:57,ROI_8,177.0,Statistical Outlier (Likely Missing Decimal)
2025-12-16 17.29.22.png,17:19:02,ROI_8,191.0,Statistical Outlier (Likely Missing Decimal)
2025-12-16 17.31.02.png,17:20:41,ROI_8,177.0,Statistical Outlier (Likely Missing Decimal)
2025-12-16 17.32.32.png,17:22:12,ROI_8,1994.0,Statistical Outlier (Likely Missing Decimal)
2025-12-16 17.32.36.png,17:22:17,ROI_8,177.0,Statistical Outlier (Likely Missing Decimal)
2025-12-16 17.34.15.png,17:23:56,ROI_8,177.0,Statistical Outlier (Likely Missing Decimal)
2025-12-16 17.36.24.png,17:26:04,ROI_8,187.0,Statistical Outlier (Likely Missing Decimal)
2025-12-16 17.39.19.png,17:28:58,ROI_8,1997.0,Statistical Outlier (Likely Missing Decimal)
2025-12-16 17.39.23.png,17:29:03,ROI_8,1997.0,Statistical Outlier (Likely Missing Decimal)
2025-12-16 17.39.54.png,17:29:34,ROI_8,1887.0,Statistical Outlier (Likely Missing Decimal)
2025-12-16 17.40.04.png,17:29:44,ROI_8,1997.0,Statistical Outlier (Likely Missing Decimal)
2025-12-16 17.46.47.png,17:36:27,ROI_8,187.0,Statistical Outlier (Likely Missing Decimal)
2025-12-16 18.00.16.png,17:49:56,ROI_8,187.0,Statistical Outlier (Likely Missing Decimal)
2025-12-16 18.01.31.png,17:51:11,ROI_8,177.0,Statistical Outlier (Likely Missing Decimal)
2025-12-16 18.02.01.png,17:51:41,ROI_8,1994.0,Statistical Outlier (Likely Missing Decimal)
2025-12-16 18.02.21.png,17:52:01,ROI_8,187.0,Statistical Outlier (Likely Missing Decimal)
2025-12-16 18.13.29.png,18:03:08,ROI_8,177.0,Statistical Outlier (Likely Missing Decimal)
2025-12-16 18.13.32.png,18:03:13,ROI_8,187.0,Statistical Outlier (Likely Missing Decimal)
2025-12-16 18.19.49.png,18:09:29,ROI_8,1997.0,Statistical Outlier (Likely Missing Decimal)
2025-12-16 18.20.38.png,18:10:19,ROI_8,0.0,Statistical Outlier (Likely Missing Decimal)
2025-12-16 18.20.44.png,18:10:23,ROI_8,0.0,Statistical Outlier (Likely Missing Decimal)
2025-12-16 18.20.48.png,18:10:29,ROI_8,0.0,Statistical Outlier (Likely Missing Decimal)
2025-12-16 18.21.00.png,18:10:38,ROI_8,0.0,Statistical Outlier (Likely Missing Decimal)
2025-12-16 18.21.06.png,18:10:43,ROI_8,0.0,Statistical Outlier (Likely Missing Decimal)
2025-12-16 18.21.17.png,18:10:55,ROI_8,0.0,Statistical Outlier (Likely Missing Decimal)
2025-12-16 18.21.20.png,18:11:00,ROI_8,0.0,Statistical Outlier (Likely Missing Decimal)
2025-12-16 18.21.31.png,18:11:10,ROI_8,0.0,Statistical Outlier (Likely Missing Decimal)
2025-12-16 18.21.37.png,18:11:16,ROI_8,0.0,Statistical Outlier (Likely Missing Decimal)
2025-12-16 18.21.40.png,18:11:21,ROI_8,0.0,Statistical Outlier (Likely Missing Decimal)
2025-12-16 18.23.26.png,18:11:26,ROI_8,0.0,Statistical Outlier (Likely Missing Decimal)
2025-12-16 18.19.07.png,14,ROI_52,14,Invalid Time
2025-12-16 17.17.52.png,17:07:33,ROI_6,16.04444,Suspicious Pattern (>3 decimals)
2025-12-16 17.18.08.png,17:07:48,ROI_4,1.1776,Suspicious Pattern (>3 decimals)
2025-12-16 17.20.46.png,17:10:26,ROI_6,16.0.070,Invalid Float
2025-12-16 17.21.26.png,17:11:07,ROI_8,1.1.168,Invalid Float
2025-12-16 17.22.18.png,17:11:59,ROI_6,16.07.078,Invalid Float
2025-12-16 17.22.49.png,17:12:30,ROI_4,1.2.209,Invalid Float
2025-12-16 17.23.04.png,17:12:45,ROI_4,1.19.193,Invalid Float
2025-12-16 17.23.41.png,17:13:21,ROI_6,16.06.067,Invalid Float
2025-12-16 17.29.00.png,17:18:42,ROI_8,1.16667,Suspicious Pattern (>3 decimals)
2025-12-16 17.32.01.png,17:21:42,ROI_6,16.06.067,Invalid Float
2025-12-16 17.32.42.png,17:22:22,ROI_6,16.0.070,Invalid Float
2025-12-16 17.33.35.png,17:23:15,ROI_8,1.1.179,Invalid Float
2025-12-16 17.37.02.png,17:26:45,ROI_6,16.06.065,Invalid Float
2025-12-16 17.37.05.png,17:27:26:45,ROI_52,17:27:26:45,Invalid Time
2025-12-16 17.39.49.png,17:27:29:29,ROI_52,17:27:29:29,Invalid Time
2025-12-16 17.38.34.png,17:28:15,ROI_4,1.1.190,Invalid Float
2025-12-16 17.38.34.png,17:28:15,ROI_6,16.0.064,Invalid Float
2025-12-16 17.39.46.png,17:29:29,ROI_6,16.06.062,Invalid Float
2025-12-16 17.43.22.png,17:33:03,ROI_6,16.066666,Suspicious Pattern (>3 decimals)
2025-12-16 17.46.21.png,17:36:02,ROI_4,1.1.86,Invalid Float
2025-12-16 17.47.26.png,17:37:07,ROI_6,16.06.066,Invalid Float
2025-12-16 17.54.51.png,17:44:33,ROI_6,16.06.061,Invalid Float
2025-12-16 17.55.07.png,17:44:48,ROI_6,16.06.065,Invalid Float
2025-12-16 17.55.22.png,17:45:03,ROI_4,1.1992,Suspicious Pattern (>3 decimals)
2025-12-16 17.59.21.png,17:49,ROI_52,17:49,Invalid Time
2025-12-16 17.59.55.png,17:49:36,ROI_6,16.05.052,Invalid Float
2025-12-16 18.01.25.png,17:51:06,ROI_6,16.08.081,Invalid Float
2025-12-16 18.01.25.png,17:51:06,ROI_8,1.1883,Suspicious Pattern (>3 decimals)
2025-12-16 18.04.13.png,17:53:54,ROI_4,1.16666,Suspicious Pattern (>3 decimals)
2025-12-16 18.08.34.png,17:58:13,ROI_6,16.06.064,Invalid Float
2025-12-16 18.08.34.png,17:58:13,ROI_8,1.1.165,Invalid Float
2025-12-16 18.08.53.png,17:58:33,ROI_8,1.1.164,Invalid Float
2025-12-16 18.09.42.png,17:59:22,ROI_4,1.1.187,Invalid Float
2025-12-16 18.11.36.png,18:01:17,ROI_4,1.1775,Suspicious Pattern (>3 decimals)
2025-12-16 18.12.12.png,18:01:52,ROI_4,1.1.185,Invalid Float
2025-12-16 18.19.42.png,18:09:24,ROI_4,1.18888,Suspicious Pattern (>3 decimals)
2025-12-16 18.20.38.png,18:10:19,ROI_1,,Empty/NaN
2025-12-16 18.20.38.png,18:10:19,ROI_4,0.0.000,Invalid Float
2025-12-16 18.20.44.png,18:10:23,ROI_1,,Empty/NaN
2025-12-16 18.20.44.png,18:10:23,ROI_6,0.0.000,Invalid Float
2025-12-16 18.20.48.png,18:10:29,ROI_1,,Empty/NaN
2025-12-16 18.21.00.png,18:10:38,ROI_1,,Empty/NaN
2025-12-16 18.21.06.png,18:10:43,ROI_1,,Empty/NaN
2025-12-16 18.21.06.png,18:10:43,ROI_6,0.0.,Invalid Float
2025-12-16 18.21.11.png,18:10:49,ROI_1,,Empty/NaN
2025-12-16 18.21.11.png,18:10:49,ROI_8,0.0.0000,Invalid Float
2025-12-16 18.21.17.png,18:10:55,ROI_1,,Empty/NaN
2025-12-16 18.21.20.png,18:11:00,ROI_1,,Empty/NaN
2025-12-16 18.21.26.png,18:11:05,ROI_1,,Empty/NaN
2025-12-16 18.21.26.png,18:11:05,ROI_6,0.0.000,Invalid Float
2025-12-16 18.21.26.png,18:11:05,ROI_8,0.0.000,Invalid Float
2025-12-16 18.21.31.png,18:11:10,ROI_1,,Empty/NaN
2025-12-16 18.21.37.png,18:11:16,ROI_1,,Empty/NaN
2025-12-16 18.21.37.png,18:11:16,ROI_6,0.0.000,Invalid Float
2025-12-16 18.21.40.png,18:11:21,ROI_1,,Empty/NaN
2025-12-16 18.23.26.png,18:11:26,ROI_1,,Empty/NaN
