Filename,Timestamp,ROI_ID,Value,Reason
2025-12-16 17.36.00.png,17:25:41,ROI_32,944,Statistical Outlier (Likely Missing Decimal)
2025-12-16 17.41.25.png,17:31:04,ROI_32,922,Statistical Outlier (Likely Missing Decimal)
2025-12-16 17.42.16.png,17:31:57,ROI_32,944,Statistical Outlier (Likely Missing Decimal)
2025-12-16 17.47.18.png,17:36:57,ROI_32,944,Statistical Outlier (Likely Missing Decimal)
2025-12-16 17.56.37.png,17:46:18,ROI_32,933,Statistical Outlier (Likely Missing Decimal)
2025-12-16 17.17.03.png,17:06:42,ROI_35,22290,Statistical Outlier (Likely Missing Decimal)
2025-12-16 17.17.17.png,17:06:57,ROI_35,20555,Statistical Outlier (Likely Missing Decimal)
2025-12-16 17.19.10.png,17:08:49,ROI_35,19222,Statistical Outlier (Likely Missing Decimal)
2025-12-16 17.33.26.png,17:22:52,ROI_35,16446,Statistical Outlier (Likely Missing Decimal)
2025-12-16 17.35.17.png,17:24:56,ROI_35,11111,Statistical Outlier (Likely Missing Decimal)
2025-12-16 17.40.09.png,17:29:49,ROI_35,12220,Statistical Outlier (Likely Missing Decimal)
2025-12-16 17.42.54.png,17:32:32,ROI_35,21222,Statistical Outlier (Likely Missing Decimal)
2025-12-16 17.45.37.png,17:35:17,ROI_35,14666,Statistical Outlier (Likely Missing Decimal)
2025-12-16 17.54.24.png,17:44:02,ROI_35,19766,Statistical Outlier (Likely Missing Decimal)
2025-12-16 18.01.46.png,17:51:26,ROI_35,17446,Statistical Outlier (Likely Missing Decimal)
2025-12-16 18.04.53.png,17:54:34,ROI_35,17991,Statistical Outlier (Likely Missing Decimal)
2025-12-16 18.06.24.png,17:56:04,ROI_35,21111,Statistical Outlier (Likely Missing Decimal)
2025-12-16 18.07.08.png,17:56:48,ROI_35,21633,Statistical Outlier (Likely Missing Decimal)
2025-12-16 18.07.41.png,17:57:23,ROI_35,22259,Statistical Outlier (Likely Missing Decimal)
2025-12-16 18.08.53.png,17:58:33,ROI_35,17883,Statistical Outlier (Likely Missing Decimal)
2025-12-16 18.09.08.png,17:58:48,ROI_35,13343,Statistical Outlier (Likely Missing Decimal)
2025-12-16 18.19.30.png,18:09:05,ROI_35,14007,Statistical Outlier (Likely Missing Decimal)
2025-12-16 18.20.38.png,18:10:19,ROI_35,0,Statistical Outlier (Likely Missing Decimal)
2025-12-16 18.20.44.png,18:10:23,ROI_35,0,Statistical Outlier (Likely Missing Decimal)
2025-12-16 18.20.48.png,18:10:29,ROI_35,0,Statistical Outlier (Likely Missing Decimal)
2025-12-16 18.21.00.png,18:10:38,ROI_35,0,Statistical Outlier (Likely Missing Decimal)
2025-12-16 18.21.06.png,18:10:43,ROI_35,0,Statistical Outlier (Likely Missing Decimal)
2025-12-16 18.21.11.png,18:10:49,ROI_35,0,Statistical Outlier (Likely Missing Decimal)
2025-12-16 18.21.17.png,18:10:55,ROI_35,0,Statistical Outlier (Likely Missing Decimal)
2025-12-16 18.21.20.png,18:11:00,ROI_35,0,Statistical Outlier (Likely Missing Decimal)
2025-12-16 18.21.26.png,18:11:05,ROI_35,0,Statistical Outlier (Likely Missing Decimal)
2025-12-16 18.21.31.png,18:11:10,ROI_35,0,Statistical Outlier (Likely Missing Decimal)
2025-12-16 18.21.37.png,18:11:16,ROI_35,0,Statistical Outlier (Likely Missing Decimal)
2025-12-16 18.21.40.png,18:11:21,ROI_35,0,Statistical Outlier (Likely Missing Decimal)
2025-12-16 18.23.26.png,18:11:26,ROI_35,0,Statistical Outlier (Likely Missing Decimal)
2025-12-16 17.21.52.png,17:11:33,ROI_37,6556,Statistical Outlier (Likely Missing Decimal)
2025-12-16 17.39.49.png,17:27:29:29,ROI_37,6335,Statistical Outlier (Likely Missing Decimal)
2025-12-16 17.41.46.png,17:31:24,ROI_37,4001,Statistical Outlier (Likely Missing Decimal)
2025-12-16 17.42.13.png,17:31:52,ROI_37,4444,Statistical Outlier (Likely Missing Decimal)
2025-12-16 17.42.48.png,17:32:27,ROI_37,6336,Statistical Outlier (Likely Missing Decimal)
2025-12-16 17.56.35.png,17:46:13,ROI_37,11551,Statistical Outlier (Likely Missing Decimal)
2025-12-16 18.20.38.png,18:10:19,ROI_37,0,Statistical Outlier (Likely Missing Decimal)
2025-12-16 18.20.44.png,18:10:23,ROI_37,0,Statistical Outlier (Likely Missing Decimal)
2025-12-16 18.20.48.png,18:10:29,ROI_37,0,Statistical Outlier (Likely Missing Decimal)
2025-12-16 18.21.00.png,18:10:38,ROI_37,0,Statistical Outlier (Likely Missing Decimal)
2025-12-16 18.21.06.png,18:10:43,ROI_37,0,Statistical Outlier (Likely Missing Decimal)
2025-12-16 18.21.11.png,18:10:49,ROI_37,0,Statistical Outlier (Likely Missing Decimal)
2025-12-16 18.21.17.png,18:10:55,ROI_37,0,Statistical Outlier (Likely Missing Decimal)
2025-12-16 18.21.20.png,18:11:00,ROI_37,0,Statistical Outlier (Likely Missing Decimal)
2025-12-16 18.21.26.png,18:11:05,ROI_37,0,Statistical Outlier (Likely Missing Decimal)
2025-12-16 18.21.31.png,18:11:10,ROI_37,0,Statistical Outlier (Likely Missing Decimal)
2025-12-16 18.21.37.png,18:11:16,ROI_37,0,Statistical Outlier (Likely Missing Decimal)
2025-12-16 18.21.40.png,18:11:21,ROI_37,0,Statistical Outlier (Likely Missing Decimal)
2025-12-16 18.23.26.png,18:11:26,ROI_37,0,Statistical Outlier (Likely Missing Decimal)
2025-12-16 17.16.01.png,17:05:41,ROI_39,70,Statistical Outlier (Likely Missing Decimal)
2025-12-16 17.16.18.png,17:05:57,ROI_39,69960,Statistical Outlier (Likely Missing Decimal)
2025-12-16 17.16.37.png,17:06:17,ROI_39,707069,Statistical Outlier (Likely Missing Decimal)
2025-12-16 17.17.28.png,17:07:07,ROI_39,70706,Statistical Outlier (Likely Missing Decimal)
2025-12-16 17.17.52.png,17:07:33,ROI_39,71218,Statistical Outlier (Likely Missing Decimal)
2025-12-16 17.19.41.png,17:09:20,ROI_39,72226,Statistical Outlier (Likely Missing Decimal)
2025-12-16 17.20.17.png,17:09:56,ROI_39,71400,Statistical Outlier (Likely Missing Decimal)
2025-12-16 17.21.17.png,17:10:56,ROI_39,70466,Statistical Outlier (Likely Missing Decimal)
2025-12-16 17.21.32.png,17:11:12,ROI_39,713134,Statistical Outlier (Likely Missing Decimal)
2025-12-16 17.23.04.png,17:12:45,ROI_39,71222,Statistical Outlier (Likely Missing Decimal)
2025-12-16 17.26.32.png,17:16:12,ROI_39,72628,Statistical Outlier (Likely Missing Decimal)
2025-12-16 17.26.44.png,17:16:23,ROI_39,69666,Statistical Outlier (Likely Missing Decimal)
2025-12-16 17.27.04.png,17:16:43,ROI_39,715154,Statistical Outlier (Likely Missing Decimal)
2025-12-16 17.28.37.png,17:18:16,ROI_39,709091,Statistical Outlier (Likely Missing Decimal)
2025-12-16 17.28.40.png,17:18:21,ROI_39,69633,Statistical Outlier (Likely Missing Decimal)
2025-12-16 17.29.52.png,17:19:32,ROI_39,69122,Statistical Outlier (Likely Missing Decimal)
2025-12-16 17.30.07.png,17:19:47,ROI_39,69936,Statistical Outlier (Likely Missing Decimal)
2025-12-16 17.31.02.png,17:20:41,ROI_39,71111,Statistical Outlier (Likely Missing Decimal)
2025-12-16 17.32.48.png,17:22:27,ROI_39,70105,Statistical Outlier (Likely Missing Decimal)
2025-12-16 17.34.15.png,17:23:56,ROI_39,71107,Statistical Outlier (Likely Missing Decimal)
2025-12-16 17.34.21.png,17:24:01,ROI_39,68677,Statistical Outlier (Likely Missing Decimal)
2025-12-16 17.34.35.png,17:24:16,ROI_39,707072,Statistical Outlier (Likely Missing Decimal)
2025-12-16 17.34.41.png,17:24:21,ROI_39,714142,Statistical Outlier (Likely Missing Decimal)
2025-12-16 17.35.47.png,17:25:26,ROI_39,71112,Statistical Outlier (Likely Missing Decimal)
2025-12-16 17.38.50.png,17:28:30,ROI_39,707045,Statistical Outlier (Likely Missing Decimal)
2025-12-16 17.39.23.png,17:29:03,ROI_39,70087,Statistical Outlier (Likely Missing Decimal)
2025-12-16 17.39.34.png,17:29:13,ROI_39,725250,Statistical Outlier (Likely Missing Decimal)
2025-12-16 17.39.46.png,17:29:29,ROI_39,69915,Statistical Outlier (Likely Missing Decimal)
2025-12-16 17.41.10.png,17:30:49,ROI_39,69779,Statistical Outlier (Likely Missing Decimal)
2025-12-16 17.41.19.png,17:30:59,ROI_39,70088,Statistical Outlier (Likely Missing Decimal)
2025-12-16 17.41.34.png,17:31:14,ROI_39,717178,Statistical Outlier (Likely Missing Decimal)
2025-12-16 17.43.37.png,17:33:18,ROI_39,717174,Statistical Outlier (Likely Missing Decimal)
2025-12-16 17.44.09.png,17:33:48,ROI_39,704049,Statistical Outlier (Likely Missing Decimal)
2025-12-16 17.44.24.png,17:34:03,ROI_39,69883,Statistical Outlier (Likely Missing Decimal)
2025-12-16 17.45.23.png,17:35:02,ROI_39,70064,Statistical Outlier (Likely Missing Decimal)
2025-12-16 17.46.17.png,17:35:57,ROI_39,69771,Statistical Outlier (Likely Missing Decimal)
2025-12-16 17.46.42.png,17:36:22,ROI_39,71164,Statistical Outlier (Likely Missing Decimal)
2025-12-16 17.54.49.png,17:44:28,ROI_39,71772,Statistical Outlier (Likely Missing Decimal)
2025-12-16 17.54.58.png,17:44:38,ROI_39,69998,Statistical Outlier (Likely Missing Decimal)
2025-12-16 17.55.39.png,17:45:18,ROI_39,712128,Statistical Outlier (Likely Missing Decimal)
2025-12-16 17.56.28.png,17:46:08,ROI_39,715154,Statistical Outlier (Likely Missing Decimal)
2025-12-16 17.56.35.png,17:46:13,ROI_39,72223,Statistical Outlier (Likely Missing Decimal)
2025-12-16 17.56.43.png,17:46:23,ROI_39,720201,Statistical Outlier (Likely Missing Decimal)
2025-12-16 17.58.54.png,17:48:35,ROI_39,69977,Statistical Outlier (Likely Missing Decimal)
2025-12-16 17.59.25.png,17:49:05,ROI_39,71130,Statistical Outlier (Likely Missing Decimal)
2025-12-16 17.59.46.png,17:49:25,ROI_39,71766,Statistical Outlier (Likely Missing Decimal)
2025-12-16 18.00.07.png,17:49:46,ROI_39,707012,Statistical Outlier (Likely Missing Decimal)
2025-12-16 18.00.51.png,17:50:32,ROI_39,71104,Statistical Outlier (Likely Missing Decimal)
2025-12-16 18.02.52.png,17:52:32,ROI_39,719192,Statistical Outlier (Likely Missing Decimal)
2025-12-16 18.03.02.png,17:52:42,ROI_39,69882,Statistical Outlier (Likely Missing Decimal)
2025-12-16 18.03.53.png,17:53:22,ROI_39,713138,Statistical Outlier (Likely Missing Decimal)
2025-12-16 18.04.19.png,17:53:59,ROI_39,69919,Statistical Outlier (Likely Missing Decimal)
2025-12-16 18.04.53.png,17:54:34,ROI_39,70772,Statistical Outlier (Likely Missing Decimal)
2025-12-16 18.05.05.png,17:54:44,ROI_39,717179,Statistical Outlier (Likely Missing Decimal)
2025-12-16 18.05.53.png,17:55:34,ROI_39,70220,Statistical Outlier (Likely Missing Decimal)
2025-12-16 18.06.00.png,17:55:39,ROI_39,69322,Statistical Outlier (Likely Missing Decimal)
2025-12-16 18.07.23.png,17:57:03,ROI_39,70111,Statistical Outlier (Likely Missing Decimal)
2025-12-16 18.07.41.png,17:57:23,ROI_39,72213,Statistical Outlier (Likely Missing Decimal)
2025-12-16 18.07.59.png,17:57:38,ROI_39,717171,Statistical Outlier (Likely Missing Decimal)
2025-12-16 18.09.53.png,17:59:32,ROI_39,71108,Statistical Outlier (Likely Missing Decimal)
2025-12-16 18.13.32.png,18:03:13,ROI_39,71111,Statistical Outlier (Likely Missing Decimal)
2025-12-16 18.13.44.png,18:03:23,ROI_39,707041,Statistical Outlier (Likely Missing Decimal)
2025-12-16 18.13.52.png,18:03:33,ROI_39,701012,Statistical Outlier (Likely Missing Decimal)
2025-12-16 18.19.30.png,18:09:05,ROI_39,69954,Statistical Outlier (Likely Missing Decimal)
2025-12-16 18.19.35.png,18:09:13,ROI_39,70001,Statistical Outlier (Likely Missing Decimal)
2025-12-16 18.20.03.png,18:09:44,ROI_39,69884,Statistical Outlier (Likely Missing Decimal)
2025-12-16 18.20.28.png,18:10:09,ROI_39,69996,Statistical Outlier (Likely Missing Decimal)
2025-12-16 18.20.35.png,18:10:13,ROI_39,70035,Statistical Outlier (Likely Missing Decimal)
2025-12-16 17.17.58.png,17:07:38,ROI_41,16001,Statistical Outlier (Likely Missing Decimal)
2025-12-16 17.19.35.png,17:09:15,ROI_41,24222,Statistical Outlier (Likely Missing Decimal)
2025-12-16 17.28.23.png,17:18:01,ROI_41,13222,Statistical Outlier (Likely Missing Decimal)
2025-12-16 17.29.46.png,17:19:27,ROI_41,18669,Statistical Outlier (Likely Missing Decimal)
2025-12-16 17.30.12.png,17:19:52,ROI_41,185,Statistical Outlier (Likely Missing Decimal)
2025-12-16 17.33.35.png,17:23:15,ROI_41,20111,Statistical Outlier (Likely Missing Decimal)
2025-12-16 17.36.19.png,17:25:46,ROI_41,11112,Statistical Outlier (Likely Missing Decimal)
2025-12-16 17.38.57.png,17:28:35,ROI_41,165,Statistical Outlier (Likely Missing Decimal)
2025-12-16 17.40.45.png,17:30:24,ROI_41,16448,Statistical Outlier (Likely Missing Decimal)
2025-12-16 17.40.54.png,17:30:34,ROI_41,8400,Statistical Outlier (Likely Missing Decimal)
2025-12-16 17.42.48.png,17:32:27,ROI_41,22166,Statistical Outlier (Likely Missing Decimal)
2025-12-16 17.42.57.png,17:32:37,ROI_41,20366,Statistical Outlier (Likely Missing Decimal)
2025-12-16 17.44.04.png,17:33:43,ROI_41,26889,Statistical Outlier (Likely Missing Decimal)
2025-12-16 17.46.08.png,17:35:47,ROI_41,11800,Statistical Outlier (Likely Missing Decimal)
2025-12-16 17.47.38.png,17:37:18,ROI_41,16511,Statistical Outlier (Likely Missing Decimal)
2025-12-16 17.58.45.png,17:48:25,ROI_41,17664,Statistical Outlier (Likely Missing Decimal)
2025-12-16 18.01.13.png,17:50:52,ROI_41,12466,Statistical Outlier (Likely Missing Decimal)
2025-12-16 18.02.16.png,17:51:56,ROI_41,12224,Statistical Outlier (Likely Missing Decimal)
2025-12-16 18.05.08.png,17:54:49,ROI_41,16711,Statistical Outlier (Likely Missing Decimal)
2025-12-16 18.05.38.png,17:55:19,ROI_41,16399,Statistical Outlier (Likely Missing Decimal)
2025-12-16 18.06.24.png,17:56:04,ROI_41,15009,Statistical Outlier (Likely Missing Decimal)
2025-12-16 18.09.38.png,17:59:03,ROI_41,15442,Statistical Outlier (Likely Missing Decimal)
2025-12-16 18.12.12.png,18:01:52,ROI_41,12422,Statistical Outlier (Likely Missing Decimal)
2025-12-16 18.12.17.png,18:01:57,ROI_41,20262,Statistical Outlier (Likely Missing Decimal)
2025-12-16 18.21.20.png,18:11:00,ROI_41,34577,Statistical Outlier (Likely Missing Decimal)
2025-12-16 17.16.01.png,17:05:41,ROI_43,358585,Statistical Outlier (Likely Missing Decimal)
2025-12-16 17.16.37.png,17:06:17,ROI_43,40522,Statistical Outlier (Likely Missing Decimal)
2025-12-16 17.20.12.png,17:09:51,ROI_43,377,Statistical Outlier (Likely Missing Decimal)
2025-12-16 17.20.57.png,17:10:36,ROI_43,376767,Statistical Outlier (Likely Missing Decimal)
2025-12-16 17.21.17.png,17:10:56,ROI_43,392,Statistical Outlier (Likely Missing Decimal)
2025-12-16 17.22.10.png,17:11:48,ROI_43,409,Statistical Outlier (Likely Missing Decimal)
2025-12-16 17.23.17.png,17:12:56,ROI_43,399,Statistical Outlier (Likely Missing Decimal)
2025-12-16 17.24.01.png,17:13:41,ROI_43,39,Statistical Outlier (Likely Missing Decimal)
2025-12-16 17.26.32.png,17:16:12,ROI_43,39447,Statistical Outlier (Likely Missing Decimal)
2025-12-16 17.26.59.png,17:16:38,ROI_43,378,Statistical Outlier (Likely Missing Decimal)
2025-12-16 17.30.38.png,17:20:16,ROI_43,38898,Statistical Outlier (Likely Missing Decimal)
2025-12-16 17.30.40.png,17:20:21,ROI_43,364222,Statistical Outlier (Likely Missing Decimal)
2025-12-16 17.31.32.png,17:21:12,ROI_43,38,Statistical Outlier (Likely Missing Decimal)
2025-12-16 17.32.23.png,17:22:02,ROI_43,389,Statistical Outlier (Likely Missing Decimal)
2025-12-16 17.37.46.png,17:27:25,ROI_43,405056,Statistical Outlier (Likely Missing Decimal)
2025-12-16 17.39.13.png,17:28:40,ROI_43,392,Statistical Outlier (Likely Missing Decimal)
2025-12-16 17.40.38.png,17:30:19,ROI_43,39906,Statistical Outlier (Likely Missing Decimal)
2025-12-16 17.41.48.png,17:31:29,ROI_43,374,Statistical Outlier (Likely Missing Decimal)
2025-12-16 17.43.22.png,17:33:03,ROI_43,40001,Statistical Outlier (Likely Missing Decimal)
2025-12-16 17.46.17.png,17:35:57,ROI_43,40003,Statistical Outlier (Likely Missing Decimal)
2025-12-16 17.46.57.png,17:36:37,ROI_43,412221,Statistical Outlier (Likely Missing Decimal)
2025-12-16 17.54.42.png,17:44:23,ROI_43,37655,Statistical Outlier (Likely Missing Decimal)
2025-12-16 17.54.49.png,17:44:28,ROI_43,37622,Statistical Outlier (Likely Missing Decimal)
2025-12-16 17.56.15.png,17:45:53,ROI_43,37,Statistical Outlier (Likely Missing Decimal)
2025-12-16 18.02.27.png,17:52:06,ROI_43,39,Statistical Outlier (Likely Missing Decimal)
2025-12-16 18.03.21.png,17:53:02,ROI_43,40,Statistical Outlier (Likely Missing Decimal)
2025-12-16 18.05.14.png,17:54:54,ROI_43,340,Statistical Outlier (Likely Missing Decimal)
2025-12-16 18.07.54.png,17:57:33,ROI_43,39,Statistical Outlier (Likely Missing Decimal)
2025-12-16 18.08.43.png,17:58:23,ROI_43,40008,Statistical Outlier (Likely Missing Decimal)
2025-12-16 18.09.38.png,17:59:03,ROI_43,40003,Statistical Outlier (Likely Missing Decimal)
2025-12-16 18.09.42.png,17:59:22,ROI_43,33396,Statistical Outlier (Likely Missing Decimal)
2025-12-16 18.20.09.png,18:09:49,ROI_43,369,Statistical Outlier (Likely Missing Decimal)
2025-12-16 17.16.37.png,17:06:17,ROI_45,43731,Statistical Outlier (Likely Missing Decimal)
2025-12-16 17.17.40.png,17:07:18,ROI_45,44444,Statistical Outlier (Likely Missing Decimal)
2025-12-16 17.20.46.png,17:10:26,ROI_45,46000,Statistical Outlier (Likely Missing Decimal)
2025-12-16 17.21.17.png,17:10:56,ROI_45,41169,Statistical Outlier (Likely Missing Decimal)
2025-12-16 17.21.32.png,17:11:12,ROI_45,41132,Statistical Outlier (Likely Missing Decimal)
2025-12-16 17.22.35.png,17:12:14,ROI_45,41773,Statistical Outlier (Likely Missing Decimal)
2025-12-16 17.26.32.png,17:16:12,ROI_45,42274,Statistical Outlier (Likely Missing Decimal)
2025-12-16 17.27.12.png,17:16:53,ROI_45,39955,Statistical Outlier (Likely Missing Decimal)
2025-12-16 17.27.51.png,17:17:31,ROI_45,43344,Statistical Outlier (Likely Missing Decimal)
2025-12-16 17.29.52.png,17:19:32,ROI_45,46616,Statistical Outlier (Likely Missing Decimal)
2025-12-16 17.35.47.png,17:25:26,ROI_45,41000,Statistical Outlier (Likely Missing Decimal)
2025-12-16 17.37.39.png,17:27:20,ROI_45,40000,Statistical Outlier (Likely Missing Decimal)
2025-12-16 17.37.59.png,17:27:40,ROI_45,40005,Statistical Outlier (Likely Missing Decimal)
2025-12-16 17.38.05.png,17:27:45,ROI_45,41000,Statistical Outlier (Likely Missing Decimal)
2025-12-16 17.40.04.png,17:29:44,ROI_45,41146,Statistical Outlier (Likely Missing Decimal)
2025-12-16 17.41.05.png,17:30:44,ROI_45,42990,Statistical Outlier (Likely Missing Decimal)
2025-12-16 17.41.34.png,17:31:14,ROI_45,44456,Statistical Outlier (Likely Missing Decimal)
2025-12-16 17.42.54.png,17:32:32,ROI_45,41159,Statistical Outlier (Likely Missing Decimal)
2025-12-16 17.43.37.png,17:33:18,ROI_45,40999,Statistical Outlier (Likely Missing Decimal)
2025-12-16 17.44.09.png,17:33:48,ROI_45,37333,Statistical Outlier (Likely Missing Decimal)
2025-12-16 17.44.38.png,17:34:18,ROI_45,41149,Statistical Outlier (Likely Missing Decimal)
2025-12-16 17.44.43.png,17:34:23,ROI_45,41149,Statistical Outlier (Likely Missing Decimal)
2025-12-16 17.45.48.png,17:35:27,ROI_45,45554,Statistical Outlier (Likely Missing Decimal)
2025-12-16 17.45.57.png,17:35:37,ROI_45,41110,Statistical Outlier (Likely Missing Decimal)
2025-12-16 17.56.23.png,17:46:03,ROI_45,40006,Statistical Outlier (Likely Missing Decimal)
2025-12-16 17.56.54.png,17:46:33,ROI_45,37777,Statistical Outlier (Likely Missing Decimal)
2025-12-16 17.58.31.png,17:48:09,ROI_45,42249,Statistical Outlier (Likely Missing Decimal)
2025-12-16 17.59.16.png,17:48:55,ROI_45,45556,Statistical Outlier (Likely Missing Decimal)
2025-12-16 17.59.55.png,17:49:36,ROI_45,40001,Statistical Outlier (Likely Missing Decimal)
2025-12-16 18.00.43.png,17:50:21,ROI_45,45557,Statistical Outlier (Likely Missing Decimal)
2025-12-16 18.02.57.png,17:52:37,ROI_45,46665,Statistical Outlier (Likely Missing Decimal)
2025-12-16 18.04.13.png,17:53:54,ROI_45,41110,Statistical Outlier (Likely Missing Decimal)
2025-12-16 18.04.19.png,17:53:59,ROI_45,45000,Statistical Outlier (Likely Missing Decimal)
2025-12-16 18.09.08.png,17:58:48,ROI_45,36111,Statistical Outlier (Likely Missing Decimal)
2025-12-16 18.12.08.png,18:01:47,ROI_45,40004,Statistical Outlier (Likely Missing Decimal)
2025-12-16 18.13.52.png,18:03:33,ROI_45,41115,Statistical Outlier (Likely Missing Decimal)
2025-12-16 18.13.58.png,18:03:38,ROI_45,44444,Statistical Outlier (Likely Missing Decimal)
2025-12-16 17.17.28.png,17:07:07,ROI_47,32268,Statistical Outlier (Likely Missing Decimal)
2025-12-16 17.17.52.png,17:07:33,ROI_47,37995,Statistical Outlier (Likely Missing Decimal)
2025-12-16 17.18.59.png,17:08:39,ROI_47,19112,Statistical Outlier (Likely Missing Decimal)
2025-12-16 17.23.00.png,17:12:40,ROI_47,15331,Statistical Outlier (Likely Missing Decimal)
2025-12-16 17.23.17.png,17:12:56,ROI_47,34622,Statistical Outlier (Likely Missing Decimal)
2025-12-16 17.27.35.png,17:17:03,ROI_47,18844,Statistical Outlier (Likely Missing Decimal)
2025-12-16 17.31.59.png,17:21:37,ROI_47,262622,Statistical Outlier (Likely Missing Decimal)
2025-12-16 17.32.42.png,17:22:22,ROI_47,32225,Statistical Outlier (Likely Missing Decimal)
2025-12-16 17.33.47.png,17:23:25,ROI_47,20661,Statistical Outlier (Likely Missing Decimal)
2025-12-16 17.35.07.png,17:24:46,ROI_47,36335,Statistical Outlier (Likely Missing Decimal)
2025-12-16 17.36.35.png,17:26:14,ROI_47,31588,Statistical Outlier (Likely Missing Decimal)
2025-12-16 17.39.34.png,17:29:13,ROI_47,29005,Statistical Outlier (Likely Missing Decimal)
2025-12-16 17.39.43.png,17:29:23,ROI_47,329191,Statistical Outlier (Likely Missing Decimal)
2025-12-16 17.43.28.png,17:33:08,ROI_47,19800,Statistical Outlier (Likely Missing Decimal)
2025-12-16 17.44.09.png,17:33:48,ROI_47,24221,Statistical Outlier (Likely Missing Decimal)
2025-12-16 17.44.24.png,17:34:03,ROI_47,278,Statistical Outlier (Likely Missing Decimal)
2025-12-16 17.47.23.png,17:37:02,ROI_47,26229,Statistical Outlier (Likely Missing Decimal)
2025-12-16 17.55.54.png,17:45:33,ROI_47,35333,Statistical Outlier (Likely Missing Decimal)
2025-12-16 17.58.35.png,17:48:15,ROI_47,24222,Statistical Outlier (Likely Missing Decimal)
2025-12-16 18.00.31.png,17:50:11,ROI_47,27884,Statistical Outlier (Likely Missing Decimal)
2025-12-16 18.03.21.png,17:53:02,ROI_47,404,Statistical Outlier (Likely Missing Decimal)
2025-12-16 18.04.13.png,17:53:54,ROI_47,17550,Statistical Outlier (Likely Missing Decimal)
2025-12-16 18.04.53.png,17:54:34,ROI_47,24223,Statistical Outlier (Likely Missing Decimal)
2025-12-16 18.05.05.png,17:54:44,ROI_47,36488,Statistical Outlier (Likely Missing Decimal)
2025-12-16 18.05.53.png,17:55:34,ROI_47,25551,Statistical Outlier (Likely Missing Decimal)
2025-12-16 18.06.15.png,17:55:54,ROI_47,20209,Statistical Outlier (Likely Missing Decimal)
2025-12-16 18.07.23.png,17:57:03,ROI_47,29002,Statistical Outlier (Likely Missing Decimal)
2025-12-16 18.07.41.png,17:57:23,ROI_47,31117,Statistical Outlier (Likely Missing Decimal)
2025-12-16 18.11.51.png,18:01:31,ROI_47,197,Statistical Outlier (Likely Missing Decimal)
2025-12-16 18.14.15.png,18:03:53,ROI_47,29009,Statistical Outlier (Likely Missing Decimal)
2025-12-16 17.21.52.png,17:11:33,ROI_49,16,Statistical Outlier (Likely Missing Decimal)
2025-12-16 17.23.10.png,17:12:50,ROI_49,53,Statistical Outlier (Likely Missing Decimal)
2025-12-16 17.29.31.png,17:19:12,ROI_49,74,Statistical Outlier (Likely Missing Decimal)
2025-12-16 17.30.53.png,17:20:31,ROI_49,145,Statistical Outlier (Likely Missing Decimal)
2025-12-16 17.32.57.png,17:22:37,ROI_49,138,Statistical Outlier (Likely Missing Decimal)
2025-12-16 17.35.57.png,17:25:36,ROI_49,87,Statistical Outlier (Likely Missing Decimal)
2025-12-16 17.39.58.png,17:29:39,ROI_49,124,Statistical Outlier (Likely Missing Decimal)
2025-12-16 17.40.45.png,17:30:24,ROI_49,79,Statistical Outlier (Likely Missing Decimal)
2025-12-16 17.41.05.png,17:30:44,ROI_49,106,Statistical Outlier (Likely Missing Decimal)
2025-12-16 17.41.48.png,17:31:29,ROI_49,79,Statistical Outlier (Likely Missing Decimal)
2025-12-16 17.43.17.png,17:32:58,ROI_49,10,Statistical Outlier (Likely Missing Decimal)
2025-12-16 17.44.04.png,17:33:43,ROI_49,58,Statistical Outlier (Likely Missing Decimal)
2025-12-16 17.55.14.png,17:44:53,ROI_49,51,Statistical Outlier (Likely Missing Decimal)
2025-12-16 17.56.54.png,17:46:33,ROI_49,51,Statistical Outlier (Likely Missing Decimal)
2025-12-16 18.03.08.png,17:52:47,ROI_49,1,Statistical Outlier (Likely Missing Decimal)
2025-12-16 18.14.04.png,18:03:43,ROI_49,10,Statistical Outlier (Likely Missing Decimal)
2025-12-16 18.20.15.png,18:09:54,ROI_49,122,Statistical Outlier (Likely Missing Decimal)
2025-12-16 18.20.38.png,18:10:19,ROI_49,5529,Statistical Outlier (Likely Missing Decimal)
2025-12-16 18.20.44.png,18:10:23,ROI_49,5387,Statistical Outlier (Likely Missing Decimal)
2025-12-16 18.20.48.png,18:10:29,ROI_49,5292,Statistical Outlier (Likely Missing Decimal)
2025-12-16 18.21.00.png,18:10:38,ROI_49,5652,Statistical Outlier (Likely Missing Decimal)
2025-12-16 18.21.06.png,18:10:43,ROI_49,5248,Statistical Outlier (Likely Missing Decimal)
2025-12-16 18.21.17.png,18:10:55,ROI_49,5299,Statistical Outlier (Likely Missing Decimal)
2025-12-16 18.21.20.png,18:11:00,ROI_49,5280,Statistical Outlier (Likely Missing Decimal)
2025-12-16 18.21.26.png,18:11:05,ROI_49,5435,Statistical Outlier (Likely Missing Decimal)
2025-12-16 18.21.31.png,18:11:10,ROI_49,5393,Statistical Outlier (Likely Missing Decimal)
2025-12-16 18.21.37.png,18:11:16,ROI_49,5277,Statistical Outlier (Likely Missing Decimal)
2025-12-16 18.21.40.png,18:11:21,ROI_49,5511,Statistical Outlier (Likely Missing Decimal)
2025-12-16 18.23.26.png,18:11:26,ROI_49,5455,Statistical Outlier (Likely Missing Decimal)
2025-12-16 18.19.07.png,14,ROI_52,14,Invalid Time
2025-12-16 17.37.05.png,17:27:26:45,ROI_52,17:27:26:45,Invalid Time
2025-12-16 17.39.49.png,17:27:29:29,ROI_52,17:27:29:29,Invalid Time
2025-12-16 17.59.21.png,17:49,ROI_52,17:49,Invalid Time
