Deleted_Filename,Reason,Original_Status
2025-12-16 17.16.01.png,Pairwise Compression (Matches Previous),Redundant Prev (100%)
2025-12-16 17.16.21.png,Pairwise Compression (Matches Previous),Redundant Prev (100%)
2025-12-16 17.17.11.png,Pairwise Compression (Matches Previous),Redundant Prev (100%)
2025-12-16 17.17.43.png,Pairwise Compression (Matches Previous),Redundant Prev (100%)
2025-12-16 17.18.53.png,Pairwise Compression (Matches Previous),Redundant Prev (100%)
2025-12-16 17.18.59.png,Pairwise Compression (Matches Previous),Redundant Prev (100%)
2025-12-16 17.19.18.png,Pairwise Compression (Matches Previous),Redundant Prev (100%)
2025-12-16 17.19.49.png,Pairwise Compression (Matches Previous),Redundant Prev (100%)
2025-12-16 17.19.54.png,Pairwise Compression (Matches Previous),Redundant Prev (100%)
2025-12-16 17.20.00.png,Pairwise Compression (Matches Previous),Redundant Prev (100%)
2025-12-16 17.20.12.png,Pairwise Compression (Matches Previous),Redundant Prev (100%)
2025-12-16 17.20.21.png,Pairwise Compression (Matches Previous),Redundant Prev (100%)
2025-12-16 17.20.46.png,Pairwise Compression (Matches Previous),Redundant Prev (100%)
2025-12-16 17.21.06.png,Pairwise Compression (Matches Previous),Redundant Prev (100%)
2025-12-16 17.21.26.png,Pairwise Compression (Matches Previous),Redundant Prev (100%)
2025-12-16 17.21.52.png,Pairwise Compression (Matches Previous),Redundant Prev (100%)
2025-12-16 17.22.18.png,Pairwise Compression (Matches Previous),Redundant Prev (100%)
2025-12-16 17.22.38.png,Pairwise Compression (Matches Previous),Redundant Prev (100%)
2025-12-16 17.22.43.png,Pairwise Compression (Matches Previous),Redundant Prev (100%)
2025-12-16 17.22.49.png,Pairwise Compression (Matches Previous),Redundant Prev (100%)
2025-12-16 17.23.17.png,Pairwise Compression (Matches Previous),Redundant Prev (100%)
2025-12-16 17.23.41.png,Pairwise Compression (Matches Previous),Redundant Prev (100%)
2025-12-16 17.24.01.png,Pairwise Compression (Matches Previous),Redundant Prev (100%)
2025-12-16 17.26.52.png,Pairwise Compression (Matches Previous),Redundant Prev (100%)
2025-12-16 17.27.07.png,Pairwise Compression (Matches Previous),Redundant Prev (100%)
2025-12-16 17.27.51.png,Pairwise Compression (Matches Previous),Redundant Prev (100%)
2025-12-16 17.28.05.png,Pairwise Compression (Matches Previous),Redundant Prev (100%)
2025-12-16 17.28.11.png,Pairwise Compression (Matches Previous),Redundant Prev (100%)
2025-12-16 17.28.17.png,Pairwise Compression (Matches Previous),Redundant Prev (100%)
2025-12-16 17.28.26.png,Pairwise Compression (Matches Previous),Redundant Prev (100%)
2025-12-16 17.30.01.png,Pairwise Compression (Matches Previous),Redundant Prev (100%)
2025-12-16 17.30.40.png,Pairwise Compression (Matches Previous),Redundant Prev (100%)
2025-12-16 17.31.15.png,Pairwise Compression (Matches Previous),Redundant Prev (100%)
2025-12-16 17.31.21.png,Pairwise Compression (Matches Previous),Redundant Prev (100%)
2025-12-16 17.31.41.png,Pairwise Compression (Matches Previous),Redundant Prev (100%)
2025-12-16 17.32.01.png,Pairwise Compression (Matches Previous),Redundant Prev (100%)
2025-12-16 17.32.16.png,Pairwise Compression (Matches Previous),Redundant Prev (100%)
2025-12-16 17.32.51.png,Pairwise Compression (Matches Previous),Redundant Prev (100%)
2025-12-16 17.32.57.png,Pairwise Compression (Matches Previous),Redundant Prev (100%)
2025-12-16 17.33.03.png,Pairwise Compression (Matches Previous),Redundant Prev (100%)
2025-12-16 17.33.26.png,Pairwise Compression (Matches Previous),Redundant Prev (100%)
2025-12-16 17.33.35.png,Pairwise Compression (Matches Previous),Redundant Prev (100%)
2025-12-16 17.33.50.png,Pairwise Compression (Matches Previous),Redundant Prev (100%)
2025-12-16 17.34.10.png,Pairwise Compression (Matches Previous),Redundant Prev (100%)
2025-12-16 17.34.21.png,Pairwise Compression (Matches Previous),Redundant Prev (100%)
2025-12-16 17.34.50.png,Pairwise Compression (Matches Previous),Redundant Prev (100%)
2025-12-16 17.35.10.png,Pairwise Compression (Matches Previous),Redundant Prev (100%)
2025-12-16 17.36.44.png,Pairwise Compression (Matches Previous),Redundant Prev (100%)
2025-12-16 17.37.25.png,Pairwise Compression (Matches Previous),Redundant Prev (100%)
2025-12-16 17.37.39.png,Pairwise Compression (Matches Previous),Redundant Prev (100%)
2025-12-16 17.37.54.png,Pairwise Compression (Matches Previous),Redundant Prev (100%)
2025-12-16 17.38.29.png,Pairwise Compression (Matches Previous),Redundant Prev (100%)
2025-12-16 17.38.34.png,Pairwise Compression (Matches Previous),Redundant Prev (100%)
2025-12-16 17.38.50.png,Pairwise Compression (Matches Previous),Redundant Prev (100%)
2025-12-16 17.39.13.png,Pairwise Compression (Matches Previous),Redundant Prev (100%)
2025-12-16 17.39.23.png,Pairwise Compression (Matches Previous),Redundant Prev (100%)
2025-12-16 17.40.18.png,Pairwise Compression (Matches Previous),Redundant Prev (100%)
2025-12-16 17.40.23.png,Pairwise Compression (Matches Previous),Redundant Prev (100%)
2025-12-16 17.40.38.png,Pairwise Compression (Matches Previous),Redundant Prev (100%)
2025-12-16 17.40.48.png,Pairwise Compression (Matches Previous),Redundant Prev (100%)
2025-12-16 17.41.13.png,Pairwise Compression (Matches Previous),Redundant Prev (100%)
2025-12-16 17.41.19.png,Pairwise Compression (Matches Previous),Redundant Prev (100%)
2025-12-16 17.41.48.png,Pairwise Compression (Matches Previous),Redundant Prev (100%)
2025-12-16 17.42.31.png,Pairwise Compression (Matches Previous),Redundant Prev (100%)
2025-12-16 17.42.48.png,Pairwise Compression (Matches Previous),Redundant Prev (100%)
2025-12-16 17.42.57.png,Pairwise Compression (Matches Previous),Redundant Prev (100%)
2025-12-16 17.43.37.png,Pairwise Compression (Matches Previous),Redundant Prev (100%)
2025-12-16 17.43.52.png,Pairwise Compression (Matches Previous),Redundant Prev (100%)
2025-12-16 17.44.18.png,Pairwise Compression (Matches Previous),Redundant Prev (100%)
2025-12-16 17.44.38.png,Pairwise Compression (Matches Previous),Redundant Prev (100%)
2025-12-16 17.45.06.png,Pairwise Compression (Matches Previous),Redundant Prev (100%)
2025-12-16 17.45.25.png,Pairwise Compression (Matches Previous),Redundant Prev (100%)
2025-12-16 17.45.31.png,Pairwise Compression (Matches Previous),Redundant Prev (100%)
2025-12-16 17.45.51.png,Pairwise Compression (Matches Previous),Redundant Prev (100%)
2025-12-16 17.46.11.png,Pairwise Compression (Matches Previous),Redundant Prev (100%)
2025-12-16 17.47.11.png,Pairwise Compression (Matches Previous),Redundant Prev (100%)
2025-12-16 17.47.57.png,Pairwise Compression (Matches Previous),Redundant Prev (87%) & Redundant Next (100%)
2025-12-16 17.48.02.png,Pairwise Compression (Matches Previous),Redundant Prev (100%) & Redundant Next (87%)
2025-12-16 17.48.14.png,Pairwise Compression (Matches Previous),Redundant Prev (87%) & Redundant Next (87%)
2025-12-16 17.48.29.png,Pairwise Compression (Matches Previous),Redundant Prev (87%) & Redundant Next (87%)
2025-12-16 17.48.53.png,Pairwise Compression (Matches Previous),Redundant Prev (87%) & Redundant Next (100%)
2025-12-16 17.48.59.png,Pairwise Compression (Matches Previous),Redundant Prev (100%) & Redundant Next (100%)
2025-12-16 17.49.28.png,Pairwise Compression (Matches Previous),Redundant Prev (100%) & Redundant Next (87%)
2025-12-16 17.49.36.png,Pairwise Compression (Matches Previous),Redundant Prev (87%) & Redundant Next (100%)
2025-12-16 17.50.39.png,Pairwise Compression (Matches Previous),Redundant Prev (100%) & Redundant Next (100%)
2025-12-16 17.50.48.png,Pairwise Compression (Matches Previous),Redundant Prev (87%) & Redundant Next (87%)
2025-12-16 17.51.34.png,Pairwise Compression (Matches Previous),Redundant Prev (87%) & Redundant Next (87%)
2025-12-16 17.51.52.png,Pairwise Compression (Matches Previous),Redundant Prev (87%) & Redundant Next (100%)
2025-12-16 17.52.54.png,Pairwise Compression (Matches Previous),Redundant Prev (100%) & Redundant Next (87%)
2025-12-16 17.53.11.png,Pairwise Compression (Matches Previous),Redundant Prev (100%) & Redundant Next (100%)
2025-12-16 17.54.09.png,Pairwise Compression (Matches Previous),Redundant Prev (87%) & Redundant Next (100%)
2025-12-16 17.54.27.png,Pairwise Compression (Matches Previous),Redundant Prev (100%)
2025-12-16 17.54.42.png,Pairwise Compression (Matches Previous),Redundant Prev (100%)
2025-12-16 17.55.07.png,Pairwise Compression (Matches Previous),Redundant Prev (100%)
2025-12-16 17.55.17.png,Pairwise Compression (Matches Previous),Redundant Prev (100%)
2025-12-16 17.55.22.png,Pairwise Compression (Matches Previous),Redundant Prev (100%)
2025-12-16 17.55.42.png,Pairwise Compression (Matches Previous),Redundant Prev (100%)
2025-12-16 17.55.48.png,Pairwise Compression (Matches Previous),Redundant Prev (100%)
2025-12-16 17.56.03.png,Pairwise Compression (Matches Previous),Redundant Prev (100%)
2025-12-16 17.56.17.png,Pairwise Compression (Matches Previous),Redundant Prev (100%)
2025-12-16 17.56.37.png,Pairwise Compression (Matches Previous),Redundant Prev (100%)
2025-12-16 17.56.49.png,Pairwise Compression (Matches Previous),Redundant Prev (100%)
2025-12-16 17.58.35.png,Pairwise Compression (Matches Previous),Redundant Prev (100%)
2025-12-16 17.59.34.png,Pairwise Compression (Matches Previous),Redundant Prev (100%)
2025-12-16 18.00.45.png,Pairwise Compression (Matches Previous),Redundant Prev (100%)
2025-12-16 18.00.51.png,Pairwise Compression (Matches Previous),Redundant Prev (100%)
2025-12-16 18.01.10.png,Pairwise Compression (Matches Previous),Redundant Prev (100%)
2025-12-16 18.01.22.png,Pairwise Compression (Matches Previous),Redundant Prev (100%)
2025-12-16 18.01.41.png,Pairwise Compression (Matches Previous),Redundant Prev (100%)
2025-12-16 18.02.16.png,Pairwise Compression (Matches Previous),Redundant Prev (100%)
2025-12-16 18.02.57.png,Pairwise Compression (Matches Previous),Redundant Prev (100%)
2025-12-16 18.03.12.png,Pairwise Compression (Matches Previous),Redundant Prev (100%)
2025-12-16 18.03.53.png,Pairwise Compression (Matches Previous),Redundant Prev (100%)
2025-12-16 18.04.53.png,Pairwise Compression (Matches Previous),Redundant Prev (100%)
2025-12-16 18.05.29.png,Pairwise Compression (Matches Previous),Redundant Prev (100%)
2025-12-16 18.06.09.png,Pairwise Compression (Matches Previous),Redundant Prev (100%)
2025-12-16 18.06.24.png,Pairwise Compression (Matches Previous),Redundant Prev (100%)
2025-12-16 18.06.42.png,Pairwise Compression (Matches Previous),Redundant Prev (100%) & Redundant Next (100%)
2025-12-16 18.08.08.png,Pairwise Compression (Matches Previous),Redundant Prev (100%)
2025-12-16 18.08.34.png,Pairwise Compression (Matches Previous),Redundant Prev (100%)
2025-12-16 18.08.43.png,Pairwise Compression (Matches Previous),Redundant Prev (100%)
2025-12-16 18.08.53.png,Pairwise Compression (Matches Previous),Redundant Prev (100%)
2025-12-16 18.09.08.png,Pairwise Compression (Matches Previous),Redundant Prev (100%)
2025-12-16 18.09.42.png,Pairwise Compression (Matches Previous),Redundant Prev (100%)
2025-12-16 18.09.57.png,Pairwise Compression (Matches Previous),Redundant Prev (100%)
2025-12-16 18.10.09.png,Pairwise Compression (Matches Previous),Redundant Prev (87%) & Redundant Next (100%)
2025-12-16 18.11.21.png,Pairwise Compression (Matches Previous),Redundant Prev (100%)
2025-12-16 18.11.36.png,Pairwise Compression (Matches Previous),Redundant Prev (100%)
2025-12-16 18.11.51.png,Pairwise Compression (Matches Previous),Redundant Prev (100%)
2025-12-16 18.12.12.png,Pairwise Compression (Matches Previous),Redundant Prev (100%)
2025-12-16 18.13.32.png,Pairwise Compression (Matches Previous),Redundant Prev (100%)
2025-12-16 18.13.52.png,Pairwise Compression (Matches Previous),Redundant Prev (100%)
2025-12-16 18.14.04.png,Pairwise Compression (Matches Previous),Redundant Prev (100%)
2025-12-16 18.14.18.png,Pairwise Compression (Matches Previous),Redundant Prev (100%)
2025-12-16 18.14.28.png,Pairwise Compression (Matches Previous),Redundant Prev (100%)
2025-12-16 18.15.10.png,Pairwise Compression (Matches Previous),Redundant Prev (87%) & Redundant Next (100%)
2025-12-16 18.18.44.png,Pairwise Compression (Matches Previous),Redundant Prev (100%) & Redundant Next (100%)
2025-12-16 18.19.33.png,Pairwise Compression (Matches Previous),Redundant Prev (100%)
2025-12-16 18.19.39.png,Pairwise Compression (Matches Previous),Redundant Prev (100%)
2025-12-16 18.19.49.png,Pairwise Compression (Matches Previous),Redundant Prev (100%)
2025-12-16 18.19.58.png,Pairwise Compression (Matches Previous),Redundant Prev (100%)
2025-12-16 18.20.18.png,Pairwise Compression (Matches Previous),Redundant Prev (100%)
2025-12-16 18.20.28.png,Pairwise Compression (Matches Previous),Redundant Prev (100%)
2025-12-16 18.20.48.png,Pairwise Compression (Matches Previous),Redundant Prev (100%) & Redundant Next (100%)
2025-12-16 18.21.06.png,Pairwise Compression (Matches Previous),Redundant Prev (100%) & Redundant Next (100%)
2025-12-16 18.21.17.png,Pairwise Compression (Matches Previous),Redundant Prev (100%) & Redundant Next (100%)
2025-12-16 18.21.26.png,Pairwise Compression (Matches Previous),Redundant Prev (100%) & Redundant Next (100%)
2025-12-16 18.21.37.png,Pairwise Compression (Matches Previous),Redundant Prev (100%) & Redundant Next (100%)
2025-12-16 18.23.26.png,Pairwise Compression (Matches Previous),Redundant Prev (100%)
