Deleted_Filename,Reason,Original_Status
2025-12-16 17.15.58.png,Pairwise Compression (Matches Previous),Redundant Prev (100%) & Redundant Next (90%)
2025-12-16 17.16.07.png,Pairwise Compression (Matches Previous),Redundant Prev (90%) & Redundant Next (90%)
2025-12-16 17.16.18.png,Pairwise Compression (Matches Previous),Redundant Prev (90%) & Redundant Next (90%)
2025-12-16 17.16.26.png,Pairwise Compression (Matches Previous),Redundant Prev (90%) & Redundant Next (90%)
2025-12-16 17.16.37.png,Pairwise Compression (Matches Previous),Redundant Prev (90%) & Redundant Next (90%)
2025-12-16 17.16.46.png,Pairwise Compression (Matches Previous),Redundant Prev (90%) & Redundant Next (90%)
2025-12-16 17.16.57.png,Pairwise Compression (Matches Previous),Redundant Prev (90%) & Redundant Next (90%)
2025-12-16 17.17.08.png,Pairwise Compression (Matches Previous),Redundant Prev (90%) & Redundant Next (90%)
2025-12-16 17.17.17.png,Pairwise Compression (Matches Previous),Redundant Prev (90%) & Redundant Next (90%)
2025-12-16 17.17.28.png,Pairwise Compression (Matches Previous),Redundant Prev (90%) & Redundant Next (90%)
2025-12-16 17.17.40.png,Pairwise Compression (Matches Previous),Redundant Prev (90%) & Redundant Next (90%)
2025-12-16 17.17.49.png,Pairwise Compression (Matches Previous),Redundant Prev (90%) & Redundant Next (90%)
2025-12-16 17.17.58.png,Pairwise Compression (Matches Previous),Redundant Prev (90%) & Redundant Next (100%)
2025-12-16 17.18.05.png,Pairwise Compression (Matches Previous),Redundant Prev (90%) & Redundant Next (90%)
2025-12-16 17.18.14.png,Pairwise Compression (Matches Previous),Redundant Prev (90%) & Redundant Next (90%)
2025-12-16 17.18.23.png,Pairwise Compression (Matches Previous),Redundant Prev (90%) & Redundant Next (90%)
2025-12-16 17.18.34.png,Pairwise Compression (Matches Previous),Redundant Prev (90%) & Redundant Next (90%)
2025-12-16 17.18.45.png,Pairwise Compression (Matches Previous),Redundant Prev (90%) & Redundant Next (90%)
2025-12-16 17.18.56.png,Pairwise Compression (Matches Previous),Redundant Prev (90%) & Redundant Next (90%)
2025-12-16 17.19.04.png,Pairwise Compression (Matches Previous),Redundant Prev (90%) & Redundant Next (90%)
2025-12-16 17.19.16.png,Pairwise Compression (Matches Previous),Redundant Prev (90%) & Redundant Next (90%)
2025-12-16 17.19.24.png,Pairwise Compression (Matches Previous),Redundant Prev (90%) & Redundant Next (90%)
2025-12-16 17.19.35.png,Pairwise Compression (Matches Previous),Redundant Prev (90%) & Redundant Next (90%)
2025-12-16 17.19.46.png,Pairwise Compression (Matches Previous),Redundant Prev (90%) & Redundant Next (90%)
2025-12-16 17.19.57.png,Pairwise Compression (Matches Previous),Redundant Prev (90%) & Redundant Next (90%)
2025-12-16 17.20.06.png,Pairwise Compression (Matches Previous),Redundant Prev (90%) & Redundant Next (90%)
2025-12-16 17.20.17.png,Pairwise Compression (Matches Previous),Redundant Prev (90%) & Redundant Next (100%)
2025-12-16 17.20.27.png,Pairwise Compression (Matches Previous),Redundant Prev (90%) & Redundant Next (90%)
2025-12-16 17.20.35.png,Pairwise Compression (Matches Previous),Redundant Prev (100%) & Redundant Next (90%)
2025-12-16 17.20.40.png,Pairwise Compression (Matches Previous),Redundant Prev (100%) & Redundant Next (90%)
2025-12-16 17.20.46.png,Pairwise Compression (Matches Previous),Redundant Prev (90%) & Redundant Next (90%)
2025-12-16 17.20.57.png,Pairwise Compression (Matches Previous),Redundant Prev (90%) & Redundant Next (90%)
2025-12-16 17.21.06.png,Pairwise Compression (Matches Previous),Redundant Prev (90%) & Redundant Next (90%)
2025-12-16 17.21.17.png,Pairwise Compression (Matches Previous),Redundant Prev (90%) & Redundant Next (90%)
2025-12-16 17.21.26.png,Pairwise Compression (Matches Previous),Redundant Prev (90%) & Redundant Next (90%)
2025-12-16 17.21.37.png,Pairwise Compression (Matches Previous),Redundant Prev (90%) & Redundant Next (90%)
2025-12-16 17.21.49.png,Pairwise Compression (Matches Previous),Redundant Prev (90%) & Redundant Next (90%)
2025-12-16 17.21.58.png,Pairwise Compression (Matches Previous),Redundant Prev (90%) & Redundant Next (90%)
2025-12-16 17.22.10.png,Pairwise Compression (Matches Previous),Redundant Prev (90%) & Redundant Next (100%)
2025-12-16 17.22.18.png,Pairwise Compression (Matches Previous),Redundant Prev (90%) & Redundant Next (100%)
2025-12-16 17.22.30.png,Pairwise Compression (Matches Previous),Redundant Prev (90%) & Redundant Next (90%)
2025-12-16 17.22.38.png,Pairwise Compression (Matches Previous),Redundant Prev (90%) & Redundant Next (90%)
2025-12-16 17.22.46.png,Pairwise Compression (Matches Previous),Redundant Prev (90%) & Redundant Next (90%)
2025-12-16 17.22.55.png,Pairwise Compression (Matches Previous),Redundant Prev (90%) & Redundant Next (90%)
2025-12-16 17.23.04.png,Pairwise Compression (Matches Previous),Redundant Prev (90%) & Redundant Next (90%)
2025-12-16 17.23.17.png,Pairwise Compression (Matches Previous),Redundant Prev (90%) & Redundant Next (90%)
2025-12-16 17.23.26.png,Pairwise Compression (Matches Previous),Redundant Prev (90%) & Redundant Next (90%)
2025-12-16 17.23.38.png,Pairwise Compression (Matches Previous),Redundant Prev (90%) & Redundant Next (90%)
2025-12-16 17.23.46.png,Pairwise Compression (Matches Previous),Redundant Prev (90%) & Redundant Next (90%)
2025-12-16 17.23.58.png,Pairwise Compression (Matches Previous),Redundant Prev (100%) & Redundant Next (100%)
2025-12-16 17.24.07.png,Pairwise Compression (Matches Previous),Redundant Prev (90%) & Redundant Next (100%)
2025-12-16 17.24.56.png,Pairwise Compression (Matches Previous),Redundant Prev (100%) & Redundant Next (100%)
2025-12-16 17.25.02.png,Pairwise Compression (Matches Previous),Redundant Prev (100%) & Redundant Next (100%)
2025-12-16 17.25.22.png,Pairwise Compression (Matches Previous),Redundant Prev (100%) & Redundant Next (100%)
2025-12-16 17.25.38.png,Pairwise Compression (Matches Previous),Redundant Prev (100%) & Redundant Next (90%)
2025-12-16 17.26.27.png,Pairwise Compression (Matches Previous),Redundant Prev (90%) & Redundant Next (90%)
2025-12-16 17.26.38.png,Pairwise Compression (Matches Previous),Redundant Prev (90%) & Redundant Next (90%)
2025-12-16 17.26.47.png,Pairwise Compression (Matches Previous),Redundant Prev (90%) & Redundant Next (90%)
2025-12-16 17.26.59.png,Pairwise Compression (Matches Previous),Redundant Prev (90%) & Redundant Next (90%)
2025-12-16 17.27.07.png,Pairwise Compression (Matches Previous),Redundant Prev (90%) & Redundant Next (90%)
2025-12-16 17.27.12.png,Pairwise Compression (Matches Previous),Redundant Prev (90%) & Redundant Next (90%)
2025-12-16 17.27.35.png,Pairwise Compression (Matches Previous),Redundant Prev (90%) & Redundant Next (90%)
2025-12-16 17.27.47.png,Pairwise Compression (Matches Previous),Redundant Prev (90%) & Redundant Next (90%)
2025-12-16 17.27.57.png,Pairwise Compression (Matches Previous),Redundant Prev (90%) & Redundant Next (100%)
2025-12-16 17.28.02.png,Pairwise Compression (Matches Previous),Redundant Prev (90%) & Redundant Next (90%)
2025-12-16 17.28.11.png,Pairwise Compression (Matches Previous),Redundant Prev (90%) & Redundant Next (90%)
2025-12-16 17.28.23.png,Pairwise Compression (Matches Previous),Redundant Prev (90%) & Redundant Next (90%)
2025-12-16 17.28.31.png,Pairwise Compression (Matches Previous),Redundant Prev (90%) & Redundant Next (100%)
2025-12-16 17.28.37.png,Pairwise Compression (Matches Previous),Redundant Prev (90%) & Redundant Next (90%)
2025-12-16 17.28.46.png,Pairwise Compression (Matches Previous),Redundant Prev (90%) & Redundant Next (90%)
2025-12-16 17.28.58.png,Pairwise Compression (Matches Previous),Redundant Prev (90%) & Redundant Next (90%)
2025-12-16 17.29.06.png,Pairwise Compression (Matches Previous),Redundant Prev (90%) & Redundant Next (90%)
2025-12-16 17.29.16.png,Pairwise Compression (Matches Previous),Redundant Prev (90%) & Redundant Next (90%)
2025-12-16 17.29.28.png,Pairwise Compression (Matches Previous),Redundant Prev (90%) & Redundant Next (90%)
2025-12-16 17.29.37.png,Pairwise Compression (Matches Previous),Redundant Prev (90%) & Redundant Next (90%)
2025-12-16 17.29.46.png,Pairwise Compression (Matches Previous),Redundant Prev (90%) & Redundant Next (90%)
2025-12-16 17.29.58.png,Pairwise Compression (Matches Previous),Redundant Prev (90%) & Redundant Next (90%)
2025-12-16 17.30.04.png,Pairwise Compression (Matches Previous),Redundant Prev (90%) & Redundant Next (90%)
2025-12-16 17.30.12.png,Pairwise Compression (Matches Previous),Redundant Prev (90%) & Redundant Next (100%)
2025-12-16 17.30.18.png,Pairwise Compression (Matches Previous),Redundant Prev (100%) & Redundant Next (90%)
2025-12-16 17.30.38.png,Pairwise Compression (Matches Previous),Redundant Prev (90%) & Redundant Next (90%)
2025-12-16 17.30.47.png,Pairwise Compression (Matches Previous),Redundant Prev (90%) & Redundant Next (90%)
2025-12-16 17.30.55.png,Pairwise Compression (Matches Previous),Redundant Prev (90%) & Redundant Next (90%)
2025-12-16 17.31.07.png,Pairwise Compression (Matches Previous),Redundant Prev (90%) & Redundant Next (90%)
2025-12-16 17.31.18.png,Pairwise Compression (Matches Previous),Redundant Prev (90%) & Redundant Next (90%)
2025-12-16 17.31.27.png,Pairwise Compression (Matches Previous),Redundant Prev (90%) & Redundant Next (90%)
2025-12-16 17.31.38.png,Pairwise Compression (Matches Previous),Redundant Prev (90%) & Redundant Next (90%)
2025-12-16 17.31.47.png,Pairwise Compression (Matches Previous),Redundant Prev (90%) & Redundant Next (90%)
2025-12-16 17.31.59.png,Pairwise Compression (Matches Previous),Redundant Prev (90%) & Redundant Next (90%)
2025-12-16 17.32.04.png,Pairwise Compression (Matches Previous),Redundant Prev (100%) & Redundant Next (90%)
2025-12-16 17.32.13.png,Pairwise Compression (Matches Previous),Redundant Prev (90%) & Redundant Next (90%)
2025-12-16 17.32.23.png,Pairwise Compression (Matches Previous),Redundant Prev (90%) & Redundant Next (90%)
2025-12-16 17.32.32.png,Pairwise Compression (Matches Previous),Redundant Prev (90%) & Redundant Next (90%)
2025-12-16 17.32.42.png,Pairwise Compression (Matches Previous),Redundant Prev (90%) & Redundant Next (90%)
2025-12-16 17.32.51.png,Pairwise Compression (Matches Previous),Redundant Prev (90%) & Redundant Next (90%)
2025-12-16 17.33.03.png,Pairwise Compression (Matches Previous),Redundant Prev (90%) & Redundant Next (90%)
2025-12-16 17.33.21.png,Pairwise Compression (Matches Previous),Redundant Prev (100%) & Redundant Next (90%)
2025-12-16 17.33.32.png,Pairwise Compression (Matches Previous),Redundant Prev (90%) & Redundant Next (90%)
2025-12-16 17.33.40.png,Pairwise Compression (Matches Previous),Redundant Prev (100%) & Redundant Next (90%)
2025-12-16 17.33.50.png,Pairwise Compression (Matches Previous),Redundant Prev (90%) & Redundant Next (90%)
2025-12-16 17.33.59.png,Pairwise Compression (Matches Previous),Redundant Prev (100%) & Redundant Next (90%)
2025-12-16 17.34.07.png,Pairwise Compression (Matches Previous),Redundant Prev (100%) & Redundant Next (90%)
2025-12-16 17.34.13.png,Pairwise Compression (Matches Previous),Redundant Prev (100%) & Redundant Next (90%)
2025-12-16 17.34.21.png,Pairwise Compression (Matches Previous),Redundant Prev (90%) & Redundant Next (90%)
2025-12-16 17.34.30.png,Pairwise Compression (Matches Previous),Redundant Prev (90%) & Redundant Next (90%)
2025-12-16 17.34.41.png,Pairwise Compression (Matches Previous),Redundant Prev (90%) & Redundant Next (100%)
2025-12-16 17.34.47.png,Pairwise Compression (Matches Previous),Redundant Prev (90%) & Redundant Next (90%)
2025-12-16 17.34.56.png,Pairwise Compression (Matches Previous),Redundant Prev (100%) & Redundant Next (100%)
2025-12-16 17.35.02.png,Pairwise Compression (Matches Previous),Redundant Prev (90%) & Redundant Next (90%)
2025-12-16 17.35.10.png,Pairwise Compression (Matches Previous),Redundant Prev (90%) & Redundant Next (90%)
2025-12-16 17.35.20.png,Pairwise Compression (Matches Previous),Redundant Prev (90%) & Redundant Next (90%)
2025-12-16 17.35.32.png,Pairwise Compression (Matches Previous),Redundant Prev (90%) & Redundant Next (90%)
2025-12-16 17.35.41.png,Pairwise Compression (Matches Previous),Redundant Prev (90%) & Redundant Next (90%)
2025-12-16 17.35.50.png,Pairwise Compression (Matches Previous),Redundant Prev (90%) & Redundant Next (90%)
2025-12-16 17.36.00.png,Pairwise Compression (Matches Previous),Redundant Prev (90%) & Redundant Next (90%)
2025-12-16 17.36.24.png,Pairwise Compression (Matches Previous),Redundant Prev (90%) & Redundant Next (90%)
2025-12-16 17.36.35.png,Pairwise Compression (Matches Previous),Redundant Prev (90%) & Redundant Next (90%)
2025-12-16 17.36.44.png,Pairwise Compression (Matches Previous),Redundant Prev (90%) & Redundant Next (90%)
2025-12-16 17.36.53.png,Pairwise Compression (Matches Previous),Redundant Prev (90%) & Redundant Next (90%)
2025-12-16 17.37.05.png,Pairwise Compression (Matches Previous),Redundant Prev (90%) & Redundant Next (100%)
2025-12-16 17.37.11.png,Pairwise Compression (Matches Previous),Redundant Prev (90%) & Redundant Next (90%)
2025-12-16 17.37.19.png,Pairwise Compression (Matches Previous),Redundant Prev (90%) & Redundant Next (100%)
2025-12-16 17.37.25.png,Pairwise Compression (Matches Previous),Redundant Prev (90%) & Redundant Next (100%)
2025-12-16 17.37.31.png,Pairwise Compression (Matches Previous),Redundant Prev (90%) & Redundant Next (90%)
2025-12-16 17.37.39.png,Pairwise Compression (Matches Previous),Redundant Prev (90%) & Redundant Next (90%)
2025-12-16 17.37.51.png,Pairwise Compression (Matches Previous),Redundant Prev (90%) & Redundant Next (90%)
2025-12-16 17.37.59.png,Pairwise Compression (Matches Previous),Redundant Prev (90%) & Redundant Next (90%)
2025-12-16 17.38.10.png,Pairwise Compression (Matches Previous),Redundant Prev (90%) & Redundant Next (90%)
2025-12-16 17.38.21.png,Pairwise Compression (Matches Previous),Redundant Prev (90%) & Redundant Next (90%)
2025-12-16 17.38.32.png,Pairwise Compression (Matches Previous),Redundant Prev (90%) & Redundant Next (90%)
2025-12-16 17.38.41.png,Pairwise Compression (Matches Previous),Redundant Prev (90%) & Redundant Next (90%)
2025-12-16 17.38.50.png,Pairwise Compression (Matches Previous),Redundant Prev (90%) & Redundant Next (90%)
2025-12-16 17.39.08.png,Pairwise Compression (Matches Previous),Redundant Prev (90%) & Redundant Next (100%)
2025-12-16 17.39.13.png,Pairwise Compression (Matches Previous),Redundant Prev (90%) & Redundant Next (90%)
2025-12-16 17.39.23.png,Pairwise Compression (Matches Previous),Redundant Prev (90%) & Redundant Next (90%)
2025-12-16 17.39.34.png,Pairwise Compression (Matches Previous),Redundant Prev (90%) & Redundant Next (90%)
2025-12-16 17.39.40.png,Pairwise Compression (Matches Previous),Redundant Prev (100%) & Redundant Next (90%)
2025-12-16 17.39.54.png,Pairwise Compression (Matches Previous),Redundant Prev (90%) & Redundant Next (90%)
2025-12-16 17.40.04.png,Pairwise Compression (Matches Previous),Redundant Prev (90%) & Redundant Next (90%)
2025-12-16 17.40.15.png,Pairwise Compression (Matches Previous),Redundant Prev (90%) & Redundant Next (90%)
2025-12-16 17.40.23.png,Pairwise Compression (Matches Previous),Redundant Prev (90%) & Redundant Next (90%)
2025-12-16 17.40.35.png,Pairwise Compression (Matches Previous),Redundant Prev (90%) & Redundant Next (90%)
2025-12-16 17.40.45.png,Pairwise Compression (Matches Previous),Redundant Prev (90%) & Redundant Next (90%)
2025-12-16 17.40.54.png,Pairwise Compression (Matches Previous),Redundant Prev (90%) & Redundant Next (90%)
2025-12-16 17.41.05.png,Pairwise Compression (Matches Previous),Redundant Prev (90%) & Redundant Next (90%)
2025-12-16 17.41.13.png,Pairwise Compression (Matches Previous),Redundant Prev (90%) & Redundant Next (90%)
2025-12-16 17.41.25.png,Pairwise Compression (Matches Previous),Redundant Prev (90%) & Redundant Next (90%)
2025-12-16 17.41.34.png,Pairwise Compression (Matches Previous),Redundant Prev (90%) & Redundant Next (100%)
2025-12-16 17.41.40.png,Pairwise Compression (Matches Previous),Redundant Prev (90%) & Redundant Next (90%)
2025-12-16 17.41.48.png,Pairwise Compression (Matches Previous),Redundant Prev (90%) & Redundant Next (90%)
2025-12-16 17.42.13.png,Pairwise Compression (Matches Previous),Redundant Prev (90%) & Redundant Next (90%)
2025-12-16 17.42.23.png,Pairwise Compression (Matches Previous),Redundant Prev (90%) & Redundant Next (90%)
2025-12-16 17.42.31.png,Pairwise Compression (Matches Previous),Redundant Prev (90%) & Redundant Next (90%)
2025-12-16 17.42.41.png,Pairwise Compression (Matches Previous),Redundant Prev (90%) & Redundant Next (90%)
2025-12-16 17.42.54.png,Pairwise Compression (Matches Previous),Redundant Prev (90%) & Redundant Next (90%)
2025-12-16 17.43.02.png,Pairwise Compression (Matches Previous),Redundant Prev (90%) & Redundant Next (90%)
2025-12-16 17.43.14.png,Pairwise Compression (Matches Previous),Redundant Prev (90%) & Redundant Next (90%)
2025-12-16 17.43.20.png,Pairwise Compression (Matches Previous),Redundant Prev (100%) & Redundant Next (90%)
2025-12-16 17.43.28.png,Pairwise Compression (Matches Previous),Redundant Prev (90%) & Redundant Next (100%)
2025-12-16 17.43.34.png,Pairwise Compression (Matches Previous),Redundant Prev (90%) & Redundant Next (90%)
2025-12-16 17.43.44.png,Pairwise Compression (Matches Previous),Redundant Prev (90%) & Redundant Next (90%)
2025-12-16 17.43.52.png,Pairwise Compression (Matches Previous),Redundant Prev (90%) & Redundant Next (90%)
2025-12-16 17.44.04.png,Pairwise Compression (Matches Previous),Redundant Prev (90%) & Redundant Next (90%)
2025-12-16 17.44.12.png,Pairwise Compression (Matches Previous),Redundant Prev (100%) & Redundant Next (90%)
2025-12-16 17.44.18.png,Pairwise Compression (Matches Previous),Redundant Prev (90%) & Redundant Next (90%)
2025-12-16 17.44.29.png,Pairwise Compression (Matches Previous),Redundant Prev (90%) & Redundant Next (90%)
2025-12-16 17.44.38.png,Pairwise Compression (Matches Previous),Redundant Prev (90%) & Redundant Next (90%)
2025-12-16 17.45.03.png,Pairwise Compression (Matches Previous),Redundant Prev (90%) & Redundant Next (90%)
2025-12-16 17.45.11.png,Pairwise Compression (Matches Previous),Redundant Prev (90%) & Redundant Next (100%)
2025-12-16 17.45.23.png,Pairwise Compression (Matches Previous),Redundant Prev (90%) & Redundant Next (90%)
2025-12-16 17.45.31.png,Pairwise Compression (Matches Previous),Redundant Prev (90%) & Redundant Next (90%)
2025-12-16 17.45.43.png,Pairwise Compression (Matches Previous),Redundant Prev (90%) & Redundant Next (90%)
2025-12-16 17.45.51.png,Pairwise Compression (Matches Previous),Redundant Prev (90%) & Redundant Next (90%)
2025-12-16 17.46.02.png,Pairwise Compression (Matches Previous),Redundant Prev (90%) & Redundant Next (90%)
2025-12-16 17.46.11.png,Pairwise Compression (Matches Previous),Redundant Prev (90%) & Redundant Next (90%)
2025-12-16 17.46.21.png,Pairwise Compression (Matches Previous),Redundant Prev (90%) & Redundant Next (90%)
2025-12-16 17.46.30.png,Pairwise Compression (Matches Previous),Redundant Prev (100%) & Redundant Next (90%)
2025-12-16 17.46.36.png,Pairwise Compression (Matches Previous),Redundant Prev (90%) & Redundant Next (90%)
2025-12-16 17.46.47.png,Pairwise Compression (Matches Previous),Redundant Prev (90%) & Redundant Next (90%)
2025-12-16 17.46.57.png,Pairwise Compression (Matches Previous),Redundant Prev (90%) & Redundant Next (90%)
2025-12-16 17.47.09.png,Pairwise Compression (Matches Previous),Redundant Prev (90%) & Redundant Next (90%)
2025-12-16 17.47.18.png,Pairwise Compression (Matches Previous),Redundant Prev (90%) & Redundant Next (90%)
2025-12-16 17.47.26.png,Pairwise Compression (Matches Previous),Redundant Prev (90%) & Redundant Next (90%)
2025-12-16 17.47.38.png,Pairwise Compression (Matches Previous),Redundant Prev (90%) & Redundant Next (100%)
2025-12-16 17.48.14.png,Pairwise Compression (Matches Previous),Redundant Prev (100%) & Redundant Next (100%)
2025-12-16 17.49.03.png,Pairwise Compression (Matches Previous),Redundant Prev (90%) & Redundant Next (90%)
2025-12-16 17.50.36.png,Pairwise Compression (Matches Previous),Redundant Prev (100%) & Redundant Next (100%)
2025-12-16 17.50.44.png,Pairwise Compression (Matches Previous),Redundant Prev (100%) & Redundant Next (100%)
2025-12-16 17.51.23.png,Pairwise Compression (Matches Previous),Redundant Prev (100%) & Redundant Next (100%)
2025-12-16 17.52.02.png,Pairwise Compression (Matches Previous),Redundant Prev (100%) & Redundant Next (90%)
2025-12-16 17.52.10.png,Pairwise Compression (Matches Previous),Redundant Prev (90%) & Redundant Next (100%)
2025-12-16 17.52.48.png,Pairwise Compression (Matches Previous),Redundant Prev (90%) & Redundant Next (90%)
2025-12-16 17.53.11.png,Pairwise Compression (Matches Previous),Redundant Prev (100%) & Redundant Next (100%)
2025-12-16 17.53.20.png,Pairwise Compression (Matches Previous),Redundant Prev (100%) & Redundant Next (100%)
2025-12-16 17.54.11.png,Pairwise Compression (Matches Previous),Redundant Prev (90%) & Redundant Next (90%)
2025-12-16 17.54.24.png,Pairwise Compression (Matches Previous),Redundant Prev (90%) & Redundant Next (90%)
2025-12-16 17.54.33.png,Pairwise Compression (Matches Previous),Redundant Prev (90%) & Redundant Next (90%)
2025-12-16 17.54.42.png,Pairwise Compression (Matches Previous),Redundant Prev (90%) & Redundant Next (90%)
2025-12-16 17.54.51.png,Pairwise Compression (Matches Previous),Redundant Prev (90%) & Redundant Next (90%)
2025-12-16 17.55.04.png,Pairwise Compression (Matches Previous),Redundant Prev (90%) & Redundant Next (90%)
2025-12-16 17.55.14.png,Pairwise Compression (Matches Previous),Redundant Prev (90%) & Redundant Next (100%)
2025-12-16 17.55.19.png,Pairwise Compression (Matches Previous),Redundant Prev (90%) & Redundant Next (90%)
2025-12-16 17.55.27.png,Pairwise Compression (Matches Previous),Redundant Prev (90%) & Redundant Next (90%)
2025-12-16 17.55.39.png,Pairwise Compression (Matches Previous),Redundant Prev (90%) & Redundant Next (90%)
2025-12-16 17.55.48.png,Pairwise Compression (Matches Previous),Redundant Prev (90%) & Redundant Next (90%)
2025-12-16 17.56.00.png,Pairwise Compression (Matches Previous),Redundant Prev (90%) & Redundant Next (90%)
2025-12-16 17.56.09.png,Pairwise Compression (Matches Previous),Redundant Prev (90%) & Redundant Next (90%)
2025-12-16 17.56.17.png,Pairwise Compression (Matches Previous),Redundant Prev (90%) & Redundant Next (90%)
2025-12-16 17.56.28.png,Pairwise Compression (Matches Previous),Redundant Prev (90%) & Redundant Next (90%)
2025-12-16 17.56.37.png,Pairwise Compression (Matches Previous),Redundant Prev (90%) & Redundant Next (90%)
2025-12-16 17.56.49.png,Pairwise Compression (Matches Previous),Redundant Prev (90%) & Redundant Next (90%)
2025-12-16 17.56.57.png,Pairwise Compression (Matches Previous),Redundant Prev (90%) & Redundant Next (100%)
2025-12-16 17.57.09.png,Pairwise Compression (Matches Previous),Redundant Prev (100%) & Redundant Next (100%)
2025-12-16 17.57.18.png,Pairwise Compression (Matches Previous),Redundant Prev (100%) & Redundant Next (100%)
2025-12-16 17.57.27.png,Pairwise Compression (Matches Previous),Redundant Prev (100%) & Redundant Next (100%)
2025-12-16 17.58.25.png,Pairwise Compression (Matches Previous),Redundant Prev (90%) & Redundant Next (90%)
2025-12-16 17.58.35.png,Pairwise Compression (Matches Previous),Redundant Prev (90%) & Redundant Next (90%)
2025-12-16 17.58.45.png,Pairwise Compression (Matches Previous),Redundant Prev (90%) & Redundant Next (90%)
2025-12-16 17.58.54.png,Pairwise Compression (Matches Previous),Redundant Prev (90%) & Redundant Next (90%)
2025-12-16 17.59.06.png,Pairwise Compression (Matches Previous),Redundant Prev (90%) & Redundant Next (90%)
2025-12-16 17.59.16.png,Pairwise Compression (Matches Previous),Redundant Prev (90%) & Redundant Next (100%)
2025-12-16 17.59.32.png,Pairwise Compression (Matches Previous),Redundant Prev (90%) & Redundant Next (90%)
2025-12-16 17.59.41.png,Pairwise Compression (Matches Previous),Redundant Prev (90%) & Redundant Next (90%)
2025-12-16 17.59.52.png,Pairwise Compression (Matches Previous),Redundant Prev (90%) & Redundant Next (90%)
2025-12-16 18.00.01.png,Pairwise Compression (Matches Previous),Redundant Prev (90%) & Redundant Next (100%)
2025-12-16 18.00.07.png,Pairwise Compression (Matches Previous),Redundant Prev (90%) & Redundant Next (90%)
2025-12-16 18.00.16.png,Pairwise Compression (Matches Previous),Redundant Prev (90%) & Redundant Next (90%)
2025-12-16 18.00.25.png,Pairwise Compression (Matches Previous),Redundant Prev (90%) & Redundant Next (90%)
2025-12-16 18.00.37.png,Pairwise Compression (Matches Previous),Redundant Prev (90%) & Redundant Next (100%)
2025-12-16 18.00.43.png,Pairwise Compression (Matches Previous),Redundant Prev (90%) & Redundant Next (90%)
2025-12-16 18.00.51.png,Pairwise Compression (Matches Previous),Redundant Prev (90%) & Redundant Next (100%)
2025-12-16 18.00.56.png,Pairwise Compression (Matches Previous),Redundant Prev (90%) & Redundant Next (90%)
2025-12-16 18.01.08.png,Pairwise Compression (Matches Previous),Redundant Prev (90%) & Redundant Next (90%)
2025-12-16 18.01.19.png,Pairwise Compression (Matches Previous),Redundant Prev (100%) & Redundant Next (90%)
2025-12-16 18.01.25.png,Pairwise Compression (Matches Previous),Redundant Prev (90%) & Redundant Next (90%)
2025-12-16 18.01.38.png,Pairwise Compression (Matches Previous),Redundant Prev (90%) & Redundant Next (90%)
2025-12-16 18.01.46.png,Pairwise Compression (Matches Previous),Redundant Prev (90%) & Redundant Next (90%)
2025-12-16 18.01.57.png,Pairwise Compression (Matches Previous),Redundant Prev (90%) & Redundant Next (90%)
2025-12-16 18.02.07.png,Pairwise Compression (Matches Previous),Redundant Prev (90%) & Redundant Next (90%)
2025-12-16 18.02.16.png,Pairwise Compression (Matches Previous),Redundant Prev (90%) & Redundant Next (90%)
2025-12-16 18.02.27.png,Pairwise Compression (Matches Previous),Redundant Prev (90%) & Redundant Next (90%)
2025-12-16 18.02.38.png,Pairwise Compression (Matches Previous),Redundant Prev (90%) & Redundant Next (90%)
2025-12-16 18.02.46.png,Pairwise Compression (Matches Previous),Redundant Prev (90%) & Redundant Next (90%)
2025-12-16 18.02.57.png,Pairwise Compression (Matches Previous),Redundant Prev (90%) & Redundant Next (90%)
2025-12-16 18.03.08.png,Pairwise Compression (Matches Previous),Redundant Prev (90%) & Redundant Next (90%)
2025-12-16 18.03.18.png,Pairwise Compression (Matches Previous),Redundant Prev (90%) & Redundant Next (90%)
2025-12-16 18.03.27.png,Pairwise Compression (Matches Previous),Redundant Prev (90%) & Redundant Next (90%)
2025-12-16 18.03.35.png,Pairwise Compression (Matches Previous),Redundant Prev (100%) & Redundant Next (100%)
2025-12-16 18.03.53.png,Pairwise Compression (Matches Previous),Redundant Prev (90%) & Redundant Next (90%)
2025-12-16 18.04.04.png,Pairwise Compression (Matches Previous),Redundant Prev (90%) & Redundant Next (90%)
2025-12-16 18.04.13.png,Pairwise Compression (Matches Previous),Redundant Prev (90%) & Redundant Next (90%)
2025-12-16 18.04.22.png,Pairwise Compression (Matches Previous),Redundant Prev (90%) & Redundant Next (90%)
2025-12-16 18.04.34.png,Pairwise Compression (Matches Previous),Redundant Prev (90%) & Redundant Next (90%)
2025-12-16 18.04.44.png,Pairwise Compression (Matches Previous),Redundant Prev (90%) & Redundant Next (90%)
2025-12-16 18.04.53.png,Pairwise Compression (Matches Previous),Redundant Prev (90%) & Redundant Next (90%)
2025-12-16 18.05.05.png,Pairwise Compression (Matches Previous),Redundant Prev (90%) & Redundant Next (90%)
2025-12-16 18.05.14.png,Pairwise Compression (Matches Previous),Redundant Prev (90%) & Redundant Next (90%)
2025-12-16 18.05.23.png,Pairwise Compression (Matches Previous),Redundant Prev (90%) & Redundant Next (90%)
2025-12-16 18.05.35.png,Pairwise Compression (Matches Previous),Redundant Prev (90%) & Redundant Next (90%)
2025-12-16 18.05.44.png,Pairwise Compression (Matches Previous),Redundant Prev (90%) & Redundant Next (90%)
2025-12-16 18.05.53.png,Pairwise Compression (Matches Previous),Redundant Prev (90%) & Redundant Next (100%)
2025-12-16 18.06.00.png,Pairwise Compression (Matches Previous),Redundant Prev (90%) & Redundant Next (100%)
2025-12-16 18.06.06.png,Pairwise Compression (Matches Previous),Redundant Prev (90%) & Redundant Next (90%)
2025-12-16 18.06.15.png,Pairwise Compression (Matches Previous),Redundant Prev (90%) & Redundant Next (100%)
2025-12-16 18.06.21.png,Pairwise Compression (Matches Previous),Redundant Prev (90%) & Redundant Next (90%)
2025-12-16 18.06.27.png,Pairwise Compression (Matches Previous),Redundant Prev (100%) & Redundant Next (90%)
2025-12-16 18.06.33.png,Pairwise Compression (Matches Previous),Redundant Prev (100%) & Redundant Next (90%)
2025-12-16 18.06.53.png,Pairwise Compression (Matches Previous),Redundant Prev (90%) & Redundant Next (90%)
2025-12-16 18.07.02.png,Pairwise Compression (Matches Previous),Redundant Prev (90%) & Redundant Next (90%)
2025-12-16 18.07.13.png,Pairwise Compression (Matches Previous),Redundant Prev (90%) & Redundant Next (90%)
2025-12-16 18.07.23.png,Pairwise Compression (Matches Previous),Redundant Prev (90%) & Redundant Next (90%)
2025-12-16 18.07.32.png,Pairwise Compression (Matches Previous),Redundant Prev (100%) & Redundant Next (90%)
2025-12-16 18.07.41.png,Pairwise Compression (Matches Previous),Redundant Prev (90%) & Redundant Next (90%)
2025-12-16 18.07.54.png,Pairwise Compression (Matches Previous),Redundant Prev (90%) & Redundant Next (90%)
2025-12-16 18.08.02.png,Pairwise Compression (Matches Previous),Redundant Prev (100%) & Redundant Next (90%)
2025-12-16 18.08.08.png,Pairwise Compression (Matches Previous),Redundant Prev (90%) & Redundant Next (90%)
2025-12-16 18.08.17.png,Pairwise Compression (Matches Previous),Redundant Prev (100%) & Redundant Next (90%)
2025-12-16 18.08.30.png,Pairwise Compression (Matches Previous),Redundant Prev (90%) & Redundant Next (90%)
2025-12-16 18.08.40.png,Pairwise Compression (Matches Previous),Redundant Prev (90%) & Redundant Next (100%)
2025-12-16 18.08.50.png,Pairwise Compression (Matches Previous),Redundant Prev (90%) & Redundant Next (90%)
2025-12-16 18.08.59.png,Pairwise Compression (Matches Previous),Redundant Prev (90%) & Redundant Next (90%)
2025-12-16 18.09.08.png,Pairwise Compression (Matches Previous),Redundant Prev (90%) & Redundant Next (100%)
2025-12-16 18.09.14.png,Pairwise Compression (Matches Previous),Redundant Prev (90%) & Redundant Next (90%)
2025-12-16 18.09.38.png,Pairwise Compression (Matches Previous),Redundant Prev (90%) & Redundant Next (90%)
2025-12-16 18.09.48.png,Pairwise Compression (Matches Previous),Redundant Prev (90%) & Redundant Next (90%)
2025-12-16 18.09.57.png,Pairwise Compression (Matches Previous),Redundant Prev (90%) & Redundant Next (90%)
2025-12-16 18.11.03.png,Pairwise Compression (Matches Previous),Redundant Prev (90%) & Redundant Next (90%)
2025-12-16 18.11.21.png,Pairwise Compression (Matches Previous),Redundant Prev (90%) & Redundant Next (90%)
2025-12-16 18.11.33.png,Pairwise Compression (Matches Previous),Redundant Prev (90%) & Redundant Next (90%)
2025-12-16 18.11.42.png,Pairwise Compression (Matches Previous),Redundant Prev (90%) & Redundant Next (100%)
2025-12-16 18.11.51.png,Pairwise Compression (Matches Previous),Redundant Prev (90%) & Redundant Next (100%)
2025-12-16 18.11.57.png,Pairwise Compression (Matches Previous),Redundant Prev (90%) & Redundant Next (100%)
2025-12-16 18.12.03.png,Pairwise Compression (Matches Previous),Redundant Prev (90%) & Redundant Next (90%)
2025-12-16 18.12.12.png,Pairwise Compression (Matches Previous),Redundant Prev (90%) & Redundant Next (90%)
2025-12-16 18.12.23.png,Pairwise Compression (Matches Previous),Redundant Prev (90%) & Redundant Next (100%)
2025-12-16 18.13.23.png,Pairwise Compression (Matches Previous),Redundant Prev (90%) & Redundant Next (90%)
2025-12-16 18.13.32.png,Pairwise Compression (Matches Previous),Redundant Prev (90%) & Redundant Next (90%)
2025-12-16 18.13.44.png,Pairwise Compression (Matches Previous),Redundant Prev (90%) & Redundant Next (90%)
2025-12-16 18.13.52.png,Pairwise Compression (Matches Previous),Redundant Prev (90%) & Redundant Next (90%)
2025-12-16 18.14.04.png,Pairwise Compression (Matches Previous),Redundant Prev (90%) & Redundant Next (90%)
2025-12-16 18.14.15.png,Pairwise Compression (Matches Previous),Redundant Prev (90%) & Redundant Next (90%)
2025-12-16 18.14.25.png,Pairwise Compression (Matches Previous),Redundant Prev (90%) & Redundant Next (90%)
2025-12-16 18.15.14.png,Pairwise Compression (Matches Previous),Redundant Prev (100%) & Redundant Next (100%)
2025-12-16 18.15.32.png,Pairwise Compression (Matches Previous),Redundant Prev (100%) & Redundant Next (100%)
2025-12-16 18.15.38.png,Pairwise Compression (Matches Previous),Redundant Prev (100%) & Redundant Next (100%)
2025-12-16 18.15.47.png,Pairwise Compression (Matches Previous),Redundant Prev (100%) & Redundant Next (100%)
2025-12-16 18.16.08.png,Pairwise Compression (Matches Previous),Redundant Prev (100%) & Redundant Next (100%)
2025-12-16 18.16.24.png,Pairwise Compression (Matches Previous),Redundant Prev (100%) & Redundant Next (100%)
2025-12-16 18.17.27.png,Pairwise Compression (Matches Previous),Redundant Prev (100%) & Redundant Next (100%)
2025-12-16 18.19.07.png,Pairwise Compression (Matches Previous),Redundant Prev (90%) & Redundant Next (100%)
2025-12-16 18.19.13.png,Pairwise Compression (Matches Previous),Redundant Prev (90%) & Redundant Next (90%)
2025-12-16 18.19.30.png,Pairwise Compression (Matches Previous),Redundant Prev (90%) & Redundant Next (90%)
2025-12-16 18.19.39.png,Pairwise Compression (Matches Previous),Redundant Prev (90%) & Redundant Next (90%)
2025-12-16 18.19.49.png,Pairwise Compression (Matches Previous),Redundant Prev (90%) & Redundant Next (90%)
2025-12-16 18.19.58.png,Pairwise Compression (Matches Previous),Redundant Prev (90%) & Redundant Next (90%)
2025-12-16 18.20.06.png,Pairwise Compression (Matches Previous),Redundant Prev (100%) & Redundant Next (90%)
2025-12-16 18.20.15.png,Pairwise Compression (Matches Previous),Redundant Prev (90%) & Redundant Next (90%)
2025-12-16 18.20.25.png,Pairwise Compression (Matches Previous),Redundant Prev (90%) & Redundant Next (90%)
2025-12-16 18.20.35.png,Pairwise Compression (Matches Previous),Redundant Prev (90%) & Redundant Next (100%)
2025-12-16 18.20.48.png,Pairwise Compression (Matches Previous),Redundant Prev (100%) & Redundant Next (100%)
2025-12-16 18.21.00.png,Pairwise Compression (Matches Previous),Redundant Prev (100%)
2025-12-16 18.21.11.png,Pairwise Compression (Matches Previous),Redundant Prev (100%) & Redundant Next (100%)
2025-12-16 18.21.20.png,Pairwise Compression (Matches Previous),Redundant Prev (100%) & Redundant Next (100%)
2025-12-16 18.21.31.png,Pairwise Compression (Matches Previous),Redundant Prev (100%) & Redundant Next (100%)
2025-12-16 18.21.40.png,Pairwise Compression (Matches Previous),Redundant Prev (100%) & Redundant Next (100%)
