Deleted_Filename,Reason,Original_Status
2025-12-16 17.15.55.png,Pairwise Compression (Matches Previous),Redundant Prev (100%)
2025-12-16 17.16.01.png,Pairwise Compression (Matches Previous),Redundant Prev (100%)
2025-12-16 17.16.15.png,Pairwise Compression (Matches Previous),Redundant Prev (81%) & Redundant Next (100%)
2025-12-16 17.16.21.png,Pairwise Compression (Matches Previous),Redundant Prev (100%)
2025-12-16 17.16.26.png,Pairwise Compression (Matches Previous),Redundant Prev (100%)
2025-12-16 17.16.32.png,Pairwise Compression (Matches Previous),Redundant Prev (100%)
2025-12-16 17.16.40.png,Pairwise Compression (Matches Previous),Redundant Prev (100%)
2025-12-16 17.16.46.png,Pairwise Compression (Matches Previous),Redundant Prev (100%)
2025-12-16 17.17.00.png,Pairwise Compression (Matches Previous),Redundant Prev (100%)
2025-12-16 17.17.06.png,Pairwise Compression (Matches Previous),Redundant Prev (100%)
2025-12-16 17.17.11.png,Pairwise Compression (Matches Previous),Redundant Prev (100%)
2025-12-16 17.17.25.png,Pairwise Compression (Matches Previous),Redundant Prev (100%)
2025-12-16 17.17.33.png,Pairwise Compression (Matches Previous),Redundant Prev (100%)
2025-12-16 17.17.40.png,Pairwise Compression (Matches Previous),Redundant Prev (100%) & Redundant Next (100%)
2025-12-16 17.17.52.png,Pairwise Compression (Matches Previous),Redundant Prev (100%)
2025-12-16 17.18.01.png,Pairwise Compression (Matches Previous),Redundant Prev (100%)
2025-12-16 17.18.08.png,Pairwise Compression (Matches Previous),Redundant Prev (100%)
2025-12-16 17.18.14.png,Pairwise Compression (Matches Previous),Redundant Prev (100%)
2025-12-16 17.18.23.png,Pairwise Compression (Matches Previous),Redundant Prev (100%)
2025-12-16 17.18.34.png,Pairwise Compression (Matches Previous),Redundant Prev (100%)
2025-12-16 17.18.39.png,Pairwise Compression (Matches Previous),Redundant Prev (100%)
2025-12-16 17.18.47.png,Pairwise Compression (Matches Previous),Redundant Prev (100%)
2025-12-16 17.18.53.png,Pairwise Compression (Matches Previous),Redundant Prev (100%)
2025-12-16 17.18.59.png,Pairwise Compression (Matches Previous),Redundant Prev (100%)
2025-12-16 17.19.12.png,Pairwise Compression (Matches Previous),Redundant Prev (100%)
2025-12-16 17.19.18.png,Pairwise Compression (Matches Previous),Redundant Prev (100%)
2025-12-16 17.19.44.png,Pairwise Compression (Matches Previous),Redundant Prev (100%)
2025-12-16 17.19.49.png,Pairwise Compression (Matches Previous),Redundant Prev (100%)
2025-12-16 17.20.00.png,Pairwise Compression (Matches Previous),Redundant Prev (100%)
2025-12-16 17.20.06.png,Pairwise Compression (Matches Previous),Redundant Prev (100%)
2025-12-16 17.20.15.png,Pairwise Compression (Matches Previous),Redundant Prev (100%)
2025-12-16 17.20.21.png,Pairwise Compression (Matches Previous),Redundant Prev (100%)
2025-12-16 17.20.27.png,Pairwise Compression (Matches Previous),Redundant Prev (100%)
2025-12-16 17.20.35.png,Pairwise Compression (Matches Previous),Redundant Prev (81%) & Redundant Next (100%)
2025-12-16 17.20.40.png,Pairwise Compression (Matches Previous),Redundant Prev (100%)
2025-12-16 17.20.46.png,Pairwise Compression (Matches Previous),Redundant Prev (100%)
2025-12-16 17.21.06.png,Pairwise Compression (Matches Previous),Redundant Prev (100%)
2025-12-16 17.21.11.png,Pairwise Compression (Matches Previous),Redundant Prev (100%)
2025-12-16 17.21.17.png,Pairwise Compression (Matches Previous),Redundant Prev (100%) & Redundant Next (100%)
2025-12-16 17.21.46.png,Pairwise Compression (Matches Previous),Redundant Prev (100%)
2025-12-16 17.21.52.png,Pairwise Compression (Matches Previous),Redundant Prev (100%)
2025-12-16 17.22.06.png,Pairwise Compression (Matches Previous),Redundant Prev (100%)
2025-12-16 17.22.12.png,Pairwise Compression (Matches Previous),Redundant Prev (100%)
2025-12-16 17.22.18.png,Pairwise Compression (Matches Previous),Redundant Prev (100%)
2025-12-16 17.22.24.png,Pairwise Compression (Matches Previous),Redundant Prev (100%)
2025-12-16 17.22.32.png,Pairwise Compression (Matches Previous),Redundant Prev (100%)
2025-12-16 17.22.38.png,Pairwise Compression (Matches Previous),Redundant Prev (100%)
2025-12-16 17.22.43.png,Pairwise Compression (Matches Previous),Redundant Prev (100%)
2025-12-16 17.22.49.png,Pairwise Compression (Matches Previous),Redundant Prev (100%)
2025-12-16 17.22.55.png,Pairwise Compression (Matches Previous),Redundant Prev (100%)
2025-12-16 17.23.20.png,Pairwise Compression (Matches Previous),Redundant Prev (100%)
2025-12-16 17.23.35.png,Pairwise Compression (Matches Previous),Redundant Prev (100%)
2025-12-16 17.23.41.png,Pairwise Compression (Matches Previous),Redundant Prev (100%)
2025-12-16 17.23.55.png,Pairwise Compression (Matches Previous),Redundant Prev (100%)
2025-12-16 17.24.01.png,Pairwise Compression (Matches Previous),Redundant Prev (100%)
2025-12-16 17.24.12.png,Pairwise Compression (Matches Previous),Redundant Prev (100%) & Redundant Next (100%)
2025-12-16 17.24.31.png,Pairwise Compression (Matches Previous),Redundant Prev (100%) & Redundant Next (100%)
2025-12-16 17.24.36.png,Pairwise Compression (Matches Previous),Redundant Prev (100%) & Redundant Next (100%)
2025-12-16 17.24.45.png,Pairwise Compression (Matches Previous),Redundant Prev (100%) & Redundant Next (100%)
2025-12-16 17.24.56.png,Pairwise Compression (Matches Previous),Redundant Prev (100%) & Redundant Next (100%)
2025-12-16 17.25.04.png,Pairwise Compression (Matches Previous),Redundant Prev (100%) & Redundant Next (100%)
2025-12-16 17.25.19.png,Pairwise Compression (Matches Previous),Redundant Prev (100%) & Redundant Next (100%)
2025-12-16 17.25.27.png,Pairwise Compression (Matches Previous),Redundant Prev (100%) & Redundant Next (100%)
2025-12-16 17.25.33.png,Pairwise Compression (Matches Previous),Redundant Prev (100%) & Redundant Next (100%)
2025-12-16 17.25.38.png,Pairwise Compression (Matches Previous),Redundant Prev (100%) & Redundant Next (100%)
2025-12-16 17.26.02.png,Pairwise Compression (Matches Previous),Redundant Prev (100%) & Redundant Next (100%)
2025-12-16 17.26.10.png,Pairwise Compression (Matches Previous),Redundant Prev (100%) & Redundant Next (100%)
2025-12-16 17.26.21.png,Pairwise Compression (Matches Previous),Redundant Prev (100%)
2025-12-16 17.26.38.png,Pairwise Compression (Matches Previous),Redundant Prev (100%)
2025-12-16 17.26.47.png,Pairwise Compression (Matches Previous),Redundant Prev (100%)
2025-12-16 17.27.01.png,Pairwise Compression (Matches Previous),Redundant Prev (100%)
2025-12-16 17.27.07.png,Pairwise Compression (Matches Previous),Redundant Prev (100%)
2025-12-16 17.27.35.png,Pairwise Compression (Matches Previous),Redundant Prev (100%)
2025-12-16 17.27.45.png,Pairwise Compression (Matches Previous),Redundant Prev (100%)
2025-12-16 17.27.51.png,Pairwise Compression (Matches Previous),Redundant Prev (100%)
2025-12-16 17.28.00.png,Pairwise Compression (Matches Previous),Redundant Prev (100%)
2025-12-16 17.28.05.png,Pairwise Compression (Matches Previous),Redundant Prev (81%) & Redundant Next (100%)
2025-12-16 17.28.11.png,Pairwise Compression (Matches Previous),Redundant Prev (81%) & Redundant Next (100%)
2025-12-16 17.28.20.png,Pairwise Compression (Matches Previous),Redundant Prev (100%)
2025-12-16 17.28.26.png,Pairwise Compression (Matches Previous),Redundant Prev (100%)
2025-12-16 17.28.40.png,Pairwise Compression (Matches Previous),Redundant Prev (100%)
2025-12-16 17.28.55.png,Pairwise Compression (Matches Previous),Redundant Prev (100%)
2025-12-16 17.29.00.png,Pairwise Compression (Matches Previous),Redundant Prev (100%)
2025-12-16 17.29.16.png,Pairwise Compression (Matches Previous),Redundant Prev (100%)
2025-12-16 17.29.22.png,Pairwise Compression (Matches Previous),Redundant Prev (100%)
2025-12-16 17.29.31.png,Pairwise Compression (Matches Previous),Redundant Prev (100%)
2025-12-16 17.29.40.png,Pairwise Compression (Matches Previous),Redundant Prev (100%)
2025-12-16 17.29.46.png,Pairwise Compression (Matches Previous),Redundant Prev (100%)
2025-12-16 17.30.01.png,Pairwise Compression (Matches Previous),Redundant Prev (81%) & Redundant Next (100%)
2025-12-16 17.30.31.png,Pairwise Compression (Matches Previous),Redundant Prev (100%)
2025-12-16 17.30.40.png,Pairwise Compression (Matches Previous),Redundant Prev (100%)
2025-12-16 17.30.55.png,Pairwise Compression (Matches Previous),Redundant Prev (100%)
2025-12-16 17.31.10.png,Pairwise Compression (Matches Previous),Redundant Prev (100%)
2025-12-16 17.31.15.png,Pairwise Compression (Matches Previous),Redundant Prev (100%)
2025-12-16 17.31.21.png,Pairwise Compression (Matches Previous),Redundant Prev (100%)
2025-12-16 17.31.27.png,Pairwise Compression (Matches Previous),Redundant Prev (100%) & Redundant Next (100%)
2025-12-16 17.31.35.png,Pairwise Compression (Matches Previous),Redundant Prev (100%)
2025-12-16 17.31.41.png,Pairwise Compression (Matches Previous),Redundant Prev (100%)
2025-12-16 17.31.55.png,Pairwise Compression (Matches Previous),Redundant Prev (100%)
2025-12-16 17.32.01.png,Pairwise Compression (Matches Previous),Redundant Prev (100%)
2025-12-16 17.32.07.png,Pairwise Compression (Matches Previous),Redundant Prev (100%)
2025-12-16 17.32.16.png,Pairwise Compression (Matches Previous),Redundant Prev (100%)
2025-12-16 17.32.26.png,Pairwise Compression (Matches Previous),Redundant Prev (100%)
2025-12-16 17.32.36.png,Pairwise Compression (Matches Previous),Redundant Prev (100%)
2025-12-16 17.32.51.png,Pairwise Compression (Matches Previous),Redundant Prev (100%)
2025-12-16 17.33.06.png,Pairwise Compression (Matches Previous),Redundant Prev (81%) & Redundant Next (100%)
2025-12-16 17.33.21.png,Pairwise Compression (Matches Previous),Redundant Prev (100%) & Redundant Next (100%)
2025-12-16 17.33.29.png,Pairwise Compression (Matches Previous),Redundant Prev (100%)
2025-12-16 17.33.35.png,Pairwise Compression (Matches Previous),Redundant Prev (100%)
2025-12-16 17.33.40.png,Pairwise Compression (Matches Previous),Redundant Prev (100%)
2025-12-16 17.33.50.png,Pairwise Compression (Matches Previous),Redundant Prev (100%)
2025-12-16 17.33.59.png,Pairwise Compression (Matches Previous),Redundant Prev (100%)
2025-12-16 17.34.05.png,Pairwise Compression (Matches Previous),Redundant Prev (100%)
2025-12-16 17.34.10.png,Pairwise Compression (Matches Previous),Redundant Prev (100%)
2025-12-16 17.34.30.png,Pairwise Compression (Matches Previous),Redundant Prev (100%)
2025-12-16 17.34.50.png,Pairwise Compression (Matches Previous),Redundant Prev (100%)
2025-12-16 17.35.04.png,Pairwise Compression (Matches Previous),Redundant Prev (100%)
2025-12-16 17.35.10.png,Pairwise Compression (Matches Previous),Redundant Prev (100%)
2025-12-16 17.35.20.png,Pairwise Compression (Matches Previous),Redundant Prev (100%)
2025-12-16 17.35.35.png,Pairwise Compression (Matches Previous),Redundant Prev (100%)
2025-12-16 17.35.50.png,Pairwise Compression (Matches Previous),Redundant Prev (100%)
2025-12-16 17.36.00.png,Pairwise Compression (Matches Previous),Redundant Prev (100%)
2025-12-16 17.36.35.png,Pairwise Compression (Matches Previous),Redundant Prev (100%) & Redundant Next (100%)
2025-12-16 17.36.44.png,Pairwise Compression (Matches Previous),Redundant Prev (100%)
2025-12-16 17.36.53.png,Pairwise Compression (Matches Previous),Redundant Prev (100%)
2025-12-16 17.37.08.png,Pairwise Compression (Matches Previous),Redundant Prev (100%)
2025-12-16 17.37.14.png,Pairwise Compression (Matches Previous),Redundant Prev (100%)
2025-12-16 17.37.28.png,Pairwise Compression (Matches Previous),Redundant Prev (100%)
2025-12-16 17.37.33.png,Pairwise Compression (Matches Previous),Redundant Prev (81%) & Redundant Next (100%)
2025-12-16 17.37.39.png,Pairwise Compression (Matches Previous),Redundant Prev (100%)
2025-12-16 17.37.48.png,Pairwise Compression (Matches Previous),Redundant Prev (100%)
2025-12-16 17.37.54.png,Pairwise Compression (Matches Previous),Redundant Prev (100%)
2025-12-16 17.38.10.png,Pairwise Compression (Matches Previous),Redundant Prev (100%)
2025-12-16 17.38.18.png,Pairwise Compression (Matches Previous),Redundant Prev (100%)
2025-12-16 17.38.24.png,Pairwise Compression (Matches Previous),Redundant Prev (100%)
2025-12-16 17.38.29.png,Pairwise Compression (Matches Previous),Redundant Prev (100%)
2025-12-16 17.38.34.png,Pairwise Compression (Matches Previous),Redundant Prev (100%)
2025-12-16 17.38.44.png,Pairwise Compression (Matches Previous),Redundant Prev (100%)
2025-12-16 17.38.50.png,Pairwise Compression (Matches Previous),Redundant Prev (100%)
2025-12-16 17.39.10.png,Pairwise Compression (Matches Previous),Redundant Prev (100%)
2025-12-16 17.39.16.png,Pairwise Compression (Matches Previous),Redundant Prev (81%) & Redundant Next (100%)
2025-12-16 17.39.23.png,Pairwise Compression (Matches Previous),Redundant Prev (100%)
2025-12-16 17.39.34.png,Pairwise Compression (Matches Previous),Redundant Prev (100%) & Redundant Next (100%)
2025-12-16 17.39.58.png,Pairwise Compression (Matches Previous),Redundant Prev (100%)
2025-12-16 17.40.12.png,Pairwise Compression (Matches Previous),Redundant Prev (100%)
2025-12-16 17.40.18.png,Pairwise Compression (Matches Previous),Redundant Prev (100%)
2025-12-16 17.40.23.png,Pairwise Compression (Matches Previous),Redundant Prev (100%)
2025-12-16 17.40.38.png,Pairwise Compression (Matches Previous),Redundant Prev (100%)
2025-12-16 17.40.48.png,Pairwise Compression (Matches Previous),Redundant Prev (100%)
2025-12-16 17.40.57.png,Pairwise Compression (Matches Previous),Redundant Prev (100%)
2025-12-16 17.41.02.png,Pairwise Compression (Matches Previous),Redundant Prev (100%)
2025-12-16 17.41.08.png,Pairwise Compression (Matches Previous),Redundant Prev (81%) & Redundant Next (100%)
2025-12-16 17.41.13.png,Pairwise Compression (Matches Previous),Redundant Prev (100%)
2025-12-16 17.41.28.png,Pairwise Compression (Matches Previous),Redundant Prev (100%)
2025-12-16 17.41.40.png,Pairwise Compression (Matches Previous),Redundant Prev (100%) & Redundant Next (100%)
2025-12-16 17.41.48.png,Pairwise Compression (Matches Previous),Redundant Prev (81%) & Redundant Next (100%)
2025-12-16 17.42.16.png,Pairwise Compression (Matches Previous),Redundant Prev (100%)
2025-12-16 17.42.31.png,Pairwise Compression (Matches Previous),Redundant Prev (100%)
2025-12-16 17.42.41.png,Pairwise Compression (Matches Previous),Redundant Prev (100%)
2025-12-16 17.42.51.png,Pairwise Compression (Matches Previous),Redundant Prev (100%)
2025-12-16 17.42.57.png,Pairwise Compression (Matches Previous),Redundant Prev (100%)
2025-12-16 17.43.11.png,Pairwise Compression (Matches Previous),Redundant Prev (100%)
2025-12-16 17.43.17.png,Pairwise Compression (Matches Previous),Redundant Prev (100%)
2025-12-16 17.43.28.png,Pairwise Compression (Matches Previous),Redundant Prev (100%)
2025-12-16 17.43.37.png,Pairwise Compression (Matches Previous),Redundant Prev (100%)
2025-12-16 17.43.47.png,Pairwise Compression (Matches Previous),Redundant Prev (100%)
2025-12-16 17.43.52.png,Pairwise Compression (Matches Previous),Redundant Prev (100%)
2025-12-16 17.44.12.png,Pairwise Compression (Matches Previous),Redundant Prev (100%)
2025-12-16 17.44.18.png,Pairwise Compression (Matches Previous),Redundant Prev (100%)
2025-12-16 17.44.32.png,Pairwise Compression (Matches Previous),Redundant Prev (100%)
2025-12-16 17.44.38.png,Pairwise Compression (Matches Previous),Redundant Prev (100%)
2025-12-16 17.44.52.png,Pairwise Compression (Matches Previous),Redundant Prev (100%) & Redundant Next (100%)
2025-12-16 17.45.00.png,Pairwise Compression (Matches Previous),Redundant Prev (100%)
2025-12-16 17.45.06.png,Pairwise Compression (Matches Previous),Redundant Prev (100%)
2025-12-16 17.45.25.png,Pairwise Compression (Matches Previous),Redundant Prev (100%)
2025-12-16 17.45.31.png,Pairwise Compression (Matches Previous),Redundant Prev (100%)
2025-12-16 17.45.40.png,Pairwise Compression (Matches Previous),Redundant Prev (81%) & Redundant Next (100%)
2025-12-16 17.45.45.png,Pairwise Compression (Matches Previous),Redundant Prev (100%)
2025-12-16 17.45.51.png,Pairwise Compression (Matches Previous),Redundant Prev (100%)
2025-12-16 17.46.11.png,Pairwise Compression (Matches Previous),Redundant Prev (100%)
2025-12-16 17.46.36.png,Pairwise Compression (Matches Previous),Redundant Prev (100%)
2025-12-16 17.46.47.png,Pairwise Compression (Matches Previous),Redundant Prev (100%)
2025-12-16 17.46.57.png,Pairwise Compression (Matches Previous),Redundant Prev (100%)
2025-12-16 17.47.06.png,Pairwise Compression (Matches Previous),Redundant Prev (100%)
2025-12-16 17.47.11.png,Pairwise Compression (Matches Previous),Redundant Prev (100%)
2025-12-16 17.47.26.png,Pairwise Compression (Matches Previous),Redundant Prev (100%)
2025-12-16 17.50.06.png,Pairwise Compression (Matches Previous),Redundant Prev (90%) & Redundant Next (90%)
2025-12-16 17.54.11.png,Pairwise Compression (Matches Previous),Redundant Prev (100%)
2025-12-16 17.54.27.png,Pairwise Compression (Matches Previous),Redundant Prev (100%)
2025-12-16 17.54.36.png,Pairwise Compression (Matches Previous),Redundant Prev (100%)
2025-12-16 17.54.42.png,Pairwise Compression (Matches Previous),Redundant Prev (100%)
2025-12-16 17.54.51.png,Pairwise Compression (Matches Previous),Redundant Prev (100%)
2025-12-16 17.54.58.png,Pairwise Compression (Matches Previous),Redundant Prev (100%)
2025-12-16 17.55.07.png,Pairwise Compression (Matches Previous),Redundant Prev (100%)
2025-12-16 17.55.14.png,Pairwise Compression (Matches Previous),Redundant Prev (100%) & Redundant Next (81%)
2025-12-16 17.55.19.png,Pairwise Compression (Matches Previous),Redundant Prev (100%) & Redundant Next (100%)
2025-12-16 17.55.27.png,Pairwise Compression (Matches Previous),Redundant Prev (100%)
2025-12-16 17.55.36.png,Pairwise Compression (Matches Previous),Redundant Prev (100%)
2025-12-16 17.55.42.png,Pairwise Compression (Matches Previous),Redundant Prev (100%)
2025-12-16 17.55.48.png,Pairwise Compression (Matches Previous),Redundant Prev (100%)
2025-12-16 17.55.57.png,Pairwise Compression (Matches Previous),Redundant Prev (100%)
2025-12-16 17.56.03.png,Pairwise Compression (Matches Previous),Redundant Prev (100%)
2025-12-16 17.56.12.png,Pairwise Compression (Matches Previous),Redundant Prev (100%)
2025-12-16 17.56.17.png,Pairwise Compression (Matches Previous),Redundant Prev (100%)
2025-12-16 17.56.23.png,Pairwise Compression (Matches Previous),Redundant Prev (100%)
2025-12-16 17.56.37.png,Pairwise Compression (Matches Previous),Redundant Prev (100%)
2025-12-16 17.56.52.png,Pairwise Compression (Matches Previous),Redundant Prev (100%)
2025-12-16 17.56.57.png,Pairwise Compression (Matches Previous),Redundant Prev (100%)
2025-12-16 17.57.27.png,Pairwise Compression (Matches Previous),Redundant Prev (100%) & Redundant Next (100%)
2025-12-16 17.58.22.png,Pairwise Compression (Matches Previous),Redundant Prev (81%) & Redundant Next (100%)
2025-12-16 17.58.28.png,Pairwise Compression (Matches Previous),Redundant Prev (100%)
2025-12-16 17.58.35.png,Pairwise Compression (Matches Previous),Redundant Prev (100%)
2025-12-16 17.58.49.png,Pairwise Compression (Matches Previous),Redundant Prev (100%)
2025-12-16 17.59.04.png,Pairwise Compression (Matches Previous),Redundant Prev (100%)
2025-12-16 17.59.09.png,Pairwise Compression (Matches Previous),Redundant Prev (100%)
2025-12-16 17.59.34.png,Pairwise Compression (Matches Previous),Redundant Prev (100%)
2025-12-16 17.59.44.png,Pairwise Compression (Matches Previous),Redundant Prev (100%)
2025-12-16 17.59.49.png,Pairwise Compression (Matches Previous),Redundant Prev (100%)
2025-12-16 17.59.55.png,Pairwise Compression (Matches Previous),Redundant Prev (100%)
2025-12-16 18.00.10.png,Pairwise Compression (Matches Previous),Redundant Prev (81%) & Redundant Next (100%)
2025-12-16 18.00.16.png,Pairwise Compression (Matches Previous),Redundant Prev (100%)
2025-12-16 18.00.25.png,Pairwise Compression (Matches Previous),Redundant Prev (81%) & Redundant Next (100%)
2025-12-16 18.00.40.png,Pairwise Compression (Matches Previous),Redundant Prev (100%)
2025-12-16 18.00.45.png,Pairwise Compression (Matches Previous),Redundant Prev (100%)
2025-12-16 18.00.51.png,Pairwise Compression (Matches Previous),Redundant Prev (100%)
2025-12-16 18.00.56.png,Pairwise Compression (Matches Previous),Redundant Prev (100%)
2025-12-16 18.01.10.png,Pairwise Compression (Matches Previous),Redundant Prev (100%)
2025-12-16 18.01.19.png,Pairwise Compression (Matches Previous),Redundant Prev (81%) & Redundant Next (100%)
2025-12-16 18.01.25.png,Pairwise Compression (Matches Previous),Redundant Prev (100%)
2025-12-16 18.01.41.png,Pairwise Compression (Matches Previous),Redundant Prev (100%)
2025-12-16 18.01.55.png,Pairwise Compression (Matches Previous),Redundant Prev (100%)
2025-12-16 18.02.01.png,Pairwise Compression (Matches Previous),Redundant Prev (81%) & Redundant Next (100%)
2025-12-16 18.02.10.png,Pairwise Compression (Matches Previous),Redundant Prev (100%)
2025-12-16 18.02.27.png,Pairwise Compression (Matches Previous),Redundant Prev (90%) & Redundant Next (100%)
2025-12-16 18.02.35.png,Pairwise Compression (Matches Previous),Redundant Prev (100%)
2025-12-16 18.02.41.png,Pairwise Compression (Matches Previous),Redundant Prev (100%)
2025-12-16 18.03.05.png,Pairwise Compression (Matches Previous),Redundant Prev (100%)
2025-12-16 18.03.12.png,Pairwise Compression (Matches Previous),Redundant Prev (100%)
2025-12-16 18.03.18.png,Pairwise Compression (Matches Previous),Redundant Prev (100%) & Redundant Next (100%)
2025-12-16 18.03.30.png,Pairwise Compression (Matches Previous),Redundant Prev (100%)
2025-12-16 18.03.35.png,Pairwise Compression (Matches Previous),Redundant Prev (81%) & Redundant Next (100%)
2025-12-16 18.03.53.png,Pairwise Compression (Matches Previous),Redundant Prev (100%)
2025-12-16 18.04.07.png,Pairwise Compression (Matches Previous),Redundant Prev (100%)
2025-12-16 18.04.13.png,Pairwise Compression (Matches Previous),Redundant Prev (100%)
2025-12-16 18.04.29.png,Pairwise Compression (Matches Previous),Redundant Prev (100%)
2025-12-16 18.04.38.png,Pairwise Compression (Matches Previous),Redundant Prev (100%)
2025-12-16 18.04.53.png,Pairwise Compression (Matches Previous),Redundant Prev (100%)
2025-12-16 18.04.59.png,Pairwise Compression (Matches Previous),Redundant Prev (100%) & Redundant Next (81%)
2025-12-16 18.05.05.png,Pairwise Compression (Matches Previous),Redundant Prev (100%) & Redundant Next (100%)
2025-12-16 18.05.23.png,Pairwise Compression (Matches Previous),Redundant Prev (81%) & Redundant Next (100%)
2025-12-16 18.05.38.png,Pairwise Compression (Matches Previous),Redundant Prev (100%)
2025-12-16 18.05.53.png,Pairwise Compression (Matches Previous),Redundant Prev (100%)
2025-12-16 18.06.03.png,Pairwise Compression (Matches Previous),Redundant Prev (100%)
2025-12-16 18.06.09.png,Pairwise Compression (Matches Previous),Redundant Prev (100%)
2025-12-16 18.06.18.png,Pairwise Compression (Matches Previous),Redundant Prev (100%)
2025-12-16 18.06.24.png,Pairwise Compression (Matches Previous),Redundant Prev (100%)
2025-12-16 18.06.56.png,Pairwise Compression (Matches Previous),Redundant Prev (100%)
2025-12-16 18.07.02.png,Pairwise Compression (Matches Previous),Redundant Prev (100%)
2025-12-16 18.07.17.png,Pairwise Compression (Matches Previous),Redundant Prev (100%)
2025-12-16 18.07.32.png,Pairwise Compression (Matches Previous),Redundant Prev (81%) & Redundant Next (100%)
2025-12-16 18.07.48.png,Pairwise Compression (Matches Previous),Redundant Prev (100%)
2025-12-16 18.07.56.png,Pairwise Compression (Matches Previous),Redundant Prev (100%)
2025-12-16 18.08.02.png,Pairwise Compression (Matches Previous),Redundant Prev (100%)
2025-12-16 18.08.08.png,Pairwise Compression (Matches Previous),Redundant Prev (100%)
2025-12-16 18.08.17.png,Pairwise Compression (Matches Previous),Redundant Prev (100%)
2025-12-16 18.08.34.png,Pairwise Compression (Matches Previous),Redundant Prev (100%)
2025-12-16 18.08.43.png,Pairwise Compression (Matches Previous),Redundant Prev (100%)
2025-12-16 18.08.53.png,Pairwise Compression (Matches Previous),Redundant Prev (100%)
2025-12-16 18.09.02.png,Pairwise Compression (Matches Previous),Redundant Prev (100%)
2025-12-16 18.09.08.png,Pairwise Compression (Matches Previous),Redundant Prev (100%)
2025-12-16 18.09.35.png,Pairwise Compression (Matches Previous),Redundant Prev (100%)
2025-12-16 18.09.42.png,Pairwise Compression (Matches Previous),Redundant Prev (100%)
2025-12-16 18.09.50.png,Pairwise Compression (Matches Previous),Redundant Prev (81%) & Redundant Next (100%)
2025-12-16 18.09.57.png,Pairwise Compression (Matches Previous),Redundant Prev (100%)
2025-12-16 18.10.09.png,Pairwise Compression (Matches Previous),Redundant Prev (100%) & Redundant Next (100%)
2025-12-16 18.10.25.png,Pairwise Compression (Matches Previous),Redundant Prev (100%) & Redundant Next (100%)
2025-12-16 18.10.31.png,Pairwise Compression (Matches Previous),Redundant Prev (100%) & Redundant Next (100%)
2025-12-16 18.10.40.png,Pairwise Compression (Matches Previous),Redundant Prev (100%) & Redundant Next (100%)
2025-12-16 18.10.46.png,Pairwise Compression (Matches Previous),Redundant Prev (100%) & Redundant Next (100%)
2025-12-16 18.10.58.png,Pairwise Compression (Matches Previous),Redundant Prev (100%) & Redundant Next (100%)
2025-12-16 18.11.07.png,Pairwise Compression (Matches Previous),Redundant Prev (100%) & Redundant Next (100%)
2025-12-16 18.11.13.png,Pairwise Compression (Matches Previous),Redundant Prev (100%) & Redundant Next (100%)
2025-12-16 18.11.30.png,Pairwise Compression (Matches Previous),Redundant Prev (100%)
2025-12-16 18.11.36.png,Pairwise Compression (Matches Previous),Redundant Prev (100%)
2025-12-16 18.11.51.png,Pairwise Compression (Matches Previous),Redundant Prev (100%)
2025-12-16 18.12.05.png,Pairwise Compression (Matches Previous),Redundant Prev (100%)
2025-12-16 18.12.12.png,Pairwise Compression (Matches Previous),Redundant Prev (81%) & Redundant Next (100%)
2025-12-16 18.12.20.png,Pairwise Compression (Matches Previous),Redundant Prev (100%)
2025-12-16 18.12.29.png,Pairwise Compression (Matches Previous),Redundant Prev (100%) & Redundant Next (100%)
2025-12-16 18.12.42.png,Pairwise Compression (Matches Previous),Redundant Prev (100%) & Redundant Next (100%)
2025-12-16 18.12.59.png,Pairwise Compression (Matches Previous),Redundant Prev (100%) & Redundant Next (100%)
2025-12-16 18.13.09.png,Pairwise Compression (Matches Previous),Redundant Prev (100%) & Redundant Next (100%)
2025-12-16 18.13.21.png,Pairwise Compression (Matches Previous),Redundant Prev (100%)
2025-12-16 18.13.26.png,Pairwise Compression (Matches Previous),Redundant Prev (100%)
2025-12-16 18.13.32.png,Pairwise Compression (Matches Previous),Redundant Prev (100%)
2025-12-16 18.13.47.png,Pairwise Compression (Matches Previous),Redundant Prev (100%)
2025-12-16 18.13.52.png,Pairwise Compression (Matches Previous),Redundant Prev (100%)
2025-12-16 18.14.07.png,Pairwise Compression (Matches Previous),Redundant Prev (100%)
2025-12-16 18.14.18.png,Pairwise Compression (Matches Previous),Redundant Prev (100%)
2025-12-16 18.14.28.png,Pairwise Compression (Matches Previous),Redundant Prev (100%)
2025-12-16 18.17.27.png,Pairwise Compression (Matches Previous),Redundant Prev (100%) & Redundant Next (100%)
2025-12-16 18.18.38.png,Pairwise Compression (Matches Previous),Redundant Prev (100%) & Redundant Next (100%)
2025-12-16 18.19.19.png,Pairwise Compression (Matches Previous),Redundant Prev (100%)
2025-12-16 18.19.33.png,Pairwise Compression (Matches Previous),Redundant Prev (100%)
2025-12-16 18.19.39.png,Pairwise Compression (Matches Previous),Redundant Prev (100%)
2025-12-16 18.19.49.png,Pairwise Compression (Matches Previous),Redundant Prev (100%)
2025-12-16 18.19.58.png,Pairwise Compression (Matches Previous),Redundant Prev (100%)
2025-12-16 18.20.12.png,Pairwise Compression (Matches Previous),Redundant Prev (100%)
2025-12-16 18.20.18.png,Pairwise Compression (Matches Previous),Redundant Prev (100%)
2025-12-16 18.20.28.png,Pairwise Compression (Matches Previous),Redundant Prev (100%)
2025-12-16 18.20.38.png,Pairwise Compression (Matches Previous),Redundant Prev (100%) & Redundant Next (100%)
2025-12-16 18.20.48.png,Pairwise Compression (Matches Previous),Redundant Prev (100%)
2025-12-16 18.21.00.png,Pairwise Compression (Matches Previous),Redundant Prev (100%) & Redundant Next (100%)
2025-12-16 18.21.11.png,Pairwise Compression (Matches Previous),Redundant Prev (100%) & Redundant Next (100%)
2025-12-16 18.21.20.png,Pairwise Compression (Matches Previous),Redundant Prev (100%) & Redundant Next (100%)
2025-12-16 18.21.31.png,Pairwise Compression (Matches Previous),Redundant Prev (100%) & Redundant Next (100%)
2025-12-16 18.21.40.png,Pairwise Compression (Matches Previous),Redundant Prev (100%) & Redundant Next (100%)
