Deleted_Filename,Reason,Original_Status
2025-12-16 17.15.55.png,Pairwise Compression (Matches Previous),Redundant Prev (100%)
2025-12-16 17.16.01.png,Pairwise Compression (Matches Previous),Redundant Prev (100%)
2025-12-16 17.16.15.png,Pairwise Compression (Matches Previous),Redundant Prev (100%)
2025-12-16 17.16.21.png,Pairwise Compression (Matches Previous),Redundant Prev (100%)
2025-12-16 17.16.26.png,Pairwise Compression (Matches Previous),Redundant Prev (100%)
2025-12-16 17.16.32.png,Pairwise Compression (Matches Previous),Redundant Prev (100%)
2025-12-16 17.16.37.png,Pairwise Compression (Matches Previous),Redundant Prev (100%)
2025-12-16 17.16.46.png,Pairwise Compression (Matches Previous),Redundant Prev (100%)
2025-12-16 17.16.52.png,Pairwise Compression (Matches Previous),Redundant Prev (100%)
2025-12-16 17.16.57.png,Pairwise Compression (Matches Previous),Redundant Prev (100%)
2025-12-16 17.17.06.png,Pairwise Compression (Matches Previous),Redundant Prev (100%)
2025-12-16 17.17.11.png,Pairwise Compression (Matches Previous),Redundant Prev (100%)
2025-12-16 17.17.17.png,Pairwise Compression (Matches Previous),Redundant Prev (100%)
2025-12-16 17.17.33.png,Pairwise Compression (Matches Previous),Redundant Prev (100%)
2025-12-16 17.17.43.png,Pairwise Compression (Matches Previous),Redundant Prev (100%)
2025-12-16 17.17.58.png,Pairwise Compression (Matches Previous),Redundant Prev (100%)
2025-12-16 17.18.08.png,Pairwise Compression (Matches Previous),Redundant Prev (100%)
2025-12-16 17.18.14.png,Pairwise Compression (Matches Previous),Redundant Prev (100%)
2025-12-16 17.18.23.png,Pairwise Compression (Matches Previous),Redundant Prev (100%)
2025-12-16 17.18.47.png,Pairwise Compression (Matches Previous),Redundant Prev (100%)
2025-12-16 17.18.53.png,Pairwise Compression (Matches Previous),Redundant Prev (100%)
2025-12-16 17.18.59.png,Pairwise Compression (Matches Previous),Redundant Prev (100%)
2025-12-16 17.19.10.png,Pairwise Compression (Matches Previous),Redundant Prev (100%)
2025-12-16 17.19.18.png,Pairwise Compression (Matches Previous),Redundant Prev (100%)
2025-12-16 17.19.29.png,Pairwise Compression (Matches Previous),Redundant Prev (100%)
2025-12-16 17.19.35.png,Pairwise Compression (Matches Previous),Redundant Prev (100%)
2025-12-16 17.19.41.png,Pairwise Compression (Matches Previous),Redundant Prev (100%)
2025-12-16 17.19.49.png,Pairwise Compression (Matches Previous),Redundant Prev (100%)
2025-12-16 17.19.54.png,Pairwise Compression (Matches Previous),Redundant Prev (100%)
2025-12-16 17.20.00.png,Pairwise Compression (Matches Previous),Redundant Prev (100%)
2025-12-16 17.20.15.png,Pairwise Compression (Matches Previous),Redundant Prev (100%)
2025-12-16 17.20.21.png,Pairwise Compression (Matches Previous),Redundant Prev (100%)
2025-12-16 17.20.27.png,Pairwise Compression (Matches Previous),Redundant Prev (100%)
2025-12-16 17.20.35.png,Pairwise Compression (Matches Previous),Redundant Prev (100%)
2025-12-16 17.20.40.png,Pairwise Compression (Matches Previous),Redundant Prev (100%)
2025-12-16 17.20.46.png,Pairwise Compression (Matches Previous),Redundant Prev (100%)
2025-12-16 17.20.51.png,Pairwise Compression (Matches Previous),Redundant Prev (100%)
2025-12-16 17.20.57.png,Pairwise Compression (Matches Previous),Redundant Prev (100%)
2025-12-16 17.21.06.png,Pairwise Compression (Matches Previous),Redundant Prev (100%)
2025-12-16 17.21.20.png,Pairwise Compression (Matches Previous),Redundant Prev (100%)
2025-12-16 17.21.32.png,Pairwise Compression (Matches Previous),Redundant Prev (100%)
2025-12-16 17.21.52.png,Pairwise Compression (Matches Previous),Redundant Prev (100%)
2025-12-16 17.21.58.png,Pairwise Compression (Matches Previous),Redundant Prev (100%)
2025-12-16 17.22.12.png,Pairwise Compression (Matches Previous),Redundant Prev (100%)
2025-12-16 17.22.18.png,Pairwise Compression (Matches Previous),Redundant Prev (100%)
2025-12-16 17.22.32.png,Pairwise Compression (Matches Previous),Redundant Prev (100%)
2025-12-16 17.22.38.png,Pairwise Compression (Matches Previous),Redundant Prev (100%)
2025-12-16 17.22.43.png,Pairwise Compression (Matches Previous),Redundant Prev (100%)
2025-12-16 17.22.49.png,Pairwise Compression (Matches Previous),Redundant Prev (100%)
2025-12-16 17.23.00.png,Pairwise Compression (Matches Previous),Redundant Prev (100%)
2025-12-16 17.23.10.png,Pairwise Compression (Matches Previous),Redundant Prev (100%)
2025-12-16 17.23.20.png,Pairwise Compression (Matches Previous),Redundant Prev (100%)
2025-12-16 17.23.26.png,Pairwise Compression (Matches Previous),Redundant Prev (100%)
2025-12-16 17.23.41.png,Pairwise Compression (Matches Previous),Redundant Prev (100%)
2025-12-16 17.23.55.png,Pairwise Compression (Matches Previous),Redundant Prev (100%)
2025-12-16 17.24.01.png,Pairwise Compression (Matches Previous),Redundant Prev (100%)
2025-12-16 17.24.12.png,Pairwise Compression (Matches Previous),Redundant Prev (100%) & Redundant Next (100%)
2025-12-16 17.24.21.png,Pairwise Compression (Matches Previous),Redundant Prev (100%) & Redundant Next (100%)
2025-12-16 17.24.31.png,Pairwise Compression (Matches Previous),Redundant Prev (100%) & Redundant Next (100%)
2025-12-16 17.24.39.png,Pairwise Compression (Matches Previous),Redundant Prev (100%) & Redundant Next (100%)
2025-12-16 17.24.45.png,Pairwise Compression (Matches Previous),Redundant Prev (100%) & Redundant Next (100%)
2025-12-16 17.24.51.png,Pairwise Compression (Matches Previous),Redundant Prev (100%) & Redundant Next (100%)
2025-12-16 17.24.59.png,Pairwise Compression (Matches Previous),Redundant Prev (100%) & Redundant Next (100%)
2025-12-16 17.25.10.png,Pairwise Compression (Matches Previous),Redundant Prev (100%) & Redundant Next (100%)
2025-12-16 17.25.16.png,Pairwise Compression (Matches Previous),Redundant Prev (100%) & Redundant Next (100%)
2025-12-16 17.25.22.png,Pairwise Compression (Matches Previous),Redundant Prev (100%) & Redundant Next (100%)
2025-12-16 17.25.27.png,Pairwise Compression (Matches Previous),Redundant Prev (100%) & Redundant Next (100%)
2025-12-16 17.25.38.png,Pairwise Compression (Matches Previous),Redundant Prev (100%) & Redundant Next (100%)
2025-12-16 17.25.47.png,Pairwise Compression (Matches Previous),Redundant Prev (100%) & Redundant Next (100%)
2025-12-16 17.26.21.png,Pairwise Compression (Matches Previous),Redundant Prev (100%)
2025-12-16 17.26.32.png,Pairwise Compression (Matches Previous),Redundant Prev (100%)
2025-12-16 17.26.47.png,Pairwise Compression (Matches Previous),Redundant Prev (100%)
2025-12-16 17.27.01.png,Pairwise Compression (Matches Previous),Redundant Prev (100%)
2025-12-16 17.27.07.png,Pairwise Compression (Matches Previous),Redundant Prev (100%)
2025-12-16 17.27.12.png,Pairwise Compression (Matches Previous),Redundant Prev (100%)
2025-12-16 17.27.21.png,Pairwise Compression (Matches Previous),Redundant Prev (100%) & Redundant Next (100%)
2025-12-16 17.27.27.png,Pairwise Compression (Matches Previous),Redundant Prev (100%) & Redundant Next (100%)
2025-12-16 17.27.35.png,Pairwise Compression (Matches Previous),Redundant Prev (100%)
2025-12-16 17.27.45.png,Pairwise Compression (Matches Previous),Redundant Prev (100%)
2025-12-16 17.27.51.png,Pairwise Compression (Matches Previous),Redundant Prev (100%)
2025-12-16 17.28.05.png,Pairwise Compression (Matches Previous),Redundant Prev (100%)
2025-12-16 17.28.11.png,Pairwise Compression (Matches Previous),Redundant Prev (100%)
2025-12-16 17.28.20.png,Pairwise Compression (Matches Previous),Redundant Prev (100%)
2025-12-16 17.28.26.png,Pairwise Compression (Matches Previous),Redundant Prev (100%)
2025-12-16 17.28.37.png,Pairwise Compression (Matches Previous),Redundant Prev (100%)
2025-12-16 17.28.52.png,Pairwise Compression (Matches Previous),Redundant Prev (100%)
2025-12-16 17.29.00.png,Pairwise Compression (Matches Previous),Redundant Prev (100%)
2025-12-16 17.29.16.png,Pairwise Compression (Matches Previous),Redundant Prev (100%)
2025-12-16 17.29.31.png,Pairwise Compression (Matches Previous),Redundant Prev (100%)
2025-12-16 17.29.40.png,Pairwise Compression (Matches Previous),Redundant Prev (100%)
2025-12-16 17.29.46.png,Pairwise Compression (Matches Previous),Redundant Prev (100%)
2025-12-16 17.29.52.png,Pairwise Compression (Matches Previous),Redundant Prev (100%)
2025-12-16 17.30.01.png,Pairwise Compression (Matches Previous),Redundant Prev (100%)
2025-12-16 17.30.07.png,Pairwise Compression (Matches Previous),Redundant Prev (100%)
2025-12-16 17.30.12.png,Pairwise Compression (Matches Previous),Redundant Prev (100%)
2025-12-16 17.30.21.png,Pairwise Compression (Matches Previous),Redundant Prev (100%) & Redundant Next (100%)
2025-12-16 17.30.31.png,Pairwise Compression (Matches Previous),Redundant Prev (100%)
2025-12-16 17.30.40.png,Pairwise Compression (Matches Previous),Redundant Prev (100%)
2025-12-16 17.30.55.png,Pairwise Compression (Matches Previous),Redundant Prev (100%)
2025-12-16 17.31.02.png,Pairwise Compression (Matches Previous),Redundant Prev (100%)
2025-12-16 17.31.10.png,Pairwise Compression (Matches Previous),Redundant Prev (100%)
2025-12-16 17.31.15.png,Pairwise Compression (Matches Previous),Redundant Prev (100%)
2025-12-16 17.31.21.png,Pairwise Compression (Matches Previous),Redundant Prev (100%)
2025-12-16 17.31.27.png,Pairwise Compression (Matches Previous),Redundant Prev (100%)
2025-12-16 17.31.35.png,Pairwise Compression (Matches Previous),Redundant Prev (100%)
2025-12-16 17.31.41.png,Pairwise Compression (Matches Previous),Redundant Prev (100%)
2025-12-16 17.32.01.png,Pairwise Compression (Matches Previous),Redundant Prev (100%)
2025-12-16 17.32.07.png,Pairwise Compression (Matches Previous),Redundant Prev (100%)
2025-12-16 17.32.16.png,Pairwise Compression (Matches Previous),Redundant Prev (100%)
2025-12-16 17.32.23.png,Pairwise Compression (Matches Previous),Redundant Prev (100%)
2025-12-16 17.32.32.png,Pairwise Compression (Matches Previous),Redundant Prev (100%)
2025-12-16 17.32.42.png,Pairwise Compression (Matches Previous),Redundant Prev (100%)
2025-12-16 17.32.51.png,Pairwise Compression (Matches Previous),Redundant Prev (100%)
2025-12-16 17.32.57.png,Pairwise Compression (Matches Previous),Redundant Prev (100%)
2025-12-16 17.33.06.png,Pairwise Compression (Matches Previous),Redundant Prev (100%)
2025-12-16 17.33.11.png,Pairwise Compression (Matches Previous),Redundant Prev (100%) & Redundant Next (100%)
2025-12-16 17.33.35.png,Pairwise Compression (Matches Previous),Redundant Prev (100%)
2025-12-16 17.33.50.png,Pairwise Compression (Matches Previous),Redundant Prev (100%)
2025-12-16 17.33.59.png,Pairwise Compression (Matches Previous),Redundant Prev (100%)
2025-12-16 17.34.05.png,Pairwise Compression (Matches Previous),Redundant Prev (100%)
2025-12-16 17.34.10.png,Pairwise Compression (Matches Previous),Redundant Prev (100%)
2025-12-16 17.34.15.png,Pairwise Compression (Matches Previous),Redundant Prev (100%)
2025-12-16 17.34.21.png,Pairwise Compression (Matches Previous),Redundant Prev (100%)
2025-12-16 17.34.30.png,Pairwise Compression (Matches Previous),Redundant Prev (100%)
2025-12-16 17.34.35.png,Pairwise Compression (Matches Previous),Redundant Prev (100%)
2025-12-16 17.34.41.png,Pairwise Compression (Matches Previous),Redundant Prev (100%)
2025-12-16 17.34.50.png,Pairwise Compression (Matches Previous),Redundant Prev (100%)
2025-12-16 17.34.56.png,Pairwise Compression (Matches Previous),Redundant Prev (100%)
2025-12-16 17.35.04.png,Pairwise Compression (Matches Previous),Redundant Prev (100%)
2025-12-16 17.35.10.png,Pairwise Compression (Matches Previous),Redundant Prev (100%)
2025-12-16 17.35.20.png,Pairwise Compression (Matches Previous),Redundant Prev (100%)
2025-12-16 17.35.32.png,Pairwise Compression (Matches Previous),Redundant Prev (100%)
2025-12-16 17.35.50.png,Pairwise Compression (Matches Previous),Redundant Prev (100%)
2025-12-16 17.35.57.png,Pairwise Compression (Matches Previous),Redundant Prev (100%)
2025-12-16 17.36.13.png,Pairwise Compression (Matches Previous),Redundant Prev (100%) & Redundant Next (100%)
2025-12-16 17.36.19.png,Pairwise Compression (Matches Previous),Redundant Prev (100%)
2025-12-16 17.36.24.png,Pairwise Compression (Matches Previous),Redundant Prev (100%)
2025-12-16 17.36.30.png,Pairwise Compression (Matches Previous),Redundant Prev (100%)
2025-12-16 17.36.38.png,Pairwise Compression (Matches Previous),Redundant Prev (100%)
2025-12-16 17.36.44.png,Pairwise Compression (Matches Previous),Redundant Prev (100%)
2025-12-16 17.36.53.png,Pairwise Compression (Matches Previous),Redundant Prev (100%)
2025-12-16 17.37.14.png,Pairwise Compression (Matches Previous),Redundant Prev (100%)
2025-12-16 17.37.33.png,Pairwise Compression (Matches Previous),Redundant Prev (100%)
2025-12-16 17.37.39.png,Pairwise Compression (Matches Previous),Redundant Prev (100%)
2025-12-16 17.37.48.png,Pairwise Compression (Matches Previous),Redundant Prev (100%)
2025-12-16 17.37.54.png,Pairwise Compression (Matches Previous),Redundant Prev (100%)
2025-12-16 17.37.59.png,Pairwise Compression (Matches Previous),Redundant Prev (100%)
2025-12-16 17.38.05.png,Pairwise Compression (Matches Previous),Redundant Prev (100%)
2025-12-16 17.38.10.png,Pairwise Compression (Matches Previous),Redundant Prev (100%)
2025-12-16 17.38.18.png,Pairwise Compression (Matches Previous),Redundant Prev (100%)
2025-12-16 17.38.24.png,Pairwise Compression (Matches Previous),Redundant Prev (100%)
2025-12-16 17.38.29.png,Pairwise Compression (Matches Previous),Redundant Prev (100%)
2025-12-16 17.38.34.png,Pairwise Compression (Matches Previous),Redundant Prev (100%)
2025-12-16 17.38.50.png,Pairwise Compression (Matches Previous),Redundant Prev (100%)
2025-12-16 17.38.59.png,Pairwise Compression (Matches Previous),Redundant Prev (100%) & Redundant Next (100%)
2025-12-16 17.39.05.png,Pairwise Compression (Matches Previous),Redundant Prev (100%) & Redundant Next (100%)
2025-12-16 17.39.23.png,Pairwise Compression (Matches Previous),Redundant Prev (100%)
2025-12-16 17.39.28.png,Pairwise Compression (Matches Previous),Redundant Prev (100%)
2025-12-16 17.39.37.png,Pairwise Compression (Matches Previous),Redundant Prev (100%)
2025-12-16 17.39.43.png,Pairwise Compression (Matches Previous),Redundant Prev (100%)
2025-12-16 17.39.49.png,Pairwise Compression (Matches Previous),Redundant Prev (100%)
2025-12-16 17.39.58.png,Pairwise Compression (Matches Previous),Redundant Prev (100%)
2025-12-16 17.40.04.png,Pairwise Compression (Matches Previous),Redundant Prev (100%)
2025-12-16 17.40.09.png,Pairwise Compression (Matches Previous),Redundant Prev (100%)
2025-12-16 17.40.18.png,Pairwise Compression (Matches Previous),Redundant Prev (100%)
2025-12-16 17.40.23.png,Pairwise Compression (Matches Previous),Redundant Prev (100%)
2025-12-16 17.40.38.png,Pairwise Compression (Matches Previous),Redundant Prev (100%)
2025-12-16 17.40.48.png,Pairwise Compression (Matches Previous),Redundant Prev (100%)
2025-12-16 17.40.54.png,Pairwise Compression (Matches Previous),Redundant Prev (100%)
2025-12-16 17.41.02.png,Pairwise Compression (Matches Previous),Redundant Prev (100%)
2025-12-16 17.41.08.png,Pairwise Compression (Matches Previous),Redundant Prev (100%)
2025-12-16 17.41.13.png,Pairwise Compression (Matches Previous),Redundant Prev (100%)
2025-12-16 17.41.19.png,Pairwise Compression (Matches Previous),Redundant Prev (100%)
2025-12-16 17.41.28.png,Pairwise Compression (Matches Previous),Redundant Prev (100%)
2025-12-16 17.41.34.png,Pairwise Compression (Matches Previous),Redundant Prev (100%)
2025-12-16 17.41.43.png,Pairwise Compression (Matches Previous),Redundant Prev (100%)
2025-12-16 17.41.48.png,Pairwise Compression (Matches Previous),Redundant Prev (100%)
2025-12-16 17.42.07.png,Pairwise Compression (Matches Previous),Redundant Prev (100%)
2025-12-16 17.42.16.png,Pairwise Compression (Matches Previous),Redundant Prev (100%)
2025-12-16 17.42.31.png,Pairwise Compression (Matches Previous),Redundant Prev (100%)
2025-12-16 17.42.41.png,Pairwise Compression (Matches Previous),Redundant Prev (100%)
2025-12-16 17.42.48.png,Pairwise Compression (Matches Previous),Redundant Prev (100%)
2025-12-16 17.42.57.png,Pairwise Compression (Matches Previous),Redundant Prev (100%)
2025-12-16 17.43.02.png,Pairwise Compression (Matches Previous),Redundant Prev (100%)
2025-12-16 17.43.17.png,Pairwise Compression (Matches Previous),Redundant Prev (100%)
2025-12-16 17.43.28.png,Pairwise Compression (Matches Previous),Redundant Prev (100%)
2025-12-16 17.43.37.png,Pairwise Compression (Matches Previous),Redundant Prev (100%)
2025-12-16 17.43.47.png,Pairwise Compression (Matches Previous),Redundant Prev (100%)
2025-12-16 17.43.52.png,Pairwise Compression (Matches Previous),Redundant Prev (100%)
2025-12-16 17.44.04.png,Pairwise Compression (Matches Previous),Redundant Prev (100%)
2025-12-16 17.44.12.png,Pairwise Compression (Matches Previous),Redundant Prev (100%)
2025-12-16 17.44.18.png,Pairwise Compression (Matches Previous),Redundant Prev (100%)
2025-12-16 17.44.24.png,Pairwise Compression (Matches Previous),Redundant Prev (100%)
2025-12-16 17.44.32.png,Pairwise Compression (Matches Previous),Redundant Prev (100%)
2025-12-16 17.44.38.png,Pairwise Compression (Matches Previous),Redundant Prev (100%)
2025-12-16 17.44.43.png,Pairwise Compression (Matches Previous),Redundant Prev (100%)
2025-12-16 17.44.52.png,Pairwise Compression (Matches Previous),Redundant Prev (100%) & Redundant Next (100%)
2025-12-16 17.44.58.png,Pairwise Compression (Matches Previous),Redundant Prev (100%) & Redundant Next (100%)
2025-12-16 17.45.06.png,Pairwise Compression (Matches Previous),Redundant Prev (100%)
2025-12-16 17.45.17.png,Pairwise Compression (Matches Previous),Redundant Prev (100%)
2025-12-16 17.45.25.png,Pairwise Compression (Matches Previous),Redundant Prev (100%)
2025-12-16 17.45.31.png,Pairwise Compression (Matches Previous),Redundant Prev (100%)
2025-12-16 17.45.37.png,Pairwise Compression (Matches Previous),Redundant Prev (100%)
2025-12-16 17.45.45.png,Pairwise Compression (Matches Previous),Redundant Prev (100%)
2025-12-16 17.45.51.png,Pairwise Compression (Matches Previous),Redundant Prev (100%)
2025-12-16 17.46.02.png,Pairwise Compression (Matches Previous),Redundant Prev (100%)
2025-12-16 17.46.11.png,Pairwise Compression (Matches Previous),Redundant Prev (100%)
2025-12-16 17.46.17.png,Pairwise Compression (Matches Previous),Redundant Prev (100%)
2025-12-16 17.46.36.png,Pairwise Compression (Matches Previous),Redundant Prev (100%)
2025-12-16 17.46.42.png,Pairwise Compression (Matches Previous),Redundant Prev (100%)
2025-12-16 17.46.47.png,Pairwise Compression (Matches Previous),Redundant Prev (100%)
2025-12-16 17.46.57.png,Pairwise Compression (Matches Previous),Redundant Prev (100%)
2025-12-16 17.47.06.png,Pairwise Compression (Matches Previous),Redundant Prev (100%)
2025-12-16 17.47.11.png,Pairwise Compression (Matches Previous),Redundant Prev (100%)
2025-12-16 17.47.18.png,Pairwise Compression (Matches Previous),Redundant Prev (100%)
2025-12-16 17.47.26.png,Pairwise Compression (Matches Previous),Redundant Prev (100%)
2025-12-16 17.47.42.png,Pairwise Compression (Matches Previous),Redundant Prev (100%) & Redundant Next (100%)
2025-12-16 17.47.54.png,Pairwise Compression (Matches Previous),Redundant Prev (100%) & Redundant Next (100%)
2025-12-16 17.48.20.png,Pairwise Compression (Matches Previous),Redundant Prev (100%) & Redundant Next (100%)
2025-12-16 17.48.38.png,Pairwise Compression (Matches Previous),Redundant Prev (100%) & Redundant Next (100%)
2025-12-16 17.48.46.png,Pairwise Compression (Matches Previous),Redundant Prev (100%) & Redundant Next (100%)
2025-12-16 17.48.53.png,Pairwise Compression (Matches Previous),Redundant Prev (100%) & Redundant Next (100%)
2025-12-16 17.49.03.png,Pairwise Compression (Matches Previous),Redundant Prev (100%) & Redundant Next (100%)
2025-12-16 17.49.09.png,Pairwise Compression (Matches Previous),Redundant Prev (100%) & Redundant Next (100%)
2025-12-16 17.49.15.png,Pairwise Compression (Matches Previous),Redundant Prev (100%) & Redundant Next (100%)
2025-12-16 17.49.20.png,Pairwise Compression (Matches Previous),Redundant Prev (100%) & Redundant Next (100%)
2025-12-16 17.49.25.png,Pairwise Compression (Matches Previous),Redundant Prev (100%) & Redundant Next (100%)
2025-12-16 17.49.31.png,Pairwise Compression (Matches Previous),Redundant Prev (100%) & Redundant Next (100%)
2025-12-16 17.49.36.png,Pairwise Compression (Matches Previous),Redundant Prev (95%) & Redundant Next (100%)
2025-12-16 17.49.52.png,Pairwise Compression (Matches Previous),Redundant Prev (100%) & Redundant Next (95%)
2025-12-16 17.49.58.png,Pairwise Compression (Matches Previous),Redundant Prev (100%) & Redundant Next (100%)
2025-12-16 17.50.03.png,Pairwise Compression (Matches Previous),Redundant Prev (95%) & Redundant Next (100%)
2025-12-16 17.50.09.png,Pairwise Compression (Matches Previous),Redundant Prev (100%) & Redundant Next (95%)
2025-12-16 17.50.19.png,Pairwise Compression (Matches Previous),Redundant Prev (100%) & Redundant Next (100%)
2025-12-16 17.50.31.png,Pairwise Compression (Matches Previous),Redundant Prev (100%) & Redundant Next (100%)
2025-12-16 17.50.36.png,Pairwise Compression (Matches Previous),Redundant Prev (100%) & Redundant Next (100%)
2025-12-16 17.50.42.png,Pairwise Compression (Matches Previous),Redundant Prev (100%) & Redundant Next (100%)
2025-12-16 17.50.48.png,Pairwise Compression (Matches Previous),Redundant Prev (100%) & Redundant Next (100%)
2025-12-16 17.50.57.png,Pairwise Compression (Matches Previous),Redundant Prev (100%) & Redundant Next (95%)
2025-12-16 17.51.08.png,Pairwise Compression (Matches Previous),Redundant Prev (100%) & Redundant Next (100%)
2025-12-16 17.51.14.png,Pairwise Compression (Matches Previous),Redundant Prev (100%) & Redundant Next (100%)
2025-12-16 17.51.20.png,Pairwise Compression (Matches Previous),Redundant Prev (95%) & Redundant Next (100%)
2025-12-16 17.51.46.png,Pairwise Compression (Matches Previous),Redundant Prev (95%) & Redundant Next (100%)
2025-12-16 17.52.05.png,Pairwise Compression (Matches Previous),Redundant Prev (100%) & Redundant Next (95%)
2025-12-16 17.52.22.png,Pairwise Compression (Matches Previous),Redundant Prev (100%) & Redundant Next (100%)
2025-12-16 17.52.31.png,Pairwise Compression (Matches Previous),Redundant Prev (100%) & Redundant Next (100%)
2025-12-16 17.52.37.png,Pairwise Compression (Matches Previous),Redundant Prev (100%) & Redundant Next (95%)
2025-12-16 17.52.46.png,Pairwise Compression (Matches Previous),Redundant Prev (100%) & Redundant Next (100%)
2025-12-16 17.52.51.png,Pairwise Compression (Matches Previous),Redundant Prev (95%) & Redundant Next (100%)
2025-12-16 17.53.02.png,Pairwise Compression (Matches Previous),Redundant Prev (100%) & Redundant Next (100%)
2025-12-16 17.53.08.png,Pairwise Compression (Matches Previous),Redundant Prev (100%) & Redundant Next (100%)
2025-12-16 17.53.14.png,Pairwise Compression (Matches Previous),Redundant Prev (95%) & Redundant Next (100%)
2025-12-16 17.53.20.png,Pairwise Compression (Matches Previous),Redundant Prev (100%) & Redundant Next (95%)
2025-12-16 17.53.31.png,Pairwise Compression (Matches Previous),Redundant Prev (100%) & Redundant Next (100%)
2025-12-16 17.53.43.png,Pairwise Compression (Matches Previous),Redundant Prev (95%) & Redundant Next (100%)
2025-12-16 17.53.49.png,Pairwise Compression (Matches Previous),Redundant Prev (100%) & Redundant Next (95%)
2025-12-16 17.54.01.png,Pairwise Compression (Matches Previous),Redundant Prev (100%) & Redundant Next (95%)
2025-12-16 17.54.06.png,Pairwise Compression (Matches Previous),Redundant Prev (100%) & Redundant Next (100%)
2025-12-16 17.54.27.png,Pairwise Compression (Matches Previous),Redundant Prev (100%)
2025-12-16 17.54.42.png,Pairwise Compression (Matches Previous),Redundant Prev (100%)
2025-12-16 17.54.51.png,Pairwise Compression (Matches Previous),Redundant Prev (100%)
2025-12-16 17.54.58.png,Pairwise Compression (Matches Previous),Redundant Prev (100%)
2025-12-16 17.55.07.png,Pairwise Compression (Matches Previous),Redundant Prev (100%)
2025-12-16 17.55.17.png,Pairwise Compression (Matches Previous),Redundant Prev (100%)
2025-12-16 17.55.22.png,Pairwise Compression (Matches Previous),Redundant Prev (100%)
2025-12-16 17.55.27.png,Pairwise Compression (Matches Previous),Redundant Prev (100%)
2025-12-16 17.55.36.png,Pairwise Compression (Matches Previous),Redundant Prev (100%)
2025-12-16 17.55.42.png,Pairwise Compression (Matches Previous),Redundant Prev (100%)
2025-12-16 17.55.48.png,Pairwise Compression (Matches Previous),Redundant Prev (100%)
2025-12-16 17.55.57.png,Pairwise Compression (Matches Previous),Redundant Prev (100%)
2025-12-16 17.56.03.png,Pairwise Compression (Matches Previous),Redundant Prev (100%)
2025-12-16 17.56.12.png,Pairwise Compression (Matches Previous),Redundant Prev (100%)
2025-12-16 17.56.17.png,Pairwise Compression (Matches Previous),Redundant Prev (100%)
2025-12-16 17.56.23.png,Pairwise Compression (Matches Previous),Redundant Prev (100%)
2025-12-16 17.56.28.png,Pairwise Compression (Matches Previous),Redundant Prev (100%)
2025-12-16 17.56.37.png,Pairwise Compression (Matches Previous),Redundant Prev (100%)
2025-12-16 17.56.43.png,Pairwise Compression (Matches Previous),Redundant Prev (100%)
2025-12-16 17.56.49.png,Pairwise Compression (Matches Previous),Redundant Prev (100%)
2025-12-16 17.56.57.png,Pairwise Compression (Matches Previous),Redundant Prev (100%)
2025-12-16 17.57.06.png,Pairwise Compression (Matches Previous),Redundant Prev (100%) & Redundant Next (100%)
2025-12-16 17.57.12.png,Pairwise Compression (Matches Previous),Redundant Prev (100%) & Redundant Next (100%)
2025-12-16 17.57.21.png,Pairwise Compression (Matches Previous),Redundant Prev (100%) & Redundant Next (100%)
2025-12-16 17.57.40.png,Pairwise Compression (Matches Previous),Redundant Prev (100%) & Redundant Next (100%)
2025-12-16 17.57.55.png,Pairwise Compression (Matches Previous),Redundant Prev (100%) & Redundant Next (100%)
2025-12-16 17.58.02.png,Pairwise Compression (Matches Previous),Redundant Prev (100%) & Redundant Next (100%)
2025-12-16 17.58.07.png,Pairwise Compression (Matches Previous),Redundant Prev (100%) & Redundant Next (100%)
2025-12-16 17.58.13.png,Pairwise Compression (Matches Previous),Redundant Prev (95%) & Redundant Next (100%)
2025-12-16 17.58.18.png,Pairwise Compression (Matches Previous),Redundant Prev (100%) & Redundant Next (95%)
2025-12-16 17.58.35.png,Pairwise Compression (Matches Previous),Redundant Prev (100%)
2025-12-16 17.58.45.png,Pairwise Compression (Matches Previous),Redundant Prev (100%)
2025-12-16 17.58.54.png,Pairwise Compression (Matches Previous),Redundant Prev (100%)
2025-12-16 17.59.04.png,Pairwise Compression (Matches Previous),Redundant Prev (100%)
2025-12-16 17.59.09.png,Pairwise Compression (Matches Previous),Redundant Prev (100%)
2025-12-16 17.59.25.png,Pairwise Compression (Matches Previous),Redundant Prev (100%)
2025-12-16 17.59.34.png,Pairwise Compression (Matches Previous),Redundant Prev (100%)
2025-12-16 17.59.49.png,Pairwise Compression (Matches Previous),Redundant Prev (100%)
2025-12-16 17.59.55.png,Pairwise Compression (Matches Previous),Redundant Prev (100%)
2025-12-16 18.00.10.png,Pairwise Compression (Matches Previous),Redundant Prev (100%)
2025-12-16 18.00.25.png,Pairwise Compression (Matches Previous),Redundant Prev (100%)
2025-12-16 18.00.31.png,Pairwise Compression (Matches Previous),Redundant Prev (100%)
2025-12-16 18.00.40.png,Pairwise Compression (Matches Previous),Redundant Prev (100%)
2025-12-16 18.00.45.png,Pairwise Compression (Matches Previous),Redundant Prev (100%)
2025-12-16 18.00.51.png,Pairwise Compression (Matches Previous),Redundant Prev (100%)
2025-12-16 18.00.56.png,Pairwise Compression (Matches Previous),Redundant Prev (100%)
2025-12-16 18.01.10.png,Pairwise Compression (Matches Previous),Redundant Prev (100%)
2025-12-16 18.01.19.png,Pairwise Compression (Matches Previous),Redundant Prev (100%)
2025-12-16 18.01.25.png,Pairwise Compression (Matches Previous),Redundant Prev (100%)
2025-12-16 18.01.31.png,Pairwise Compression (Matches Previous),Redundant Prev (100%)
2025-12-16 18.01.41.png,Pairwise Compression (Matches Previous),Redundant Prev (100%)
2025-12-16 18.01.46.png,Pairwise Compression (Matches Previous),Redundant Prev (100%)
2025-12-16 18.02.01.png,Pairwise Compression (Matches Previous),Redundant Prev (100%)
2025-12-16 18.02.10.png,Pairwise Compression (Matches Previous),Redundant Prev (100%)
2025-12-16 18.02.16.png,Pairwise Compression (Matches Previous),Redundant Prev (100%)
2025-12-16 18.02.27.png,Pairwise Compression (Matches Previous),Redundant Prev (100%)
2025-12-16 18.02.35.png,Pairwise Compression (Matches Previous),Redundant Prev (100%)
2025-12-16 18.02.41.png,Pairwise Compression (Matches Previous),Redundant Prev (100%)
2025-12-16 18.02.52.png,Pairwise Compression (Matches Previous),Redundant Prev (100%)
2025-12-16 18.02.57.png,Pairwise Compression (Matches Previous),Redundant Prev (100%)
2025-12-16 18.03.05.png,Pairwise Compression (Matches Previous),Redundant Prev (100%)
2025-12-16 18.03.12.png,Pairwise Compression (Matches Previous),Redundant Prev (100%)
2025-12-16 18.03.21.png,Pairwise Compression (Matches Previous),Redundant Prev (100%)
2025-12-16 18.03.27.png,Pairwise Compression (Matches Previous),Redundant Prev (100%)
2025-12-16 18.03.35.png,Pairwise Compression (Matches Previous),Redundant Prev (100%)
2025-12-16 18.03.41.png,Pairwise Compression (Matches Previous),Redundant Prev (100%) & Redundant Next (100%)
2025-12-16 18.03.58.png,Pairwise Compression (Matches Previous),Redundant Prev (100%)
2025-12-16 18.04.04.png,Pairwise Compression (Matches Previous),Redundant Prev (100%)
2025-12-16 18.04.13.png,Pairwise Compression (Matches Previous),Redundant Prev (100%)
2025-12-16 18.04.19.png,Pairwise Compression (Matches Previous),Redundant Prev (100%)
2025-12-16 18.04.38.png,Pairwise Compression (Matches Previous),Redundant Prev (100%)
2025-12-16 18.04.53.png,Pairwise Compression (Matches Previous),Redundant Prev (100%)
2025-12-16 18.05.08.png,Pairwise Compression (Matches Previous),Redundant Prev (100%)
2025-12-16 18.05.14.png,Pairwise Compression (Matches Previous),Redundant Prev (100%)
2025-12-16 18.05.23.png,Pairwise Compression (Matches Previous),Redundant Prev (100%)
2025-12-16 18.05.38.png,Pairwise Compression (Matches Previous),Redundant Prev (100%)
2025-12-16 18.05.53.png,Pairwise Compression (Matches Previous),Redundant Prev (100%)
2025-12-16 18.06.00.png,Pairwise Compression (Matches Previous),Redundant Prev (100%)
2025-12-16 18.06.09.png,Pairwise Compression (Matches Previous),Redundant Prev (100%)
2025-12-16 18.06.18.png,Pairwise Compression (Matches Previous),Redundant Prev (100%)
2025-12-16 18.06.24.png,Pairwise Compression (Matches Previous),Redundant Prev (100%)
2025-12-16 18.06.45.png,Pairwise Compression (Matches Previous),Redundant Prev (100%) & Redundant Next (100%)
2025-12-16 18.07.02.png,Pairwise Compression (Matches Previous),Redundant Prev (100%)
2025-12-16 18.07.08.png,Pairwise Compression (Matches Previous),Redundant Prev (100%)
2025-12-16 18.07.23.png,Pairwise Compression (Matches Previous),Redundant Prev (100%)
2025-12-16 18.07.32.png,Pairwise Compression (Matches Previous),Redundant Prev (100%)
2025-12-16 18.07.48.png,Pairwise Compression (Matches Previous),Redundant Prev (100%)
2025-12-16 18.07.56.png,Pairwise Compression (Matches Previous),Redundant Prev (100%)
2025-12-16 18.08.02.png,Pairwise Compression (Matches Previous),Redundant Prev (100%)
2025-12-16 18.08.08.png,Pairwise Compression (Matches Previous),Redundant Prev (100%)
2025-12-16 18.08.14.png,Pairwise Compression (Matches Previous),Redundant Prev (100%)
2025-12-16 18.08.34.png,Pairwise Compression (Matches Previous),Redundant Prev (100%)
2025-12-16 18.08.43.png,Pairwise Compression (Matches Previous),Redundant Prev (100%)
2025-12-16 18.08.53.png,Pairwise Compression (Matches Previous),Redundant Prev (100%)
2025-12-16 18.09.02.png,Pairwise Compression (Matches Previous),Redundant Prev (100%)
2025-12-16 18.09.08.png,Pairwise Compression (Matches Previous),Redundant Prev (100%)
2025-12-16 18.09.22.png,Pairwise Compression (Matches Previous),Redundant Prev (100%) & Redundant Next (100%)
2025-12-16 18.09.31.png,Pairwise Compression (Matches Previous),Redundant Prev (100%) & Redundant Next (100%)
2025-12-16 18.09.42.png,Pairwise Compression (Matches Previous),Redundant Prev (100%)
2025-12-16 18.09.50.png,Pairwise Compression (Matches Previous),Redundant Prev (100%)
2025-12-16 18.09.57.png,Pairwise Compression (Matches Previous),Redundant Prev (100%)
2025-12-16 18.10.16.png,Pairwise Compression (Matches Previous),Redundant Prev (100%) & Redundant Next (100%)
2025-12-16 18.10.31.png,Pairwise Compression (Matches Previous),Redundant Prev (100%) & Redundant Next (100%)
2025-12-16 18.11.03.png,Pairwise Compression (Matches Previous),Redundant Prev (100%) & Redundant Next (100%)
2025-12-16 18.11.27.png,Pairwise Compression (Matches Previous),Redundant Prev (100%)
2025-12-16 18.11.36.png,Pairwise Compression (Matches Previous),Redundant Prev (100%)
2025-12-16 18.11.51.png,Pairwise Compression (Matches Previous),Redundant Prev (100%)
2025-12-16 18.11.57.png,Pairwise Compression (Matches Previous),Redundant Prev (100%)
2025-12-16 18.12.05.png,Pairwise Compression (Matches Previous),Redundant Prev (100%)
2025-12-16 18.12.12.png,Pairwise Compression (Matches Previous),Redundant Prev (100%)
2025-12-16 18.12.17.png,Pairwise Compression (Matches Previous),Redundant Prev (100%)
2025-12-16 18.12.29.png,Pairwise Compression (Matches Previous),Redundant Prev (100%) & Redundant Next (100%)
2025-12-16 18.12.48.png,Pairwise Compression (Matches Previous),Redundant Prev (100%) & Redundant Next (100%)
2025-12-16 18.12.59.png,Pairwise Compression (Matches Previous),Redundant Prev (100%) & Redundant Next (100%)
2025-12-16 18.13.12.png,Pairwise Compression (Matches Previous),Redundant Prev (100%) & Redundant Next (100%)
2025-12-16 18.13.23.png,Pairwise Compression (Matches Previous),Redundant Prev (100%)
2025-12-16 18.13.32.png,Pairwise Compression (Matches Previous),Redundant Prev (100%)
2025-12-16 18.13.47.png,Pairwise Compression (Matches Previous),Redundant Prev (100%)
2025-12-16 18.13.52.png,Pairwise Compression (Matches Previous),Redundant Prev (100%)
2025-12-16 18.13.58.png,Pairwise Compression (Matches Previous),Redundant Prev (100%)
2025-12-16 18.14.07.png,Pairwise Compression (Matches Previous),Redundant Prev (100%)
2025-12-16 18.14.18.png,Pairwise Compression (Matches Previous),Redundant Prev (100%)
2025-12-16 18.14.28.png,Pairwise Compression (Matches Previous),Redundant Prev (100%)
2025-12-16 18.14.56.png,Pairwise Compression (Matches Previous),Redundant Prev (100%) & Redundant Next (100%)
2025-12-16 18.15.04.png,Pairwise Compression (Matches Previous),Redundant Prev (100%) & Redundant Next (100%)
2025-12-16 18.15.32.png,Pairwise Compression (Matches Previous),Redundant Prev (100%) & Redundant Next (100%)
2025-12-16 18.16.01.png,Pairwise Compression (Matches Previous),Redundant Prev (100%) & Redundant Next (100%)
2025-12-16 18.16.17.png,Pairwise Compression (Matches Previous),Redundant Prev (100%) & Redundant Next (100%)
2025-12-16 18.16.46.png,Pairwise Compression (Matches Previous),Redundant Prev (100%) & Redundant Next (100%)
2025-12-16 18.17.06.png,Pairwise Compression (Matches Previous),Redundant Prev (100%) & Redundant Next (100%)
2025-12-16 18.17.13.png,Pairwise Compression (Matches Previous),Redundant Prev (100%) & Redundant Next (100%)
2025-12-16 18.17.32.png,Pairwise Compression (Matches Previous),Redundant Prev (100%) & Redundant Next (100%)
2025-12-16 18.17.48.png,Pairwise Compression (Matches Previous),Redundant Prev (100%) & Redundant Next (100%)
2025-12-16 18.18.17.png,Pairwise Compression (Matches Previous),Redundant Prev (100%) & Redundant Next (100%)
2025-12-16 18.18.44.png,Pairwise Compression (Matches Previous),Redundant Prev (100%) & Redundant Next (100%)
2025-12-16 18.18.50.png,Pairwise Compression (Matches Previous),Redundant Prev (100%) & Redundant Next (100%)
2025-12-16 18.18.56.png,Pairwise Compression (Matches Previous),Redundant Prev (100%) & Redundant Next (100%)
2025-12-16 18.19.07.png,Pairwise Compression (Matches Previous),Redundant Prev (100%)
2025-12-16 18.19.19.png,Pairwise Compression (Matches Previous),Redundant Prev (100%)
2025-12-16 18.19.26.png,Pairwise Compression (Matches Previous),Redundant Prev (100%)
2025-12-16 18.19.33.png,Pairwise Compression (Matches Previous),Redundant Prev (100%)
2025-12-16 18.19.39.png,Pairwise Compression (Matches Previous),Redundant Prev (100%)
2025-12-16 18.19.58.png,Pairwise Compression (Matches Previous),Redundant Prev (100%)
2025-12-16 18.20.03.png,Pairwise Compression (Matches Previous),Redundant Prev (100%)
2025-12-16 18.20.12.png,Pairwise Compression (Matches Previous),Redundant Prev (100%)
2025-12-16 18.20.18.png,Pairwise Compression (Matches Previous),Redundant Prev (100%)
2025-12-16 18.20.28.png,Pairwise Compression (Matches Previous),Redundant Prev (100%)
2025-12-16 18.20.38.png,Pairwise Compression (Matches Previous),Redundant Prev (85%) & Redundant Next (85%)
2025-12-16 18.20.44.png,Pairwise Compression (Matches Previous),Redundant Prev (100%) & Redundant Next (95%)
2025-12-16 18.20.54.png,Pairwise Compression (Matches Previous),Redundant Prev (100%)
2025-12-16 18.21.03.png,Pairwise Compression (Matches Previous),Redundant Prev (85%) & Redundant Next (100%)
2025-12-16 18.21.08.png,Pairwise Compression (Matches Previous),Redundant Prev (80%) & Redundant Next (100%)
2025-12-16 18.21.14.png,Pairwise Compression (Matches Previous),Redundant Prev (80%) & Redundant Next (100%)
2025-12-16 18.21.20.png,Pairwise Compression (Matches Previous),Redundant Prev (95%)
2025-12-16 18.21.34.png,Pairwise Compression (Matches Previous),Redundant Prev (100%)
2025-12-16 18.21.40.png,Pairwise Compression (Matches Previous),Redundant Prev (85%) & Redundant Next (100%)
2025-12-16 18.21.52.png,Pairwise Compression (Matches Previous),Redundant Prev (95%) & Redundant Next (100%)
2025-12-16 18.21.58.png,Pairwise Compression (Matches Previous),Redundant Prev (100%) & Redundant Next (100%)
2025-12-16 18.22.03.png,Pairwise Compression (Matches Previous),Redundant Prev (100%) & Redundant Next (100%)
2025-12-16 18.22.09.png,Pairwise Compression (Matches Previous),Redundant Prev (100%) & Redundant Next (100%)
2025-12-16 18.22.15.png,Pairwise Compression (Matches Previous),Redundant Prev (100%) & Redundant Next (100%)
2025-12-16 18.22.21.png,Pairwise Compression (Matches Previous),Redundant Prev (100%) & Redundant Next (100%)
2025-12-16 18.22.27.png,Pairwise Compression (Matches Previous),Redundant Prev (100%) & Redundant Next (100%)
2025-12-16 18.22.36.png,Pairwise Compression (Matches Previous),Redundant Prev (100%) & Redundant Next (100%)
2025-12-16 18.22.45.png,Pairwise Compression (Matches Previous),Redundant Prev (100%) & Redundant Next (100%)
2025-12-16 18.22.52.png,Pairwise Compression (Matches Previous),Redundant Prev (100%) & Redundant Next (100%)
2025-12-16 18.23.01.png,Pairwise Compression (Matches Previous),Redundant Prev (100%) & Redundant Next (100%)
2025-12-16 18.23.10.png,Pairwise Compression (Matches Previous),Redundant Prev (100%) & Redundant Next (100%)
2025-12-16 18.23.15.png,Pairwise Compression (Matches Previous),Redundant Prev (100%) & Redundant Next (100%)
