Filename,File_UTC,Machine_Text,Machine_UTC,ROI_20,ROI_21,ROI_22,ROI_23,ROI_24,ROI_25,ROI_26,ROI_27,ROI_28,ROI_29,ROI_30,ROI_51,ROI_52,Row_Status,Duration_Since_Change,PC_Time_Diff,PLC_Time_Diff
2025-12-16 17.22.41.png,2025-12-16T17:22:41Z,16/25,16/25,OK,100,OK,5.72,OK,OK,OK,OK,OK,OK,OK,16/25,17:12:19,Data Updated (Time Static),3.0,3.0,0.0
2025-12-16 17.27.12.png,2025-12-16T17:27:12Z,16/25,16/25,OK,100,OK,5.722,OK,OK,OK,OK,OK,OK,OK,16/25,17:16:53,Data Updated (Time Static),2.0,2.0,0.0
2025-12-16 17.28.02.png,2025-12-16T17:28:02Z,16/25,16/25,OK,100,OK,5.73,OK,OK,OK,OK,OK,OK,OK,16/25,17:17:41,Data Updated (Time Static),2.0,2.0,0.0
2025-12-16 17.30.07.png,2025-12-16T17:30:07Z,12/16/25,12/16/25,OK,100,OK,5.722,OK,OK,OK,OK,OK,OK,OK,12/16/25,17:19:47,Data Updated (Time Static),3.0,3.0,0.0
2025-12-16 17.33.26.png,2025-12-16T17:33:26Z,16/25,16/25,OK,100,OK,5.721,OK,OK,OK,OK,OK,OK,OK,16/25,17:22:52,Data Updated (Time Static),5.0,5.0,0.0
2025-12-16 17.34.47.png,2025-12-16T17:34:47Z,16/25,16/25,OK,100,OK,5.724,OK,OK,OK,OK,OK,OK,OK,16/25,17:24:26,Data Updated (Time Static),3.0,3.0,0.0
2025-12-16 17.37.31.png,2025-12-16T17:37:31Z,16,,OK,100,OK,5.718,OK,OK,OK,OK,OK,OK,OK,16,17:27:10,Data Updated (Time Static),3.0,3.0,0.0
2025-12-16 17.39.43.png,2025-12-16T17:39:43Z,16/25,16/25,OK,100,OK,5.72,OK,OK,OK,OK,OK,OK,OK,16/25,17:29:23,Data Updated (Time Static),3.0,3.0,0.0
2025-12-16 17.43.34.png,2025-12-16T17:43:34Z,125,,OK,100,OK,5.726,OK,OK,OK,OK,OK,OK,OK,125,17:33:13,Data Updated (Time Static),3.0,3.0,0.0
2025-12-16 17.55.19.png,2025-12-16T17:55:19Z,12/16/25,12/16/25,OK,100,OK,5.725,OK,OK,OK,OK,OK,OK,OK,12/16/25,17:44:58,Data Updated (Time Static),2.0,2.0,0.0
2025-12-16 18.00.07.png,2025-12-16T18:00:07Z,12/16/25,12/16/25,OK,100,OK,5.718,OK,OK,OK,OK,OK,OK,OK,12/16/25,17:49:46,Data Updated (Time Static),3.0,3.0,0.0
2025-12-16 18.06.21.png,2025-12-16T18:06:21Z,16/25,16/25,OK,100,OK,5.724,OK,OK,OK,OK,OK,OK,OK,16/25,17:55:59,Data Updated (Time Static),3.0,3.0,0.0
2025-12-16 18.06.29.png,2025-12-16T18:06:29Z,25,,OK,100,OK,5.728,OK,OK,OK,OK,OK,OK,OK,25,17:56:09,Data Updated (Time Static),2.0,2.0,0.0
2025-12-16 18.11.07.png,2025-12-16T18:11:07Z,16/25,16/25,OK,100,OK,5.72,OK,OK,OK,OK,OK,OK,OK,16/25,17:59:47,Data Updated (Time Static),4.0,4.0,0.0
2025-12-16 18.15.16.png,2025-12-16T18:15:16Z,162625,162625,OK,100,OK,5.723,OK,OK,OK,OK,OK,OK,OK,162625,18:04:14,Data Updated (Time Static),2.0,2.0,0.0
