Filename_Current,Filename_Compared,ROI_ID,Value_Current,Value_Compared,Similarity_Score,Reason
2025-12-16 17.47.57.png,2025-12-16 17.47.54.png,ROI_16,1.831,1.833,0.88,Redundant Row Value Mismatch (Post-Fix)
2025-12-16 17.48.11.png,2025-12-16 17.48.02.png,ROI_16,1.833,1.831,0.88,Redundant Row Value Mismatch (Post-Fix)
2025-12-16 17.48.14.png,2025-12-16 17.48.11.png,ROI_16,1.831,1.833,0.88,Redundant Row Value Mismatch (Post-Fix)
2025-12-16 17.48.26.png,2025-12-16 17.48.14.png,ROI_16,1.833,1.831,0.88,Redundant Row Value Mismatch (Post-Fix)
2025-12-16 17.48.29.png,2025-12-16 17.48.26.png,ROI_16,1.831,1.833,0.88,Redundant Row Value Mismatch (Post-Fix)
2025-12-16 17.48.50.png,2025-12-16 17.48.29.png,ROI_16,1.833,1.831,0.88,Redundant Row Value Mismatch (Post-Fix)
2025-12-16 17.48.53.png,2025-12-16 17.48.50.png,ROI_16,1.831,1.833,0.88,Redundant Row Value Mismatch (Post-Fix)
2025-12-16 17.49.34.png,2025-12-16 17.49.28.png,ROI_16,1.833,1.831,0.88,Redundant Row Value Mismatch (Post-Fix)
2025-12-16 17.49.36.png,2025-12-16 17.49.34.png,ROI_16,1.831,1.833,0.88,Redundant Row Value Mismatch (Post-Fix)
2025-12-16 17.50.48.png,2025-12-16 17.50.42.png,ROI_16,1.833,1.831,0.88,Redundant Row Value Mismatch (Post-Fix)
2025-12-16 17.50.51.png,2025-12-16 17.50.48.png,ROI_16,1.831,1.833,0.88,Redundant Row Value Mismatch (Post-Fix)
2025-12-16 17.51.34.png,2025-12-16 17.50.51.png,ROI_16,1.833,1.831,0.88,Redundant Row Value Mismatch (Post-Fix)
2025-12-16 17.51.37.png,2025-12-16 17.51.34.png,ROI_16,1.831,1.833,0.88,Redundant Row Value Mismatch (Post-Fix)
2025-12-16 17.51.52.png,2025-12-16 17.51.37.png,ROI_16,1.833,1.831,0.88,Redundant Row Value Mismatch (Post-Fix)
2025-12-16 17.52.56.png,2025-12-16 17.52.54.png,ROI_16,1.831,1.833,0.88,Redundant Row Value Mismatch (Post-Fix)
2025-12-16 17.54.09.png,2025-12-16 17.53.14.png,ROI_16,1.833,1.831,0.88,Redundant Row Value Mismatch (Post-Fix)
2025-12-16 18.10.09.png,2025-12-16 18.10.06.png,ROI_16,1.799,1.79,0.88,Redundant Row Value Mismatch (Post-Fix)
2025-12-16 18.15.10.png,2025-12-16 18.15.08.png,ROI_18,9.153,9.15,0.88,Redundant Row Value Mismatch (Post-Fix)
