Filename_Current,Filename_Compared,ROI_ID,Value_Current,Value_Compared,Similarity_Score,Reason
2025-12-16 17.16.15.png,2025-12-16 17.16.13.png,ROI_4,1.152,1.185,0.82,Redundant Row Value Mismatch (Post-Fix)
2025-12-16 17.16.15.png,2025-12-16 17.16.13.png,ROI_8,1.184,1.16,0.82,Redundant Row Value Mismatch (Post-Fix)
2025-12-16 17.20.35.png,2025-12-16 17.20.32.png,ROI_6,16.057,16.064,0.82,Redundant Row Value Mismatch (Post-Fix)
2025-12-16 17.20.35.png,2025-12-16 17.20.32.png,ROI_8,1.165,1.148,0.82,Redundant Row Value Mismatch (Post-Fix)
2025-12-16 17.28.05.png,2025-12-16 17.28.02.png,ROI_4,1.174,1.191,0.82,Redundant Row Value Mismatch (Post-Fix)
2025-12-16 17.28.05.png,2025-12-16 17.28.02.png,ROI_6,16.059,16.034,0.82,Redundant Row Value Mismatch (Post-Fix)
2025-12-16 17.28.11.png,2025-12-16 17.28.08.png,ROI_6,16.046,16.059,0.82,Redundant Row Value Mismatch (Post-Fix)
2025-12-16 17.28.11.png,2025-12-16 17.28.08.png,ROI_8,1.183,1.164,0.82,Redundant Row Value Mismatch (Post-Fix)
2025-12-16 17.30.01.png,2025-12-16 17.29.58.png,ROI_4,1.192,1.196,0.82,Redundant Row Value Mismatch (Post-Fix)
2025-12-16 17.30.01.png,2025-12-16 17.29.58.png,ROI_8,1.179,1.188,0.82,Redundant Row Value Mismatch (Post-Fix)
2025-12-16 17.33.06.png,2025-12-16 17.33.03.png,ROI_4,1.172,1.187,0.82,Redundant Row Value Mismatch (Post-Fix)
2025-12-16 17.33.06.png,2025-12-16 17.33.03.png,ROI_6,16.061,16.062,0.82,Redundant Row Value Mismatch (Post-Fix)
2025-12-16 17.37.33.png,2025-12-16 17.37.31.png,ROI_6,16.058,16.063,0.82,Redundant Row Value Mismatch (Post-Fix)
2025-12-16 17.37.33.png,2025-12-16 17.37.31.png,ROI_8,1.179,1.17,0.82,Redundant Row Value Mismatch (Post-Fix)
2025-12-16 17.39.16.png,2025-12-16 17.39.13.png,ROI_4,1.2,1.206,0.82,Redundant Row Value Mismatch (Post-Fix)
2025-12-16 17.39.16.png,2025-12-16 17.39.13.png,ROI_6,16.048,16.075,0.82,Redundant Row Value Mismatch (Post-Fix)
2025-12-16 17.41.08.png,2025-12-16 17.41.05.png,ROI_4,1.167,1.197,0.82,Redundant Row Value Mismatch (Post-Fix)
2025-12-16 17.41.08.png,2025-12-16 17.41.05.png,ROI_8,1.179,1.163,0.82,Redundant Row Value Mismatch (Post-Fix)
2025-12-16 17.41.48.png,2025-12-16 17.41.46.png,ROI_4,1.162,1.184,0.82,Redundant Row Value Mismatch (Post-Fix)
2025-12-16 17.41.48.png,2025-12-16 17.41.46.png,ROI_8,1.188,1.171,0.82,Redundant Row Value Mismatch (Post-Fix)
2025-12-16 17.45.40.png,2025-12-16 17.45.37.png,ROI_6,16.068,16.051,0.82,Redundant Row Value Mismatch (Post-Fix)
2025-12-16 17.45.40.png,2025-12-16 17.45.37.png,ROI_8,1.158,1.186,0.82,Redundant Row Value Mismatch (Post-Fix)
2025-12-16 17.50.06.png,2025-12-16 17.47.38.png,ROI_6,16.05,16.055,0.91,Redundant Row Value Mismatch (Post-Fix)
2025-12-16 17.50.09.png,2025-12-16 17.50.06.png,ROI_6,16.055,16.05,0.91,Redundant Row Value Mismatch (Post-Fix)
2025-12-16 17.55.17.png,2025-12-16 17.55.14.png,ROI_4,1.192,1.203,0.82,Redundant Row Value Mismatch (Post-Fix)
2025-12-16 17.55.17.png,2025-12-16 17.55.14.png,ROI_6,16.075,16.076,0.82,Redundant Row Value Mismatch (Post-Fix)
2025-12-16 17.58.22.png,2025-12-16 17.57.30.png,ROI_4,1.192,1.188,0.82,Redundant Row Value Mismatch (Post-Fix)
2025-12-16 17.58.22.png,2025-12-16 17.57.30.png,ROI_6,16.053,16.065,0.82,Redundant Row Value Mismatch (Post-Fix)
2025-12-16 18.00.10.png,2025-12-16 18.00.07.png,ROI_4,1.184,1.182,0.82,Redundant Row Value Mismatch (Post-Fix)
2025-12-16 18.00.10.png,2025-12-16 18.00.07.png,ROI_8,1.187,1.171,0.82,Redundant Row Value Mismatch (Post-Fix)
2025-12-16 18.00.25.png,2025-12-16 18.00.22.png,ROI_4,1.189,1.19,0.82,Redundant Row Value Mismatch (Post-Fix)
2025-12-16 18.00.25.png,2025-12-16 18.00.22.png,ROI_6,16.063,16.026,0.82,Redundant Row Value Mismatch (Post-Fix)
2025-12-16 18.01.19.png,2025-12-16 18.01.13.png,ROI_4,1.199,1.166,0.82,Redundant Row Value Mismatch (Post-Fix)
2025-12-16 18.01.19.png,2025-12-16 18.01.13.png,ROI_6,16.081,16.067,0.82,Redundant Row Value Mismatch (Post-Fix)
2025-12-16 18.02.01.png,2025-12-16 18.01.57.png,ROI_4,1.206,1.168,0.82,Redundant Row Value Mismatch (Post-Fix)
2025-12-16 18.02.01.png,2025-12-16 18.01.57.png,ROI_6,16.075,16.061,0.82,Redundant Row Value Mismatch (Post-Fix)
2025-12-16 18.02.27.png,2025-12-16 18.02.24.png,ROI_4,1.191,1.195,0.91,Redundant Row Value Mismatch (Post-Fix)
2025-12-16 18.03.35.png,2025-12-16 18.03.32.png,ROI_6,16.054,16.072,0.82,Redundant Row Value Mismatch (Post-Fix)
2025-12-16 18.03.35.png,2025-12-16 18.03.32.png,ROI_8,1.185,1.157,0.82,Redundant Row Value Mismatch (Post-Fix)
2025-12-16 18.05.02.png,2025-12-16 18.04.59.png,ROI_6,16.067,16.073,0.82,Redundant Row Value Mismatch (Post-Fix)
2025-12-16 18.05.02.png,2025-12-16 18.04.59.png,ROI_8,1.164,1.169,0.82,Redundant Row Value Mismatch (Post-Fix)
2025-12-16 18.05.23.png,2025-12-16 18.05.20.png,ROI_4,1.177,1.193,0.82,Redundant Row Value Mismatch (Post-Fix)
2025-12-16 18.05.23.png,2025-12-16 18.05.20.png,ROI_6,16.062,16.035,0.82,Redundant Row Value Mismatch (Post-Fix)
2025-12-16 18.07.32.png,2025-12-16 18.07.29.png,ROI_6,16.069,16.078,0.82,Redundant Row Value Mismatch (Post-Fix)
2025-12-16 18.07.32.png,2025-12-16 18.07.29.png,ROI_8,1.167,1.192,0.82,Redundant Row Value Mismatch (Post-Fix)
2025-12-16 18.09.50.png,2025-12-16 18.09.48.png,ROI_6,16.064,16.073,0.82,Redundant Row Value Mismatch (Post-Fix)
2025-12-16 18.09.50.png,2025-12-16 18.09.48.png,ROI_8,1.168,1.162,0.82,Redundant Row Value Mismatch (Post-Fix)
2025-12-16 18.12.12.png,2025-12-16 18.12.08.png,ROI_4,1.165,1.185,0.82,Redundant Row Value Mismatch (Post-Fix)
2025-12-16 18.12.12.png,2025-12-16 18.12.08.png,ROI_8,1.176,1.17,0.82,Redundant Row Value Mismatch (Post-Fix)
