Filename_Current,Filename_Compared,ROI_ID,Value_Current,Value_Compared,Similarity_Score,Reason
2025-12-16 17.49.36.png,2025-12-16 17.49.34.png,ROI_47,19770.0,197700.0,0.95,Redundant Row Value Mismatch (Post-Fix)
2025-12-16 17.49.55.png,2025-12-16 17.49.52.png,ROI_47,197700.0,19770.0,0.95,Redundant Row Value Mismatch (Post-Fix)
2025-12-16 17.50.03.png,2025-12-16 17.50.00.png,ROI_47,19770.0,197700.0,0.95,Redundant Row Value Mismatch (Post-Fix)
2025-12-16 17.50.12.png,2025-12-16 17.50.09.png,ROI_47,197700.0,19770.0,0.95,Redundant Row Value Mismatch (Post-Fix)
2025-12-16 17.51.05.png,2025-12-16 17.50.57.png,ROI_47,19770.0,197700.0,0.95,Redundant Row Value Mismatch (Post-Fix)
2025-12-16 17.51.20.png,2025-12-16 17.51.17.png,ROI_47,197700.0,19770.0,0.95,Redundant Row Value Mismatch (Post-Fix)
2025-12-16 17.51.46.png,2025-12-16 17.51.23.png,ROI_47,19770.0,197700.0,0.95,Redundant Row Value Mismatch (Post-Fix)
2025-12-16 17.52.07.png,2025-12-16 17.52.05.png,ROI_47,197700.0,19770.0,0.95,Redundant Row Value Mismatch (Post-Fix)
2025-12-16 17.52.43.png,2025-12-16 17.52.37.png,ROI_47,19770.0,197700.0,0.95,Redundant Row Value Mismatch (Post-Fix)
2025-12-16 17.52.51.png,2025-12-16 17.52.48.png,ROI_47,197700.0,19770.0,0.95,Redundant Row Value Mismatch (Post-Fix)
2025-12-16 17.53.14.png,2025-12-16 17.53.11.png,ROI_47,19770.0,197700.0,0.95,Redundant Row Value Mismatch (Post-Fix)
2025-12-16 17.53.23.png,2025-12-16 17.53.20.png,ROI_47,197700.0,19770.0,0.95,Redundant Row Value Mismatch (Post-Fix)
2025-12-16 17.53.43.png,2025-12-16 17.53.35.png,ROI_47,19770.0,197700.0,0.95,Redundant Row Value Mismatch (Post-Fix)
2025-12-16 17.53.52.png,2025-12-16 17.53.49.png,ROI_47,197700.0,19770.0,0.95,Redundant Row Value Mismatch (Post-Fix)
2025-12-16 17.54.03.png,2025-12-16 17.54.01.png,ROI_47,19770.0,197700.0,0.95,Redundant Row Value Mismatch (Post-Fix)
2025-12-16 17.58.13.png,2025-12-16 17.58.10.png,ROI_47,33530.0,335300.0,0.95,Redundant Row Value Mismatch (Post-Fix)
2025-12-16 17.58.25.png,2025-12-16 17.58.18.png,ROI_47,335300.0,33530.0,0.95,Redundant Row Value Mismatch (Post-Fix)
2025-12-16 18.20.38.png,2025-12-16 18.20.35.png,ROI_41,34710.0,34620.0,0.85,Redundant Row Value Mismatch (Post-Fix)
2025-12-16 18.20.38.png,2025-12-16 18.20.35.png,ROI_47,71780.0,718800.0,0.85,Redundant Row Value Mismatch (Post-Fix)
2025-12-16 18.20.38.png,2025-12-16 18.20.35.png,ROI_49,53870.0,55290.0,0.85,Redundant Row Value Mismatch (Post-Fix)
2025-12-16 18.20.41.png,2025-12-16 18.20.38.png,ROI_41,40430.0,34710.0,0.85,Redundant Row Value Mismatch (Post-Fix)
2025-12-16 18.20.41.png,2025-12-16 18.20.38.png,ROI_47,71870.0,71780.0,0.85,Redundant Row Value Mismatch (Post-Fix)
2025-12-16 18.20.41.png,2025-12-16 18.20.38.png,ROI_49,52920.0,53870.0,0.85,Redundant Row Value Mismatch (Post-Fix)
2025-12-16 18.20.48.png,2025-12-16 18.20.44.png,ROI_47,718700.0,71870.0,0.95,Redundant Row Value Mismatch (Post-Fix)
2025-12-16 18.21.03.png,2025-12-16 18.21.00.png,ROI_41,34930.0,40610.0,0.85,Redundant Row Value Mismatch (Post-Fix)
2025-12-16 18.21.03.png,2025-12-16 18.21.00.png,ROI_47,71850.0,718800.0,0.85,Redundant Row Value Mismatch (Post-Fix)
2025-12-16 18.21.03.png,2025-12-16 18.21.00.png,ROI_49,55020.0,52480.0,0.85,Redundant Row Value Mismatch (Post-Fix)
2025-12-16 18.21.08.png,2025-12-16 18.21.06.png,ROI_41,34270.0,34930.0,0.8,Redundant Row Value Mismatch (Post-Fix)
2025-12-16 18.21.08.png,2025-12-16 18.21.06.png,ROI_43,83660.0,83650.0,0.8,Redundant Row Value Mismatch (Post-Fix)
2025-12-16 18.21.08.png,2025-12-16 18.21.06.png,ROI_47,71860.0,71850.0,0.8,Redundant Row Value Mismatch (Post-Fix)
2025-12-16 18.21.08.png,2025-12-16 18.21.06.png,ROI_49,52990.0,55020.0,0.8,Redundant Row Value Mismatch (Post-Fix)
2025-12-16 18.21.14.png,2025-12-16 18.21.11.png,ROI_32,850.0,860.0,0.8,Redundant Row Value Mismatch (Post-Fix)
2025-12-16 18.21.14.png,2025-12-16 18.21.11.png,ROI_41,34570.0,34270.0,0.8,Redundant Row Value Mismatch (Post-Fix)
2025-12-16 18.21.14.png,2025-12-16 18.21.11.png,ROI_47,71870.0,71860.0,0.8,Redundant Row Value Mismatch (Post-Fix)
2025-12-16 18.21.14.png,2025-12-16 18.21.11.png,ROI_49,52800.0,52990.0,0.8,Redundant Row Value Mismatch (Post-Fix)
2025-12-16 18.21.20.png,2025-12-16 18.21.17.png,ROI_47,718700.0,71870.0,0.95,Redundant Row Value Mismatch (Post-Fix)
2025-12-16 18.21.40.png,2025-12-16 18.21.37.png,ROI_41,34540.0,34290.0,0.85,Redundant Row Value Mismatch (Post-Fix)
2025-12-16 18.21.40.png,2025-12-16 18.21.37.png,ROI_47,71890.0,718500.0,0.85,Redundant Row Value Mismatch (Post-Fix)
2025-12-16 18.21.40.png,2025-12-16 18.21.37.png,ROI_49,54550.0,55110.0,0.85,Redundant Row Value Mismatch (Post-Fix)
2025-12-16 18.21.52.png,2025-12-16 18.21.49.png,ROI_47,718900.0,71890.0,0.95,Redundant Row Value Mismatch (Post-Fix)
