Filename,ROI_ID,Value,Reason
2025-12-16 17.59.19.png,ROI_52,The timestamp you provided is 17:49:00.,Invalid Time Format
2025-12-16 17.59.21.png,ROI_52,17:49,Invalid Time Format
2025-12-16 17.35.13.png,ROI_35,111110.0,Statistical Outlier
2025-12-16 18.20.35.png,ROI_35,0.0,Statistical Outlier
2025-12-16 18.20.38.png,ROI_35,0.0,Statistical Outlier
2025-12-16 18.20.41.png,ROI_35,0.0,Statistical Outlier
2025-12-16 18.20.44.png,ROI_35,0.0,Statistical Outlier
2025-12-16 18.20.48.png,ROI_35,0.0,Statistical Outlier
2025-12-16 18.20.57.png,ROI_35,0.0,Statistical Outlier
2025-12-16 18.21.00.png,ROI_35,0.0,Statistical Outlier
2025-12-16 18.21.03.png,ROI_35,0.0,Statistical Outlier
2025-12-16 18.21.06.png,ROI_35,0.0,Statistical Outlier
2025-12-16 18.21.08.png,ROI_35,0.0,Statistical Outlier
2025-12-16 18.21.11.png,ROI_35,0.0,Statistical Outlier
2025-12-16 18.21.14.png,ROI_35,0.0,Statistical Outlier
2025-12-16 18.21.17.png,ROI_35,0.0,Statistical Outlier
2025-12-16 18.21.20.png,ROI_35,0.0,Statistical Outlier
2025-12-16 18.21.26.png,ROI_35,0.0,Statistical Outlier
2025-12-16 18.21.28.png,ROI_35,0.0,Statistical Outlier
2025-12-16 18.21.31.png,ROI_35,0.0,Statistical Outlier
2025-12-16 18.21.34.png,ROI_35,0.0,Statistical Outlier
2025-12-16 18.21.37.png,ROI_35,0.0,Statistical Outlier
2025-12-16 18.21.40.png,ROI_35,0.0,Statistical Outlier
2025-12-16 18.21.49.png,ROI_35,0.0,Statistical Outlier
2025-12-16 18.21.52.png,ROI_35,0.0,Statistical Outlier
2025-12-16 18.21.55.png,ROI_35,0.0,Statistical Outlier
2025-12-16 18.21.58.png,ROI_35,0.0,Statistical Outlier
2025-12-16 18.22.01.png,ROI_35,0.0,Statistical Outlier
2025-12-16 18.22.03.png,ROI_35,0.0,Statistical Outlier
2025-12-16 18.22.06.png,ROI_35,0.0,Statistical Outlier
2025-12-16 18.22.09.png,ROI_35,0.0,Statistical Outlier
2025-12-16 18.22.12.png,ROI_35,0.0,Statistical Outlier
2025-12-16 18.22.15.png,ROI_35,0.0,Statistical Outlier
2025-12-16 18.22.18.png,ROI_35,0.0,Statistical Outlier
2025-12-16 18.22.21.png,ROI_35,0.0,Statistical Outlier
2025-12-16 18.22.24.png,ROI_35,0.0,Statistical Outlier
2025-12-16 18.22.27.png,ROI_35,0.0,Statistical Outlier
2025-12-16 18.22.30.png,ROI_35,0.0,Statistical Outlier
2025-12-16 18.22.36.png,ROI_35,0.0,Statistical Outlier
2025-12-16 18.22.38.png,ROI_35,0.0,Statistical Outlier
2025-12-16 18.22.45.png,ROI_35,0.0,Statistical Outlier
2025-12-16 18.22.49.png,ROI_35,0.0,Statistical Outlier
2025-12-16 18.22.52.png,ROI_35,0.0,Statistical Outlier
2025-12-16 18.22.58.png,ROI_35,0.0,Statistical Outlier
2025-12-16 18.23.01.png,ROI_35,0.0,Statistical Outlier
2025-12-16 18.23.07.png,ROI_35,0.0,Statistical Outlier
2025-12-16 18.23.10.png,ROI_35,0.0,Statistical Outlier
2025-12-16 18.23.12.png,ROI_35,0.0,Statistical Outlier
2025-12-16 18.23.15.png,ROI_35,0.0,Statistical Outlier
2025-12-16 18.23.26.png,ROI_35,0.0,Statistical Outlier
2025-12-16 18.20.35.png,ROI_37,0,Statistical Outlier
2025-12-16 18.20.38.png,ROI_37,0,Statistical Outlier
2025-12-16 18.20.41.png,ROI_37,0,Statistical Outlier
2025-12-16 18.20.44.png,ROI_37,0,Statistical Outlier
2025-12-16 18.20.48.png,ROI_37,0,Statistical Outlier
2025-12-16 18.20.57.png,ROI_37,0,Statistical Outlier
2025-12-16 18.21.00.png,ROI_37,0,Statistical Outlier
2025-12-16 18.21.03.png,ROI_37,0,Statistical Outlier
2025-12-16 18.21.06.png,ROI_37,0,Statistical Outlier
2025-12-16 18.21.08.png,ROI_37,0,Statistical Outlier
2025-12-16 18.21.11.png,ROI_37,0,Statistical Outlier
2025-12-16 18.21.14.png,ROI_37,0,Statistical Outlier
2025-12-16 18.21.17.png,ROI_37,0,Statistical Outlier
2025-12-16 18.21.20.png,ROI_37,0,Statistical Outlier
2025-12-16 18.21.26.png,ROI_37,0,Statistical Outlier
2025-12-16 18.21.28.png,ROI_37,0,Statistical Outlier
2025-12-16 18.21.31.png,ROI_37,0,Statistical Outlier
2025-12-16 18.21.34.png,ROI_37,0,Statistical Outlier
2025-12-16 18.21.37.png,ROI_37,0,Statistical Outlier
2025-12-16 18.21.40.png,ROI_37,0,Statistical Outlier
2025-12-16 18.21.49.png,ROI_37,0,Statistical Outlier
2025-12-16 18.21.52.png,ROI_37,0,Statistical Outlier
2025-12-16 18.21.55.png,ROI_37,0,Statistical Outlier
2025-12-16 18.21.58.png,ROI_37,0,Statistical Outlier
2025-12-16 18.22.01.png,ROI_37,0,Statistical Outlier
2025-12-16 18.22.03.png,ROI_37,0,Statistical Outlier
2025-12-16 18.22.06.png,ROI_37,0,Statistical Outlier
2025-12-16 18.22.09.png,ROI_37,0,Statistical Outlier
2025-12-16 18.22.12.png,ROI_37,0,Statistical Outlier
2025-12-16 18.22.15.png,ROI_37,0,Statistical Outlier
2025-12-16 18.22.18.png,ROI_37,0,Statistical Outlier
2025-12-16 18.22.21.png,ROI_37,0,Statistical Outlier
2025-12-16 18.22.24.png,ROI_37,0,Statistical Outlier
2025-12-16 18.22.27.png,ROI_37,0,Statistical Outlier
2025-12-16 18.22.30.png,ROI_37,0,Statistical Outlier
2025-12-16 18.22.36.png,ROI_37,0,Statistical Outlier
2025-12-16 18.22.38.png,ROI_37,0,Statistical Outlier
2025-12-16 18.22.45.png,ROI_37,0,Statistical Outlier
2025-12-16 18.22.49.png,ROI_37,0,Statistical Outlier
2025-12-16 18.22.52.png,ROI_37,0,Statistical Outlier
2025-12-16 18.22.58.png,ROI_37,0,Statistical Outlier
2025-12-16 18.23.01.png,ROI_37,0,Statistical Outlier
2025-12-16 18.23.07.png,ROI_37,0,Statistical Outlier
2025-12-16 18.23.10.png,ROI_37,0,Statistical Outlier
2025-12-16 18.23.12.png,ROI_37,0,Statistical Outlier
2025-12-16 18.23.15.png,ROI_37,0,Statistical Outlier
2025-12-16 18.23.26.png,ROI_37,0,Statistical Outlier
2025-12-16 17.43.34.png,ROI_39,71740.0,Statistical Outlier
2025-12-16 17.43.37.png,ROI_39,71740.0,Statistical Outlier
2025-12-16 17.17.36.png,ROI_45,444440.0,Statistical Outlier
2025-12-16 17.21.14.png,ROI_45,411690.0,Statistical Outlier
2025-12-16 17.43.25.png,ROI_47,19800.0,Statistical Outlier
2025-12-16 17.43.28.png,ROI_47,19800.0,Statistical Outlier
2025-12-16 17.49.36.png,ROI_47,19770.0,Statistical Outlier
2025-12-16 17.49.40.png,ROI_47,19770.0,Statistical Outlier
2025-12-16 17.49.52.png,ROI_47,19770.0,Statistical Outlier
2025-12-16 17.50.03.png,ROI_47,19770.0,Statistical Outlier
2025-12-16 17.50.06.png,ROI_47,19770.0,Statistical Outlier
2025-12-16 17.50.09.png,ROI_47,19770.0,Statistical Outlier
2025-12-16 17.51.05.png,ROI_47,19770.0,Statistical Outlier
2025-12-16 17.51.08.png,ROI_47,19770.0,Statistical Outlier
2025-12-16 17.51.11.png,ROI_47,19770.0,Statistical Outlier
2025-12-16 17.51.14.png,ROI_47,19770.0,Statistical Outlier
2025-12-16 17.51.17.png,ROI_47,19770.0,Statistical Outlier
2025-12-16 17.51.46.png,ROI_47,19770.0,Statistical Outlier
2025-12-16 17.51.49.png,ROI_47,19770.0,Statistical Outlier
2025-12-16 17.52.05.png,ROI_47,19770.0,Statistical Outlier
2025-12-16 17.52.43.png,ROI_47,19770.0,Statistical Outlier
2025-12-16 17.52.46.png,ROI_47,19770.0,Statistical Outlier
2025-12-16 17.52.48.png,ROI_47,19770.0,Statistical Outlier
2025-12-16 17.53.14.png,ROI_47,19770.0,Statistical Outlier
2025-12-16 17.53.17.png,ROI_47,19770.0,Statistical Outlier
2025-12-16 17.53.20.png,ROI_47,19770.0,Statistical Outlier
2025-12-16 17.53.43.png,ROI_47,19770.0,Statistical Outlier
2025-12-16 17.53.46.png,ROI_47,19770.0,Statistical Outlier
2025-12-16 17.53.49.png,ROI_47,19770.0,Statistical Outlier
2025-12-16 17.54.03.png,ROI_47,19770.0,Statistical Outlier
2025-12-16 17.54.06.png,ROI_47,19770.0,Statistical Outlier
2025-12-16 17.54.11.png,ROI_47,19770.0,Statistical Outlier
2025-12-16 17.58.13.png,ROI_47,33530.0,Statistical Outlier
2025-12-16 17.58.15.png,ROI_47,33530.0,Statistical Outlier
2025-12-16 17.58.18.png,ROI_47,33530.0,Statistical Outlier
2025-12-16 18.04.01.png,ROI_47,19790.0,Statistical Outlier
2025-12-16 18.04.04.png,ROI_47,19790.0,Statistical Outlier
2025-12-16 18.11.48.png,ROI_47,19710.0,Statistical Outlier
2025-12-16 18.11.51.png,ROI_47,19710.0,Statistical Outlier
2025-12-16 18.20.35.png,ROI_49,55290.0,Statistical Outlier
2025-12-16 18.20.38.png,ROI_49,53870.0,Statistical Outlier
2025-12-16 18.20.41.png,ROI_49,52920.0,Statistical Outlier
2025-12-16 18.20.44.png,ROI_49,52920.0,Statistical Outlier
2025-12-16 18.20.48.png,ROI_49,52920.0,Statistical Outlier
2025-12-16 18.20.57.png,ROI_49,56520.0,Statistical Outlier
2025-12-16 18.21.00.png,ROI_49,52480.0,Statistical Outlier
2025-12-16 18.21.03.png,ROI_49,55020.0,Statistical Outlier
2025-12-16 18.21.06.png,ROI_49,55020.0,Statistical Outlier
2025-12-16 18.21.08.png,ROI_49,52990.0,Statistical Outlier
2025-12-16 18.21.11.png,ROI_49,52990.0,Statistical Outlier
2025-12-16 18.21.14.png,ROI_49,52800.0,Statistical Outlier
2025-12-16 18.21.17.png,ROI_49,52800.0,Statistical Outlier
2025-12-16 18.21.20.png,ROI_49,52800.0,Statistical Outlier
2025-12-16 18.21.26.png,ROI_49,54350.0,Statistical Outlier
2025-12-16 18.21.28.png,ROI_49,53930.0,Statistical Outlier
2025-12-16 18.21.31.png,ROI_49,52770.0,Statistical Outlier
2025-12-16 18.21.34.png,ROI_49,52770.0,Statistical Outlier
2025-12-16 18.21.37.png,ROI_49,55110.0,Statistical Outlier
2025-12-16 18.21.40.png,ROI_49,54550.0,Statistical Outlier
2025-12-16 18.21.49.png,ROI_49,54550.0,Statistical Outlier
2025-12-16 18.21.52.png,ROI_49,54550.0,Statistical Outlier
2025-12-16 18.21.55.png,ROI_49,54550.0,Statistical Outlier
2025-12-16 18.21.58.png,ROI_49,54550.0,Statistical Outlier
2025-12-16 18.22.01.png,ROI_49,54550.0,Statistical Outlier
2025-12-16 18.22.03.png,ROI_49,54550.0,Statistical Outlier
2025-12-16 18.22.06.png,ROI_49,54550.0,Statistical Outlier
2025-12-16 18.22.09.png,ROI_49,54550.0,Statistical Outlier
2025-12-16 18.22.12.png,ROI_49,54550.0,Statistical Outlier
2025-12-16 18.22.15.png,ROI_49,54550.0,Statistical Outlier
2025-12-16 18.22.18.png,ROI_49,54550.0,Statistical Outlier
2025-12-16 18.22.21.png,ROI_49,54550.0,Statistical Outlier
2025-12-16 18.22.24.png,ROI_49,54550.0,Statistical Outlier
2025-12-16 18.22.27.png,ROI_49,54550.0,Statistical Outlier
2025-12-16 18.22.30.png,ROI_49,54550.0,Statistical Outlier
2025-12-16 18.22.36.png,ROI_49,54550.0,Statistical Outlier
2025-12-16 18.22.38.png,ROI_49,54550.0,Statistical Outlier
2025-12-16 18.22.45.png,ROI_49,54550.0,Statistical Outlier
2025-12-16 18.22.49.png,ROI_49,54550.0,Statistical Outlier
2025-12-16 18.22.52.png,ROI_49,54550.0,Statistical Outlier
2025-12-16 18.22.58.png,ROI_49,54550.0,Statistical Outlier
2025-12-16 18.23.01.png,ROI_49,54550.0,Statistical Outlier
2025-12-16 18.23.07.png,ROI_49,54550.0,Statistical Outlier
2025-12-16 18.23.10.png,ROI_49,54550.0,Statistical Outlier
2025-12-16 18.23.12.png,ROI_49,54550.0,Statistical Outlier
2025-12-16 18.23.15.png,ROI_49,54550.0,Statistical Outlier
2025-12-16 18.23.26.png,ROI_49,54550.0,Statistical Outlier
